{"type":"Topology","bbox":[-71.15829070372922, 42.35314057442788, -71.06806574107273, 42.40049860005378],"transform":{"translate": [-71.15829070372922, 42.35314057442788], "scale": [9.023398605509788e-06, 4.736276190208718e-06]},"objects":{"CDD_SpecialPermitAreas":{"type":"GeometryCollection","geometries":[{"arcs": [[0, 1]], "type": "Polygon", "id": 131, "properties": {"MapLots": "168-21", "CaseType": "Planning Board Special Permit", "GlobalID": "{FDE00C4A-6EBF-4D80-B391-490622CC71B6}", "CaseStatus": "Built", "CaseID": "PB-067", "ShowOnWeb": 0, "created_date": "2025-09-17", "PolygonType": "Parcel", "last_edited_date": "2025-09-17"}},{"arcs": [[2]], "type": "Polygon", "id": 146, "properties": {"MapLots": "196-120", "CaseType": "Planning Board Special Permit", "GlobalID": "{EF2562D8-6E9D-4759-9B10-2BA261A714F9}", "CaseStatus": "Built", "ProjectName": "1-3 Hollis St", "CaseID": "PB-110", "ShowOnWeb": 0, "created_date": "2025-09-17", "PolygonType": "Parcel", "last_edited_date": "2025-09-17"}},{"arcs": [[3]], "type": "Polygon", "id": 203, "properties": {"MapLots": "134-1", "CaseType": "Planning Board Special Permit", "GlobalID": "{05E47D1E-A502-486B-B818-CCAD93C01927}", "CaseStatus": "Built", "ProjectName": "Inn at Harvard conversion", "CaseID": "PB-281", "ShowOnWeb": 0, "created_date": "2025-09-17", "PolygonType": "Parcel", "last_edited_date": "2025-09-17"}},{"arcs": [[4]], "type": "Polygon", "id": 260, "properties": {"MapLots": "39-161", "CaseType": "Planning Board Special Permit", "GlobalID": "{F723585A-3DD3-4DA1-AAE8-ED35491DF24B}", "CaseStatus": "Built", "ProjectName": "16 James Way", "CaseID": "PB-022", "ShowOnWeb": 1, "created_date": "2025-09-17", "PolygonType": "Parcel", "last_edited_date": "2025-09-17"}},{"arcs": [[5]], "type": "Polygon", "id": 27, "properties": {"MapLots": "268C-32", "CaseType": "Planning Board Special Permit", "GlobalID": "{14F5CAD9-A02D-40FB-BFCF-91F12561F12F}", "CaseStatus": "Expired", "ProjectName": "Aku Aku site", "CaseID": "PB-030", "ShowOnWeb": 0, "created_date": "2025-09-17", "PolygonType": "Parcel", "last_edited_date": "2025-09-17"}},{"arcs": [[[6, 7, 8, 9, 10]], [[11, 12]], [[13]], [[14]], [[15, 16, 17, 18]], [[19, 20, 21, 22, 23]], [[24]], [[25, 26]], [[27, 28]], [[29, 30]]], "type": "MultiPolygon", "id": 355, "properties": {"MapLots": "Numerous (~39)", "CaseType": "Planning Board Special Permit", "GlobalID": "{398CF0F9-5EC5-42F5-AE99-D885244275C3}", "CaseStatus": "Permitted", "ProjectName": "Healthpeak PUD", "CaseID": "PB-410", "ShowOnWeb": 1, "created_date": "2026-04-06", "PolygonType": "Parcel", "last_edited_date": "2026-10-05"}},{"arcs": [[31]], "type": "Polygon", "id": 132, "properties": {"MapLots": "165-53", "CaseType": "Planning Board Special Permit", "GlobalID": "{12B99378-CC56-40B8-9E12-FB4C95B656DE}", "CaseStatus": "Built", "ProjectName": "124 Mount Auburn", "CaseID": "PB-020", "ShowOnWeb": 0, "created_date": "2025-09-17", "PolygonType": "Parcel", "last_edited_date": "2025-09-17"}},{"arcs": [[32]], "type": "Polygon", "id": 145, "properties": {"MapLots": "144-1", "CaseType": "Planning Board Special Permit", "GlobalID": "{5D635D5E-85BF-440E-B4DA-C44F7D78D196}", "CaseStatus": "Built", "CaseID": "PB-204", "ShowOnWeb": 0, "created_date": "2025-09-17", "PolygonType": "Building", "last_edited_date": "2025-09-17"}},{"arcs": [[33]], "type": "Polygon", "id": 204, "properties": {"MapLots": "133-43", "CaseType": "Planning Board Special Permit", "GlobalID": "{5A005742-939C-41BB-A7C2-465593D19C78}", "CaseStatus": "Built", "ProjectName": "19-23 Arrow St", "CaseID": "PB-073", "ShowOnWeb": 0, "created_date": "2025-09-17", "PolygonType": "Parcel", "last_edited_date": "2025-09-17"}},{"arcs": [[34]], "type": "Polygon", "id": 259, "properties": {"MapLots": "70-85", "CaseType": "Planning Board Special Permit", "GlobalID": "{8B377DA0-70C8-4FCD-AB09-B67FB57D1D07}", "CaseStatus": "Built", "ProjectName": "Cambridge Brands", "CaseID": "PB-350", "ShowOnWeb": 1, "created_date": "2025-09-17", "PolygonType": "Parcel", "last_edited_date": "2025-09-17"}},{"arcs": [[35, 36]], "type": "Polygon", "id": 28, "properties": {"MapLots": "268B-16", "CaseType": "Planning Board Special Permit", "GlobalID": "{E6C625A3-CF1C-47BB-B2DB-BF93763D924B}", "CaseStatus": "Built", "CaseID": "PB-176", "ShowOnWeb": 0, "created_date": "2025-09-17", "PolygonType": "Parcel", "last_edited_date": "2025-09-17"}},{"arcs": [[37]], "type": "Polygon", "id": 356, "properties": {"MapLots": "21-121", "CaseType": "Planning Board Special Permit", "GlobalID": "{4E3B3926-405F-4869-AD6C-F4A4595C33DC}", "CaseStatus": "Under construction", "ProjectName": "8 Winter Street", "CaseID": "PB-411", "ShowOnWeb": 1, "created_date": "2026-08-14", "PolygonType": "Parcel", "last_edited_date": "2026-10-05"}},{"arcs": [[38, 39]], "type": "Polygon", "id": 133, "properties": {"MapLots": "160-69", "CaseType": "Planning Board Special Permit", "GlobalID": "{CDC3B461-4062-435A-BE3B-295AC0381B09}", "CaseStatus": "Built", "ProjectName": "Cambridge Savings Bank", "CaseID": "PB-130", "ShowOnWeb": 0, "created_date": "2025-09-17", "PolygonType": "Parcel", "last_edited_date": "2025-09-17"}},{"arcs": [[[40]], [[41]]], "type": "MultiPolygon", "id": 148, "properties": {"MapLots": "199-147", "CaseType": "Planning Board Special Permit", "GlobalID": "{BFA89BB4-0426-4F5E-9527-F32D110C12FA}", "CaseStatus": "Built", "ProjectName": "41-47 Cogswell Ave, 42 Cogswell Ave", "CaseID": "PB-015", "ShowOnWeb": 0, "created_date": "2025-09-17", "PolygonType": "Parcel", "last_edited_date": "2025-09-17"}},{"arcs": [[42]], "type": "Polygon", "id": 201, "properties": {"MapLots": "1A-172", "CaseType": "Planning Board Special Permit", "GlobalID": "{433EC587-A137-4F3C-A7E9-9634DB9A3787}", "CaseStatus": "Built", "ProjectName": "EF International", "CaseID": "PB-262", "ShowOnWeb": 0, "created_date": "2025-09-17", "PolygonType": "Parcel", "last_edited_date": "2025-09-17"}},{"arcs": [[43, 44, 45]], "type": "Polygon", "id": 25, "properties": {"MapLots": "265D-52", "CaseType": "Planning Board Special Permit", "GlobalID": "{0F57ECDA-368E-406B-8C46-6884B9B547AB}", "CaseStatus": "Built", "CaseID": "PB-154", "ShowOnWeb": 0, "created_date": "2025-09-17", "PolygonType": "Parcel", "last_edited_date": "2025-09-17"}},{"arcs": [[[46, 47]], [[48]], [[49, 50, 51]], [[52, 53, 54]]], "type": "MultiPolygon", "id": 310, "properties": {"MapLots": "10-16", "CaseType": "Planning Board Special Permit", "GlobalID": "{D99FD8F2-1844-48FC-A536-D373C2902E5B}", "CaseStatus": "Built", "ProjectName": "Bent Street Development", "CaseID": "PB-231A", "ShowOnWeb": 1, "created_date": "2025-09-17", "PolygonType": "Parcel", "last_edited_date": "2025-09-17"}},{"arcs": [[55]], "type": "Polygon", "id": 357, "properties": {"MapLots": "261-77, 261-85, 261-186", "CaseType": "Planning Board Special Permit", "GlobalID": "{071CA689-2A05-44EE-8938-F04502795FC6}", "CaseStatus": "Permitting", "ProjectName": "9 & 25 Birch Street & 30-36 Bay State Road", "CaseID": "PB-412", "ShowOnWeb": 1, "created_date": "2026-08-14", "PolygonType": "Parcel", "last_edited_date": "2026-08-14"}},{"arcs": [[56]], "type": "Polygon", "id": 100, "properties": {"MapLots": "176-53", "CaseType": "Planning Board Special Permit", "GlobalID": "{1CA9A83C-2811-4152-AB4F-917A7735F273}", "CaseStatus": "Built", "ProjectName": "3-5 Linnaean St", "CaseID": "PB-105", "ShowOnWeb": 0, "created_date": "2025-09-17", "PolygonType": "Parcel", "last_edited_date": "2025-09-17"}},{"arcs": [[57]], "type": "Polygon", "id": 134, "properties": {"MapLots": "165-57", "CaseType": "Planning Board Special Permit", "GlobalID": "{EA0A10A1-3C31-4645-BD5C-EAAFD0CF409E}", "CaseStatus": "Built", "ProjectName": "Conductor's Building", "CaseID": "PB-235", "ShowOnWeb": 0, "created_date": "2025-09-17", "PolygonType": "Parcel", "last_edited_date": "2025-09-17"}},{"arcs": [[58]], "type": "Polygon", "id": 147, "properties": {"MapLots": "199-158", "CaseType": "Planning Board Special Permit", "GlobalID": "{55B40405-5EC5-4C43-922E-0436394BC078}", "CaseStatus": "Built", "CaseID": "PB-040", "ShowOnWeb": 0, "created_date": "2025-09-17", "PolygonType": "Parcel", "last_edited_date": "2025-09-17"}},{"arcs": [[59]], "type": "Polygon", "id": 202, "properties": {"MapLots": "14-1038", "CaseType": "Planning Board Special Permit", "GlobalID": "{8969B4CF-9CD6-47B7-8FB8-3AC866733FA3}", "CaseStatus": "Built", "ProjectName": "Watermark Green Roof", "CaseID": "PB-275", "ShowOnWeb": 1, "created_date": "2025-09-17", "PolygonType": "Building", "last_edited_date": "2025-09-17"}},{"arcs": [[60]], "type": "Polygon", "id": 26, "properties": {"MapLots": "192-15", "CaseType": "Planning Board Special Permit", "GlobalID": "{08A78714-0DD8-42BE-BF64-B58681341E59}", "CaseStatus": "Built", "CaseID": "PB-155", "ShowOnWeb": 0, "created_date": "2025-09-17", "PolygonType": "Parcel", "last_edited_date": "2025-09-17"}},{"arcs": [[61, 62]], "type": "Polygon", "id": 309, "properties": {"MapLots": "90-161", "CaseType": "Planning Board Special Permit", "GlobalID": "{89A0ADB1-9D61-4EC3-98AD-4EEE49AD4F37}", "CaseStatus": "Built", "ProjectName": "Dunkin Donuts Formula Business", "CaseID": "PB-401", "ShowOnWeb": 1, "created_date": "2025-09-17", "PolygonType": "Parcel", "last_edited_date": "2025-09-17"}},{"arcs": [[63]], "type": "Polygon", "id": 99, "properties": {"MapLots": "153-14", "CaseType": "Planning Board Special Permit", "GlobalID": "{08DEC753-BBE8-4886-B770-ABEF9EA0E41D}", "CaseStatus": "Built", "CaseID": "PB-070", "ShowOnWeb": 0, "created_date": "2025-09-17", "PolygonType": "Parcel", "last_edited_date": "2025-09-17"}},{"arcs": [[64]], "type": "Polygon", "id": 135, "properties": {"MapLots": "162-74", "CaseType": "Planning Board Special Permit", "GlobalID": "{D8665233-0F44-43D0-94EE-B9EFBF1AA140}", "CaseStatus": "Built", "ProjectName": "Winthrop Square", "CaseID": "PB-120", "ShowOnWeb": 0, "created_date": "2025-09-17", "PolygonType": "Parcel", "last_edited_date": "2025-09-17"}},{"arcs": [[65]], "type": "Polygon", "id": 142, "properties": {"MapLots": "157-69", "CaseType": "Planning Board Special Permit", "GlobalID": "{6858DFA1-101C-432A-806A-66E50B7B8108}", "CaseStatus": "Built", "ProjectName": "LISE", "CaseID": "PB-191", "ShowOnWeb": 0, "created_date": "2025-09-17", "PolygonType": "Building", "last_edited_date": "2025-09-17"}},{"arcs": [[66, 67, 68, 69]], "type": "Polygon", "id": 179, "properties": {"MapLots": "8-86", "CaseType": "Planning Board Special Permit", "GlobalID": "{C2CE83BA-A042-4788-BDBB-C03EB319B792}", "CaseStatus": "Built", "ProjectName": "CambridgeSide Galleria", "CaseID": "PB-066", "ShowOnWeb": 0, "created_date": "2025-09-17", "PolygonType": "Parcel", "last_edited_date": "2025-09-17"}},{"arcs": [[70]], "type": "Polygon", "id": 207, "properties": {"MapLots": "134-50", "CaseType": "Planning Board Special Permit", "GlobalID": "{9623DFEB-D629-4D33-A00E-95213C40EF17}", "CaseStatus": "Built", "CaseID": "PB-248", "ShowOnWeb": 0, "created_date": "2025-09-17", "PolygonType": "Parcel", "last_edited_date": "2025-09-17"}},{"arcs": [[71, 43, 72, 73]], "type": "Polygon", "id": 23, "properties": {"MapLots": "265D-57", "CaseType": "Planning Board Special Permit", "GlobalID": "{1A8F1B43-38B7-4543-9877-DCABE7C8F097}", "CaseStatus": "Built", "ProjectName": "88 Cambridgepark Dr", "CaseID": "PB-292", "ShowOnWeb": 1, "created_date": "2025-09-17", "PolygonType": "Parcel", "last_edited_date": "2025-09-17"}},{"arcs": [[74]], "type": "Polygon", "id": 351, "properties": {"MapLots": "267.3-28", "CaseType": "Affordable Housing Overlay Design Review", "GlobalID": "{D0AEB512-753A-4E2A-81EC-0C9CD83EEE29}", "CaseStatus": "Under construction", "ProjectName": "87-101 Blanchard Road", "CaseID": "AHO-007", "ShowOnWeb": 1, "created_date": "2025-09-17", "PolygonType": "Parcel", "last_edited_date": "2026-06-24"}},{"arcs": [[75]], "type": "Polygon", "id": 136, "properties": {"MapLots": "165-55", "CaseType": "Planning Board Special Permit", "GlobalID": "{6C23BDB0-7094-41D5-A554-FBD203941C38}", "CaseStatus": "Built", "ProjectName": "Charles Square", "CaseID": "PB-012", "ShowOnWeb": 0, "created_date": "2025-09-17", "PolygonType": "Parcel", "last_edited_date": "2025-09-17"}},{"arcs": [[76]], "type": "Polygon", "id": 141, "properties": {"MapLots": "164-5", "CaseType": "Planning Board Special Permit", "GlobalID": "{1215D6ED-03EA-4A9C-94FD-5E879191D555}", "CaseStatus": "Built", "ProjectName": "Kennedy School of Government", "CaseID": "PB-293", "ShowOnWeb": 0, "created_date": "2025-09-17", "PolygonType": "Parcel", "last_edited_date": "2025-09-17"}},{"arcs": [[66, 77]], "type": "Polygon", "id": 180, "properties": {"MapLots": "9-41", "CaseType": "Planning Board Special Permit", "GlobalID": "{CEBC14EC-6A43-46CF-AC04-7B82795158FB}", "CaseStatus": "Built", "ProjectName": "Aspen Technology", "CaseID": "PB-035", "ShowOnWeb": 0, "created_date": "2025-09-17", "PolygonType": "Parcel", "last_edited_date": "2025-09-17"}},{"arcs": [[78]], "type": "Polygon", "id": 208, "properties": {"MapLots": "109-44", "CaseType": "Planning Board Special Permit", "GlobalID": "{E120A464-E7E1-488A-AE8E-9F5ADEA03798}", "CaseStatus": "Built", "ProjectName": "191 Prospect St", "CaseID": "PB-153", "ShowOnWeb": 0, "created_date": "2025-09-17", "PolygonType": "Parcel", "last_edited_date": "2025-09-17"}},{"arcs": [[79, 80, 81]], "type": "Polygon", "id": 24, "properties": {"MapLots": "265D-50", "CaseType": "Planning Board Special Permit", "GlobalID": "{4838A0E7-43FF-48DA-BB1D-FA7BDF25499A}", "CaseStatus": "Built", "CaseID": "PB-086", "ShowOnWeb": 0, "created_date": "2025-09-17", "PolygonType": "Parcel", "last_edited_date": "2025-09-17"}},{"arcs": [[82, 83]], "type": "Polygon", "id": 352, "properties": {"MapLots": "203B-66", "CaseType": "Affordable Housing Overlay Design Review", "GlobalID": "{7AC0491A-B20E-48AE-B7D4-AF06442BD414}", "CaseStatus": "Under construction", "ProjectName": "Walden Square II", "CaseID": "AHO-003", "ShowOnWeb": 1, "created_date": "2025-09-17", "PolygonType": "Parcel", "last_edited_date": "2026-08-14"}},{"arcs": [[84, 85]], "type": "Polygon", "id": 137, "properties": {"MapLots": "162-18", "CaseType": "Planning Board Special Permit", "GlobalID": "{2E9A9AAC-B692-4ACB-AADD-740C192AD8A9}", "CaseStatus": "Built", "ProjectName": "Restaurant", "CaseID": "PB-183", "ShowOnWeb": 0, "created_date": "2025-09-17", "PolygonType": "Parcel", "last_edited_date": "2025-09-17"}},{"arcs": [[86]], "type": "Polygon", "id": 144, "properties": {"MapLots": "138-2", "CaseType": "Planning Board Special Permit", "GlobalID": "{B21FF294-1D37-4992-A986-61B553E5EDC8}", "CaseStatus": "Built", "ProjectName": "Main Library", "CaseID": "PB-193", "ShowOnWeb": 0, "created_date": "2025-09-17", "PolygonType": "Building", "last_edited_date": "2025-09-17"}},{"arcs": [[87]], "type": "Polygon", "id": 205, "properties": {"MapLots": "134-7", "CaseType": "Planning Board Special Permit", "GlobalID": "{71CD02B9-D559-40CD-ABE2-15DA7FF4E69C}", "CaseStatus": "Built", "CaseID": "PB-228", "ShowOnWeb": 0, "created_date": "2025-09-17", "PolygonType": "Parcel", "last_edited_date": "2025-09-17"}},{"arcs": [[88]], "type": "Polygon", "id": 21, "properties": {"MapLots": "192-96", "CaseType": "Planning Board Special Permit", "GlobalID": "{34D52432-B5B1-44C0-AB48-6FACD9D85469}", "CaseStatus": "Denied", "CaseID": "PB-273", "ShowOnWeb": 0, "created_date": "2025-09-17", "PolygonType": "Parcel", "last_edited_date": "2025-09-17"}},{"arcs": [[89]], "type": "Polygon", "id": 353, "properties": {"MapLots": "273-47", "CaseType": "Affordable Housing Overlay Design Review", "GlobalID": "{1227E300-22B4-4D68-9997-2F0A2D6806A8}", "CaseStatus": "Built", "ProjectName": "52 New Street", "CaseID": "AHO-001", "ShowOnWeb": 1, "created_date": "2025-09-17", "PolygonType": "Parcel", "last_edited_date": "2026-10-05"}},{"arcs": [[90, 91]], "type": "Polygon", "id": 138, "properties": {"MapLots": "162-54", "CaseType": "Planning Board Special Permit", "GlobalID": "{9FE11022-FFF5-4465-B5AA-D5AB2C9BB0D5}", "CaseStatus": "Withdrawn", "ProjectName": "Crimson Galleria", "CaseID": "PB-289", "ShowOnWeb": 0, "created_date": "2025-09-17", "PolygonType": "Parcel", "last_edited_date": "2025-09-17"}},{"arcs": [[92]], "type": "Polygon", "id": 143, "properties": {"MapLots": "87-37", "CaseType": "Planning Board Special Permit", "GlobalID": "{0D63753F-501E-4D46-B459-CA8A0889BBE2}", "CaseStatus": "Withdrawn", "ProjectName": "KFC Site", "CaseID": "PB-263", "ShowOnWeb": 0, "created_date": "2025-09-17", "PolygonType": "Parcel", "last_edited_date": "2025-09-17"}},{"arcs": [[93]], "type": "Polygon", "id": 206, "properties": {"MapLots": "133-36", "CaseType": "Planning Board Special Permit", "GlobalID": "{2BAD2F28-4A9E-4CEA-B3FE-FF434DBDAE5A}", "CaseStatus": "Built", "ProjectName": "Theater", "CaseID": "PB-180", "ShowOnWeb": 0, "created_date": "2025-09-17", "PolygonType": "Parcel", "last_edited_date": "2025-09-17"}},{"arcs": [[94, 95]], "type": "Polygon", "id": 22, "properties": {"MapLots": "267.4-305", "CaseType": "Planning Board Special Permit", "GlobalID": "{0C72D14D-B200-4E80-B943-3AF4E325407E}", "CaseStatus": "Built", "CaseID": "PB-082", "ShowOnWeb": 0, "created_date": "2025-09-17", "PolygonType": "Parcel", "last_edited_date": "2025-09-17"}},{"arcs": [[96]], "type": "Polygon", "id": 354, "properties": {"MapLots": "175-37", "CaseType": "Planning Board Advisory Consultation", "GlobalID": "{157A35C3-A114-40A4-9D44-94A310A803EC}", "CaseStatus": "Under construction", "ProjectName": "1740 Massachusetts Ave", "CaseID": "PBAC-002", "ShowOnWeb": 1, "created_date": "2026-04-01", "PolygonType": "Parcel", "last_edited_date": "2026-08-14"}},{"arcs": [[97, 98]], "type": "Polygon", "id": 139, "properties": {"MapLots": "162-65", "CaseType": "Planning Board Special Permit", "GlobalID": "{EDB271DF-E316-460B-8403-4FA4D6428CDD}", "CaseStatus": "Built", "ProjectName": "12-18 Eliot St", "CaseID": "PB-087", "ShowOnWeb": 0, "created_date": "2025-09-17", "PolygonType": "Parcel", "last_edited_date": "2025-09-17"}},{"arcs": [[99]], "type": "Polygon", "id": 175, "properties": {"MapLots": "8-61", "CaseType": "Planning Board Special Permit", "GlobalID": "{9B6186C6-C296-489A-8DEF-A8274320FF29}", "CaseStatus": "Built", "ProjectName": "Grave's Landing", "CaseID": "PB-017", "ShowOnWeb": 0, "created_date": "2025-09-17", "PolygonType": "Parcel", "last_edited_date": "2025-09-17"}},{"arcs": [[100]], "type": "Polygon", "id": 252, "properties": {"MapLots": "193-15", "CaseType": "Planning Board Special Permit", "GlobalID": "{3E2947DF-F02A-4B26-B804-969AA7EDA96D}", "CaseStatus": "Built", "CaseID": "PB-344", "ShowOnWeb": 1, "created_date": "2025-09-17", "PolygonType": "Parcel", "last_edited_date": "2025-09-17"}},{"arcs": [[101]], "type": "Polygon", "id": 304, "properties": {"MapLots": "91-207", "CaseType": "Planning Board Special Permit", "GlobalID": "{98896A7C-5FC3-40F7-B373-C51BF37272F1}", "CaseStatus": "Built", "ProjectName": "Crumbl Cookies", "CaseID": "PB-395", "ShowOnWeb": 1, "created_date": "2025-09-17", "PolygonType": "Building", "last_edited_date": "2025-09-17"}},{"arcs": [[102]], "type": "Polygon", "id": 94, "properties": {"MapLots": "178-21", "CaseType": "Planning Board Special Permit", "GlobalID": "{AA26D299-72D8-4BEA-9752-A9086D0FBEC4}", "CaseStatus": "Built", "ProjectName": "KayaKa Hotel", "CaseID": "PB-237", "ShowOnWeb": 0, "created_date": "2025-09-17", "PolygonType": "Parcel", "last_edited_date": "2025-09-17"}},{"arcs": [[98, 103, -91, 104, 84, 105]], "type": "Polygon", "id": 140, "properties": {"MapLots": "162-26", "CaseType": "Planning Board Special Permit", "GlobalID": "{178EF28E-5F6E-4753-8E6A-0E3F29A5F5A0}", "CaseStatus": "Expired", "ProjectName": "Eliot Street Residential", "CaseID": "PB-300", "ShowOnWeb": 0, "created_date": "2025-09-17", "PolygonType": "Parcel", "last_edited_date": "2026-04-01"}},{"arcs": [[106]], "type": "Polygon", "id": 176, "properties": {"MapLots": "8-76", "CaseType": "Planning Board Special Permit", "GlobalID": "{184E3591-F127-4A9B-8A04-D7863077B940}", "CaseStatus": "Built", "CaseID": "PB-038", "ShowOnWeb": 0, "created_date": "2025-09-17", "PolygonType": "Parcel", "last_edited_date": "2025-09-17"}},{"arcs": [[107, 108]], "type": "Polygon", "id": 251, "properties": {"MapLots": "195-86", "CaseType": "Planning Board Special Permit", "GlobalID": "{BBA2B1B1-2342-41E2-984E-AEA82B49C8F8}", "CaseStatus": "Built", "CaseID": "PB-343", "ShowOnWeb": 1, "created_date": "2025-09-17", "PolygonType": "Parcel", "last_edited_date": "2025-09-17"}},{"arcs": [[109, 110]], "type": "Polygon", "id": 303, "properties": {"MapLots": "175-75", "CaseType": "Planning Board Special Permit", "GlobalID": "{83741C7F-F970-4477-8BFA-A7BD743893B4}", "CaseStatus": "Permitted", "ProjectName": "1730 Mass Ave", "CaseID": "PB-394", "ShowOnWeb": 1, "created_date": "2025-09-17", "PolygonType": "Parcel", "last_edited_date": "2025-09-17"}},{"arcs": [[111, 112]], "type": "Polygon", "id": 93, "properties": {"MapLots": "200-90", "CaseType": "Planning Board Special Permit", "GlobalID": "{E2261D00-C0CA-4925-92E6-91904A3EB06D}", "CaseStatus": "Built", "ProjectName": "2050 Mass Ave", "CaseID": "PB-019", "ShowOnWeb": 0, "created_date": "2025-09-17", "PolygonType": "Parcel", "last_edited_date": "2025-09-17"}},{"arcs": [[113]], "type": "Polygon", "id": 177, "properties": {"MapLots": "18-75", "CaseType": "Planning Board Special Permit", "GlobalID": "{4B59F286-824E-4EEC-AA95-5269233FC046}", "CaseStatus": "Built", "ProjectName": "East Cambridge Parking Garage", "CaseID": "PB-029", "ShowOnWeb": 0, "created_date": "2025-09-17", "PolygonType": "Parcel", "last_edited_date": "2025-09-17"}},{"arcs": [[114]], "type": "Polygon", "id": 209, "properties": {"MapLots": "121-113", "CaseType": "Planning Board Special Permit", "GlobalID": "{356598AF-B406-45B7-83E9-DDDC644860E0}", "CaseStatus": "Built", "ProjectName": "Cambridge College", "CaseID": "PB-023", "ShowOnWeb": 0, "created_date": "2025-09-17", "PolygonType": "Parcel", "last_edited_date": "2025-09-17"}},{"arcs": [[[115]], [[116]], [[117]], [[118]], [[119, 120]]], "type": "MultiPolygon", "id": 254, "properties": {"MapLots": "48-129", "CaseType": "Planning Board Special Permit", "GlobalID": "{19394E39-810F-405F-B2C1-51A98C7DBC2E}", "CaseStatus": "Under construction", "ProjectName": "MIT Kendall Square SoMa", "CaseID": "PB-303", "ShowOnWeb": 1, "created_date": "2025-09-17", "PolygonType": "Parcel", "last_edited_date": "2025-09-17"}},{"arcs": [[121]], "type": "Polygon", "id": 302, "properties": {"MapLots": "192-23", "CaseType": "Planning Board Special Permit", "GlobalID": "{DFA20994-8ADB-4924-B20C-AD37112CCEF6}", "CaseStatus": "Permitted", "CaseID": "PB-393", "ShowOnWeb": 1, "created_date": "2025-09-17", "PolygonType": "Parcel", "last_edited_date": "2025-09-17"}},{"arcs": [[122, 111]], "type": "Polygon", "id": 92, "properties": {"MapLots": "200-22", "CaseType": "Planning Board Special Permit", "GlobalID": "{434551B2-90A1-477C-8407-AC49CFB22E19}", "CaseStatus": "Built", "ProjectName": "Kentucky Fried Chicken", "CaseID": "PB-117", "ShowOnWeb": 0, "created_date": "2025-09-17", "PolygonType": "Parcel", "last_edited_date": "2025-09-17"}},{"arcs": [[123, 124]], "type": "Polygon", "id": 178, "properties": {"MapLots": "32-52", "CaseType": "Planning Board Special Permit", "GlobalID": "{782039E9-C5A5-4DF3-B198-996AE92AC1D3}", "CaseStatus": "Expired", "ProjectName": "135 Fulkerson", "CaseID": "PB-313", "ShowOnWeb": 0, "created_date": "2025-09-17", "PolygonType": "Parcel", "last_edited_date": "2025-09-17"}},{"arcs": [[125]], "type": "Polygon", "id": 210, "properties": {"MapLots": "132-157", "CaseType": "Planning Board Special Permit", "GlobalID": "{D05CB9E5-64E6-4BEE-AEE9-101F91BA40F4}", "CaseStatus": "Built", "ProjectName": "Harvard Housing/Cowperthwaite", "CaseID": "PB-199", "ShowOnWeb": 0, "created_date": "2025-09-17", "PolygonType": "Parcel", "last_edited_date": "2025-09-17"}},{"arcs": [[126]], "type": "Polygon", "id": 253, "properties": {"MapLots": "27-34", "CaseType": "Planning Board Special Permit", "GlobalID": "{F6BABBE9-C678-4EC0-8E8D-8A25627A246B}", "CaseStatus": "Denied", "ProjectName": "Native Sun Wellness", "CaseID": "PB-345", "ShowOnWeb": 0, "created_date": "2025-09-17", "PolygonType": "Parcel", "last_edited_date": "2025-09-17"}},{"arcs": [[[127]], [[128, 129]]], "type": "MultiPolygon", "id": 301, "properties": {"MapLots": "190-248", "CaseType": "Planning Board Special Permit", "GlobalID": "{F9034D6E-C703-4BBE-8375-C68E4C8C63B8}", "CaseStatus": "Built", "ProjectName": "Cornerstone Co Housing", "CaseID": "PB-134", "ShowOnWeb": 0, "created_date": "2025-09-17", "PolygonType": "Parcel", "last_edited_date": "2025-09-17"}},{"arcs": [[130]], "type": "Polygon", "id": 91, "properties": {"MapLots": "181-61", "CaseType": "Planning Board Special Permit", "GlobalID": "{B593307B-4D9B-4695-A99A-C82C8EDC6E82}", "CaseStatus": "Built", "CaseID": "PB-121", "ShowOnWeb": 0, "created_date": "2025-09-17", "PolygonType": "Parcel", "last_edited_date": "2025-09-17"}},{"arcs": [[131]], "type": "Polygon", "id": 150, "properties": {"MapLots": "202-90", "CaseType": "Planning Board Special Permit", "GlobalID": "{13D54F44-3322-414A-B566-E951489EC23C}", "CaseStatus": "Built", "ProjectName": "Oaktree Development", "CaseID": "PB-201", "ShowOnWeb": 0, "created_date": "2025-09-17", "PolygonType": "Parcel", "last_edited_date": "2025-09-17"}},{"arcs": [[132, 133]], "type": "Polygon", "id": 171, "properties": {"MapLots": "34-141", "CaseType": "Planning Board Special Permit", "GlobalID": "{21C431AB-A66C-435F-86B7-86E4E1E20E23}", "CaseStatus": "Built", "CaseID": "PB-046", "ShowOnWeb": 0, "created_date": "2025-09-17", "PolygonType": "Parcel", "last_edited_date": "2025-09-17"}},{"arcs": [[134]], "type": "Polygon", "id": 256, "properties": {"MapLots": "256-34", "CaseType": "Planning Board Special Permit", "GlobalID": "{BD72F0C7-B6C2-46FC-B764-F317EBB0D3CC}", "CaseStatus": "Built", "ProjectName": "23 May Street", "CaseID": "PB-346", "ShowOnWeb": 1, "created_date": "2025-09-17", "PolygonType": "Parcel", "last_edited_date": "2025-09-17"}},{"arcs": [[135]], "type": "Polygon", "id": 308, "properties": {"MapLots": "255-13", "CaseType": "Planning Board Special Permit", "GlobalID": "{C1020068-B034-491A-B4CD-731D83A122BF}", "CaseStatus": "Withdrawn", "CaseID": "PB-400", "ShowOnWeb": 0, "created_date": "2025-09-17", "PolygonType": "Parcel", "last_edited_date": "2025-09-17"}},{"arcs": [[136]], "type": "Polygon", "id": 98, "properties": {"MapLots": "153-85", "CaseType": "Planning Board Special Permit", "GlobalID": "{1D8A57F1-7145-4B8C-B2E9-A465CFF74CAA}", "CaseStatus": "Built", "ProjectName": "Lesley University/AIB", "CaseID": "PB-253", "ShowOnWeb": 0, "created_date": "2025-09-17", "PolygonType": "Parcel", "last_edited_date": "2025-09-17"}},{"arcs": [[137]], "type": "Polygon", "id": 149, "properties": {"MapLots": "202-131", "CaseType": "Planning Board Special Permit", "GlobalID": "{E7D35CA7-EF92-41CE-9ACC-19A883AF3C00}", "CaseStatus": "Built", "ProjectName": "Cambridge Cohousing", "CaseID": "PB-119", "ShowOnWeb": 0, "created_date": "2025-09-17", "PolygonType": "Parcel", "last_edited_date": "2025-09-17"}},{"arcs": [[138]], "type": "Polygon", "id": 172, "properties": {"MapLots": "1A-109", "CaseType": "Planning Board Special Permit", "GlobalID": "{360E56A0-8B7C-410A-8A08-888EC271864E}", "CaseStatus": "Built", "CaseID": "PB-085", "ShowOnWeb": 0, "created_date": "2025-09-17", "PolygonType": "Parcel", "last_edited_date": "2025-09-17"}},{"arcs": [[90, 91]], "type": "Polygon", "id": 255, "properties": {"MapLots": "162-54", "CaseType": "Planning Board Special Permit", "GlobalID": "{EE2E0A58-30C3-45E6-85B8-9C2F05F3267B}", "CaseStatus": "Expired", "ProjectName": "Crimson Galleria", "CaseID": "PB-296", "ShowOnWeb": 0, "created_date": "2025-09-17", "PolygonType": "Parcel", "last_edited_date": "2026-04-01"}},{"arcs": [[24]], "type": "Polygon", "id": 307, "properties": {"MapLots": "267.4-247", "CaseType": "Planning Board Special Permit", "GlobalID": "{2CCE43A9-57C5-4731-8DE9-F4163EA041AC}", "CaseStatus": "Withdrawn", "ProjectName": "Strain Statoin LLC", "CaseID": "PB-399", "ShowOnWeb": 0, "created_date": "2025-09-17", "PolygonType": "Parcel", "last_edited_date": "2025-09-17"}},{"arcs": [[139]], "type": "Polygon", "id": 97, "properties": {"MapLots": "177-34", "CaseType": "Planning Board Special Permit", "GlobalID": "{59D93E07-3147-40F8-A75D-F1094012517B}", "CaseStatus": "Withdrawn", "ProjectName": "Gourmet Express", "CaseID": "PB-287", "ShowOnWeb": 0, "created_date": "2025-09-17", "PolygonType": "Parcel", "last_edited_date": "2025-09-17"}},{"arcs": [[140]], "type": "Polygon", "id": 173, "properties": {"MapLots": "18-47", "CaseType": "Planning Board Special Permit", "GlobalID": "{5A51E7B0-414D-4AD1-AB9D-F27F53392E01}", "CaseStatus": "Built", "ProjectName": "One First Street", "CaseID": "PB-192", "ShowOnWeb": 0, "created_date": "2025-09-17", "PolygonType": "Parcel", "last_edited_date": "2025-09-17"}},{"arcs": [[141, 142]], "type": "Polygon", "id": 258, "properties": {"MapLots": "106-103", "CaseType": "Planning Board Special Permit", "GlobalID": "{D897CC88-DEE4-49B4-B758-6F59E23AE593}", "CaseStatus": "Built", "ProjectName": "580 Mass. Ave.", "CaseID": "PB-348", "ShowOnWeb": 1, "created_date": "2025-09-17", "PolygonType": "Parcel", "last_edited_date": "2025-09-17"}},{"arcs": [[-37, 143, 144, 145]], "type": "Polygon", "id": 29, "properties": {"MapLots": "268A-40", "CaseType": "Planning Board Special Permit", "GlobalID": "{32FA8CBD-4533-4640-B1E6-6CF7ED022E57}", "CaseStatus": "Built", "ProjectName": "Brickworks", "CaseID": "PB-186", "ShowOnWeb": 0, "created_date": "2025-09-17", "PolygonType": "Parcel", "last_edited_date": "2025-09-17"}},{"arcs": [[146, 147]], "type": "Polygon", "id": 306, "properties": {"MapLots": "181-65", "CaseType": "Planning Board Special Permit", "GlobalID": "{2F74DE9F-D9D2-47A3-AAF8-0257F4E7AAB0}", "CaseStatus": "Under construction", "ProjectName": "2161 Massachusetts Avenue", "CaseID": "PB-397", "ShowOnWeb": 1, "created_date": "2025-09-17", "PolygonType": "Parcel", "last_edited_date": "2025-09-17"}},{"arcs": [[148, 149]], "type": "Polygon", "id": 96, "properties": {"MapLots": "178-52", "CaseType": "Planning Board Special Permit", "GlobalID": "{4D87B48C-3180-455B-A49E-B8656F678CAE}", "CaseStatus": "Built", "ProjectName": "1-11 Richdale Ave", "CaseID": "PB-005", "ShowOnWeb": 0, "created_date": "2025-09-17", "PolygonType": "Parcel", "last_edited_date": "2025-09-17"}},{"arcs": [[150]], "type": "Polygon", "id": 174, "properties": {"MapLots": "8-75", "CaseType": "Planning Board Special Permit", "GlobalID": "{903A3F91-FD49-4B2D-961C-27F1A38747FD}", "CaseStatus": "Built", "ProjectName": "Two Canal Park", "CaseID": "PB-125", "ShowOnWeb": 0, "created_date": "2025-09-17", "PolygonType": "Parcel", "last_edited_date": "2025-09-17"}},{"arcs": [[151, 152]], "type": "Polygon", "id": 257, "properties": {"MapLots": "254-24", "CaseType": "Planning Board Special Permit", "GlobalID": "{BDDA15E1-AFDE-4286-848B-997A5509E984}", "CaseStatus": "Built", "ProjectName": "112 Holworthy Street", "CaseID": "PB-347", "ShowOnWeb": 1, "created_date": "2025-09-17", "PolygonType": "Parcel", "last_edited_date": "2025-09-17"}},{"arcs": [[153]], "type": "Polygon", "id": 30, "properties": {"MapLots": "195-169", "CaseType": "Planning Board Special Permit", "GlobalID": "{3CB05547-801F-4504-A413-8BB1D01B095D}", "CaseStatus": "Built", "ProjectName": "St. John's School/Convent", "CaseID": "PB-203", "ShowOnWeb": 0, "created_date": "2025-09-17", "PolygonType": "Parcel", "last_edited_date": "2025-09-17"}},{"arcs": [[154]], "type": "Polygon", "id": 305, "properties": {"MapLots": "91-180", "CaseType": "Planning Board Special Permit", "GlobalID": "{881AE8A7-3D66-42DF-8E48-9D711163569E}", "CaseStatus": "Withdrawn", "ProjectName": "48-50 Bishop Allen Drive", "CaseID": "PB-396", "ShowOnWeb": 0, "created_date": "2025-09-17", "PolygonType": "Parcel", "last_edited_date": "2025-09-17"}},{"arcs": [[155, -149]], "type": "Polygon", "id": 95, "properties": {"MapLots": "178-122", "CaseType": "Planning Board Special Permit", "GlobalID": "{E048F5D4-8F54-4E14-9E93-A3A3DFC8E820}", "CaseStatus": "Built", "ProjectName": "Hathaway Building", "CaseID": "PB-284", "ShowOnWeb": 0, "created_date": "2025-09-17", "PolygonType": "Parcel", "last_edited_date": "2025-09-17"}},{"arcs": [[[156]], [[157]]], "type": "MultiPolygon", "id": 110, "properties": {"MapLots": "137-42", "CaseType": "Planning Board Special Permit", "GlobalID": "{EE813927-6855-48BD-8FA3-F9DFAC96EF71}", "CaseStatus": "Built", "ProjectName": "CGIS", "CaseID": "PB-171", "ShowOnWeb": 0, "created_date": "2025-09-17", "PolygonType": "Building", "last_edited_date": "2025-09-17"}},{"arcs": [[158]], "type": "Polygon", "id": 14, "properties": {"MapLots": "183-47", "CaseType": "Planning Board Special Permit", "GlobalID": "{83943B06-D1D3-494D-8AA0-20C25BEEA59B}", "CaseStatus": "Built", "CaseID": "PB-049", "ShowOnWeb": 0, "created_date": "2025-09-17", "PolygonType": "Parcel", "last_edited_date": "2025-09-17"}},{"arcs": [[159]], "type": "Polygon", "id": 153, "properties": {"MapLots": "156-26", "CaseType": "Planning Board Special Permit", "GlobalID": "{F5147843-2C16-495B-B059-D459241E773B}", "CaseStatus": "Built", "ProjectName": "Harvard Law School", "CaseID": "PB-220", "ShowOnWeb": 0, "created_date": "2025-09-17", "PolygonType": "Parcel", "last_edited_date": "2025-09-17"}},{"arcs": [[160]], "type": "Polygon", "id": 247, "properties": {"MapLots": "91-102", "CaseType": "Planning Board Special Permit", "GlobalID": "{7D0B5E6A-2933-4C97-8EB4-25F5B6FC720A}", "CaseStatus": "Built", "ProjectName": "Mass + Main", "CaseID": "PB-321", "ShowOnWeb": 1, "created_date": "2025-09-17", "PolygonType": "Parcel", "last_edited_date": "2025-09-17"}},{"arcs": [[161, 162, 163, -74]], "type": "Polygon", "id": 319, "properties": {"MapLots": "267.4-320", "CaseType": "Planning Board Special Permit", "GlobalID": "{957D2FF1-CFFC-4DDD-BA83-D8A1480F81E7}", "CaseStatus": "Built", "ProjectName": "130 Cambridgepark Dr", "CaseID": "PB-279", "ShowOnWeb": 0, "created_date": "2025-09-17", "PolygonType": "Parcel", "last_edited_date": "2025-09-17"}},{"arcs": [[164]], "type": "Polygon", "id": 322, "properties": {"MapLots": "106-122", "CaseType": "Planning Board Special Permit", "GlobalID": "{12151A65-CAD7-4A5D-A902-AF40898963FE}", "CaseStatus": "Built", "ProjectName": "Manning Apartments", "CaseID": "PB-305", "ShowOnWeb": 0, "created_date": "2025-09-17", "PolygonType": "Parcel", "last_edited_date": "2025-09-17"}},{"arcs": [[165]], "type": "Polygon", "id": 89, "properties": {"MapLots": "181-88", "CaseType": "Planning Board Special Permit", "GlobalID": "{E15DD536-C25C-4C9E-8AAF-4D9832D41186}", "CaseStatus": "Built", "ProjectName": "Henderson Carriage", "CaseID": "PB-025", "ShowOnWeb": 0, "created_date": "2025-09-17", "PolygonType": "Parcel", "last_edited_date": "2025-09-17"}},{"arcs": [[166]], "type": "Polygon", "id": 109, "properties": {"MapLots": "161-2", "CaseType": "Planning Board Special Permit", "GlobalID": "{156C7FC2-2C12-42DD-8E37-7BDB8C13CA0F}", "CaseStatus": "Built", "CaseID": "PB-063", "ShowOnWeb": 0, "created_date": "2025-09-17", "PolygonType": "Parcel", "last_edited_date": "2025-09-17"}},{"arcs": [[167]], "type": "Polygon", "id": 13, "properties": {"MapLots": "190-21", "CaseType": "Planning Board Special Permit", "GlobalID": "{9C01BA75-3EA9-49DF-B10B-0954C3540C30}", "CaseStatus": "Built", "CaseID": "PB-071", "ShowOnWeb": 0, "created_date": "2025-09-17", "PolygonType": "Parcel", "last_edited_date": "2025-09-17"}},{"arcs": [[168]], "type": "Polygon", "id": 154, "properties": {"MapLots": "173-67", "CaseType": "Planning Board Special Permit", "GlobalID": "{74FA9766-CDCC-44E7-A977-56A4A15F4956}", "CaseStatus": "Built", "ProjectName": "1-3 Langdon St", "CaseID": "PB-290", "ShowOnWeb": 0, "created_date": "2025-09-17", "PolygonType": "Parcel", "last_edited_date": "2025-09-17"}},{"arcs": [[169]], "type": "Polygon", "id": 248, "properties": {"MapLots": "106-105", "CaseType": "Planning Board Special Permit", "GlobalID": "{341BD9F7-E276-4AAA-BD7E-6B702CE238A9}", "CaseStatus": "Built", "ProjectName": "Amazon Formula Business", "CaseID": "PB-340", "ShowOnWeb": 1, "created_date": "2025-09-17", "PolygonType": "Parcel", "last_edited_date": "2025-09-17"}},{"arcs": [[170, 171]], "type": "Polygon", "id": 320, "properties": {"MapLots": "39-173", "CaseType": "Planning Board Special Permit", "GlobalID": "{B933DBAF-A4CF-4B3F-B61C-E49A2AD2E09D}", "CaseStatus": "Built", "ProjectName": "399 Binney St", "CaseID": "PB-310", "ShowOnWeb": 0, "created_date": "2025-09-17", "PolygonType": "Parcel", "last_edited_date": "2025-09-17"}},{"arcs": [[172]], "type": "Polygon", "id": 321, "properties": {"MapLots": "19-22", "CaseType": "Planning Board Special Permit", "GlobalID": "{AF4F975A-CCE0-42E2-81CC-AEB7A91C0A3C}", "CaseStatus": "Built", "ProjectName": "Courthouse", "CaseID": "PB-288", "ShowOnWeb": 1, "created_date": "2025-09-17", "PolygonType": "Parcel", "last_edited_date": "2025-09-17"}},{"arcs": [[173]], "type": "Polygon", "id": 90, "properties": {"MapLots": "181-80", "CaseType": "Planning Board Special Permit", "GlobalID": "{3A8737B2-431F-4583-91F1-B210B1C2CD55}", "CaseStatus": "Built", "ProjectName": "Hess Gas Station", "CaseID": "PB-210", "ShowOnWeb": 0, "created_date": "2025-09-17", "PolygonType": "Parcel", "last_edited_date": "2025-09-17"}},{"arcs": [[174, 175]], "type": "Polygon", "id": 12, "properties": {"MapLots": "190-244", "CaseType": "Planning Board Special Permit", "GlobalID": "{B46E973B-F560-41D9-8FE8-362281A2B2D1}", "CaseStatus": "Built", "ProjectName": "95 Harvey Street", "CaseID": "PB-208", "ShowOnWeb": 0, "created_date": "2025-09-17", "PolygonType": "Parcel", "last_edited_date": "2025-09-17"}},{"arcs": [[176]], "type": "Polygon", "id": 122, "properties": {"MapLots": "73-124", "CaseType": "Planning Board Special Permit", "GlobalID": "{9DEA0871-45AC-43FB-8466-B30064C704E3}", "CaseStatus": "Built", "ProjectName": "Washington Elms", "CaseID": "PB-021", "ShowOnWeb": 0, "created_date": "2025-09-17", "PolygonType": "Parcel", "last_edited_date": "2025-09-17"}},{"arcs": [[177]], "type": "Polygon", "id": 151, "properties": {"MapLots": "201-112", "CaseType": "Planning Board Special Permit", "GlobalID": "{4F82179D-266E-43A8-A1A2-ACB9B642DB10}", "CaseStatus": "Built", "ProjectName": "Payne Elevator Building", "CaseID": "PB-104", "ShowOnWeb": 0, "created_date": "2025-09-17", "PolygonType": "Parcel", "last_edited_date": "2025-09-17"}},{"arcs": [[68, 178]], "type": "Polygon", "id": 184, "properties": {"MapLots": "11-144", "CaseType": "Planning Board Special Permit", "GlobalID": "{2575BF32-C77D-4FDC-A64C-4D75B17E4E1F}", "CaseStatus": "Built", "ProjectName": "NE Corner/Lotus", "CaseID": "PB-065", "ShowOnWeb": 0, "created_date": "2025-09-17", "PolygonType": "Parcel", "last_edited_date": "2025-09-17"}},{"arcs": [[179, 180]], "type": "Polygon", "id": 218, "properties": {"MapLots": "127-132", "CaseType": "Planning Board Special Permit", "GlobalID": "{3AEFC8BE-C514-4E7F-94E6-105AB5C824A0}", "CaseStatus": "Built", "ProjectName": "Townhouse", "CaseID": "PB-233", "ShowOnWeb": 0, "created_date": "2025-09-17", "PolygonType": "Parcel", "last_edited_date": "2025-09-17"}},{"arcs": [[181, 182]], "type": "Polygon", "id": 263, "properties": {"MapLots": "273-35", "CaseType": "Planning Board Special Permit", "GlobalID": "{890422F6-F9C3-48A2-9E4D-1431150325D7}", "CaseStatus": "Permitted", "ProjectName": "51 New Street", "CaseID": "PB-353", "ShowOnWeb": 1, "created_date": "2025-09-17", "PolygonType": "Parcel", "last_edited_date": "2025-09-17"}},{"arcs": [[183]], "type": "Polygon", "id": 3, "properties": {"MapLots": "189-8", "CaseType": "Planning Board Special Permit", "GlobalID": "{B0504EDB-E1F6-4C30-8758-1BEB292CF25A}", "CaseStatus": "Built", "CaseID": "PB-266", "ShowOnWeb": 0, "created_date": "2025-09-17", "PolygonType": "Parcel", "last_edited_date": "2025-09-17"}},{"arcs": [[[184]], [[185]]], "type": "MultiPolygon", "id": 346, "properties": {"MapLots": "255-100, 256-106", "CaseType": "Affordable Housing Overlay Design Review", "GlobalID": "{BF8054E0-B7B8-4FB6-9A18-7815D8A3B13D}", "CaseStatus": "Reviewed", "ProjectName": "Corcoran Park", "CaseID": "AHO-010", "ShowOnWeb": 1, "created_date": "2026-04-01", "PolygonType": "Parcel", "last_edited_date": "2026-04-06"}},{"arcs": [[186]], "type": "Polygon", "id": 61, "properties": {"MapLots": "266-34", "CaseType": "Planning Board Special Permit", "GlobalID": "{D9B47AC6-353F-4338-8140-94FAC8E709BD}", "CaseStatus": "Built", "ProjectName": "Water Treatment Plant", "CaseID": "PB-128", "ShowOnWeb": 0, "created_date": "2025-09-17", "PolygonType": "Building", "last_edited_date": "2025-09-17"}},{"arcs": [[-82, -81, 187, -162, -73, 44, 188]], "type": "Polygon", "id": 245, "properties": {"MapLots": "265D-50", "CaseType": "Planning Board Special Permit", "GlobalID": "{44909FEA-E550-464E-BAE7-4858295C4E6F}", "CaseStatus": "Built", "ProjectName": "50 Cambridgepark Dr", "CaseID": "PB-338", "ShowOnWeb": 1, "created_date": "2025-09-17", "PolygonType": "Parcel", "last_edited_date": "2025-09-17"}},{"arcs": [[189, 25]], "type": "Polygon", "id": 289, "properties": {"MapLots": "267.4-307", "CaseType": "Planning Board Special Permit", "GlobalID": "{127E2D07-773D-4E33-AC3A-88EED8F9C436}", "CaseStatus": "Built", "CaseID": "PB-382", "ShowOnWeb": 1, "created_date": "2025-09-17", "PolygonType": "Parcel", "last_edited_date": "2025-09-17"}},{"arcs": [[190]], "type": "Polygon", "id": 324, "properties": {"MapLots": "1A-78", "CaseType": "Planning Board Special Permit", "GlobalID": "{53295BC2-ED4C-41FA-BE88-65099155A467}", "CaseStatus": "Built", "ProjectName": "EF III", "CaseID": "PB-328", "ShowOnWeb": 0, "created_date": "2025-09-17", "PolygonType": "Parcel", "last_edited_date": "2025-09-17"}},{"arcs": [[191, 192, 193, 194]], "type": "Polygon", "id": 11, "properties": {"MapLots": "189-100", "CaseType": "Planning Board Special Permit", "GlobalID": "{01D838FB-92C4-472B-9E35-337B0AF67F78}", "CaseStatus": "Withdrawn", "CaseID": "PB-131", "ShowOnWeb": 0, "created_date": "2025-09-17", "PolygonType": "Parcel", "last_edited_date": "2025-09-17"}},{"arcs": [[195]], "type": "Polygon", "id": 121, "properties": {"MapLots": "42-97", "CaseType": "Planning Board Special Permit", "GlobalID": "{BA9B2B67-4123-4115-832D-E1CC7CC4B711}", "CaseStatus": "Built", "CaseID": "PB-156", "ShowOnWeb": 0, "created_date": "2025-09-17", "PolygonType": "Parcel", "last_edited_date": "2025-09-17"}},{"arcs": [[82, 196]], "type": "Polygon", "id": 152, "properties": {"MapLots": "204-147", "CaseType": "Planning Board Special Permit", "GlobalID": "{386C9F88-5665-4441-9B07-3EFE05DE8959}", "CaseStatus": "Built", "ProjectName": "Lincoln Way", "CaseID": "PB-244", "ShowOnWeb": 0, "created_date": "2025-09-17", "PolygonType": "Parcel", "last_edited_date": "2025-09-17"}},{"arcs": [[197]], "type": "Polygon", "id": 183, "properties": {"MapLots": "27-25", "CaseType": "Planning Board Special Permit", "GlobalID": "{4F3CA2E5-AA4C-4EAA-B22A-771FBB90FD57}", "CaseStatus": "Built", "CaseID": "PB-249", "ShowOnWeb": 0, "created_date": "2025-09-17", "PolygonType": "Parcel", "last_edited_date": "2025-09-17"}},{"arcs": [[198]], "type": "Polygon", "id": 217, "properties": {"MapLots": "126-131", "CaseType": "Planning Board Special Permit", "GlobalID": "{42E911E4-0FFA-439A-BD7C-C8E869502818}", "CaseStatus": "Built", "CaseID": "PB-271", "ShowOnWeb": 0, "created_date": "2025-09-17", "PolygonType": "Parcel", "last_edited_date": "2025-09-17"}},{"arcs": [[199]], "type": "Polygon", "id": 246, "properties": {"MapLots": "90-155", "CaseType": "Planning Board Special Permit", "GlobalID": "{654BF8A2-85D6-4D60-A66D-DE01100F2BAD}", "CaseStatus": "Built", "ProjectName": "541 Massachusetts Ave", "CaseID": "PB-339", "ShowOnWeb": 1, "created_date": "2025-09-17", "PolygonType": "Building", "last_edited_date": "2025-09-17"}},{"arcs": [[200, 201]], "type": "Polygon", "id": 290, "properties": {"MapLots": "181-207", "CaseType": "Planning Board Special Permit", "GlobalID": "{D29562C9-27E9-4BEB-9463-B13CD3D991BA}", "CaseStatus": "Built", "ProjectName": "St. James Project", "CaseID": "PB-241", "ShowOnWeb": 1, "created_date": "2025-09-17", "PolygonType": "Parcel", "last_edited_date": "2025-09-17"}},{"arcs": [[[202, 203]], [[204, 205]]], "type": "MultiPolygon", "id": 4, "properties": {"MapLots": "189-102", "CaseType": "Planning Board Special Permit", "GlobalID": "{E0620A23-AE88-4265-9346-6505C8441B54}", "CaseStatus": "Built", "CaseID": "PB-267", "ShowOnWeb": 0, "created_date": "2025-09-17", "PolygonType": "Parcel", "last_edited_date": "2025-09-17"}},{"arcs": [[206]], "type": "Polygon", "id": 62, "properties": {"MapLots": "52A-21", "CaseType": "Planning Board Special Permit", "GlobalID": "{F811799F-AA2C-47FD-A920-1A4DDC1BCBC7}", "CaseStatus": "Built", "ProjectName": "Stata Center", "CaseID": "PB-158", "ShowOnWeb": 0, "created_date": "2025-09-17", "PolygonType": "Building", "last_edited_date": "2025-09-17"}},{"arcs": [[207, 208, 209, 210]], "type": "Polygon", "id": 264, "properties": {"MapLots": "267.4-291", "CaseType": "Planning Board Special Permit", "GlobalID": "{3DEF6713-5266-4BB9-869E-E2B7AA9AF04D}", "CaseStatus": "Built", "CaseID": "PB-354", "ShowOnWeb": 1, "created_date": "2025-09-17", "PolygonType": "Parcel", "last_edited_date": "2025-09-17"}},{"arcs": [[84, 85]], "type": "Polygon", "id": 323, "properties": {"MapLots": "162-18", "CaseType": "Planning Board Special Permit", "GlobalID": "{8DA19A51-3A50-4547-B3E8-ADE562331B3C}", "CaseStatus": "Built", "CaseID": "PB-325", "ShowOnWeb": 0, "created_date": "2025-09-17", "PolygonType": "Parcel", "last_edited_date": "2025-09-17"}},{"arcs": [[122, 111]], "type": "Polygon", "id": 345, "properties": {"MapLots": "200-22", "CaseType": "Affordable Housing Overlay Design Review", "GlobalID": "{766A7100-0D7B-40B6-9BFF-445734A790B0}", "CaseStatus": "Reviewed", "ProjectName": "2072 Massachusetts Ave", "CaseID": "AHO-009", "ShowOnWeb": 1, "created_date": "2026-04-01", "PolygonType": "Parcel", "last_edited_date": "2026-04-06"}},{"arcs": [[211, -1]], "type": "Polygon", "id": 128, "properties": {"MapLots": "168-22", "CaseType": "Planning Board Special Permit", "GlobalID": "{116F64CB-7167-4A4A-AABD-40C5DE86E6CA}", "CaseStatus": "Built", "ProjectName": "Harvard Square Post Office", "CaseID": "PB-164", "ShowOnWeb": 0, "created_date": "2025-09-17", "PolygonType": "Parcel", "last_edited_date": "2025-09-17"}},{"arcs": [[212]], "type": "Polygon", "id": 157, "properties": {"MapLots": "157-69", "CaseType": "Planning Board Special Permit", "GlobalID": "{41064466-7CC3-423E-AE95-6378C7F9C9D9}", "CaseStatus": "Built", "ProjectName": "Harvard Law School", "CaseID": "PB-221", "ShowOnWeb": 0, "created_date": "2025-09-17", "PolygonType": "Building", "last_edited_date": "2025-09-17"}},{"arcs": [[213]], "type": "Polygon", "id": 18, "properties": {"MapLots": "269-18", "CaseType": "Planning Board Special Permit", "GlobalID": "{9A584C0E-7000-4671-BAE0-ABBB22E56F1D}", "CaseStatus": "Built", "CaseID": "PB-268", "ShowOnWeb": 0, "created_date": "2025-09-17", "PolygonType": "Parcel", "last_edited_date": "2025-09-17"}},{"arcs": [[214]], "type": "Polygon", "id": 186, "properties": {"MapLots": "28-33", "CaseType": "Planning Board Special Permit", "GlobalID": "{F63F6197-245D-48D5-B828-64759DCA97B5}", "CaseStatus": "Built", "ProjectName": "Worthington Place", "CaseID": "PB-118", "ShowOnWeb": 0, "created_date": "2025-09-17", "PolygonType": "Parcel", "last_edited_date": "2025-09-17"}},{"arcs": [[[215]], [[216]]], "type": "MultiPolygon", "id": 212, "properties": {"MapLots": "130-168", "CaseType": "Planning Board Special Permit", "GlobalID": "{9E726036-381F-4313-BBC1-1581AEB29879}", "CaseStatus": "Built", "ProjectName": "Harvard Housing/Memorial Drive", "CaseID": "PB-200", "ShowOnWeb": 0, "created_date": "2025-09-17", "PolygonType": "Parcel", "last_edited_date": "2025-09-17"}},{"arcs": [[217]], "type": "Polygon", "id": 229, "properties": {"MapLots": "91-23", "CaseType": "Planning Board Special Permit", "GlobalID": "{0135D63E-E6B3-41DB-AD98-069228EE4268}", "CaseStatus": "Built", "ProjectName": "Twining", "CaseID": "PB-320", "ShowOnWeb": 1, "created_date": "2025-09-17", "PolygonType": "Parcel", "last_edited_date": "2025-09-17"}},{"arcs": [[218]], "type": "Polygon", "id": 243, "properties": {"MapLots": "160-57", "CaseType": "Planning Board Special Permit", "GlobalID": "{FE8E6A84-8442-4BA4-A1F8-F9B94A6CCA9B}", "CaseStatus": "Built", "ProjectName": "Abbott Building", "CaseID": "PB-334", "ShowOnWeb": 1, "created_date": "2025-09-17", "PolygonType": "Parcel", "last_edited_date": "2025-09-17"}},{"arcs": [[219]], "type": "Polygon", "id": 265, "properties": {"MapLots": "174-27", "CaseType": "Planning Board Special Permit", "GlobalID": "{AA23503B-90C5-4D3F-9306-26382D3D6C2F}", "CaseStatus": "Built", "ProjectName": "Budega, Inc.", "CaseID": "PB-355", "ShowOnWeb": 1, "created_date": "2025-09-17", "PolygonType": "Parcel", "last_edited_date": "2025-09-17"}},{"arcs": [[220]], "type": "Polygon", "id": 5, "properties": {"MapLots": "189-72", "CaseType": "Planning Board Special Permit", "GlobalID": "{79222078-2C9F-4E91-94DD-D3C9D1CF4F20}", "CaseStatus": "Built", "ProjectName": "2472 - 2482 Mass Ave", "CaseID": "PB-195", "ShowOnWeb": 0, "created_date": "2025-09-17", "PolygonType": "Parcel", "last_edited_date": "2025-09-17"}},{"arcs": [[221]], "type": "Polygon", "id": 67, "properties": {"MapLots": "93-135", "CaseType": "Planning Board Special Permit", "GlobalID": "{9D2745F3-F39F-445B-9AE9-85F649EE3E17}", "CaseStatus": "Built", "ProjectName": "Manray Site", "CaseID": "PB-202", "ShowOnWeb": 0, "created_date": "2025-09-17", "PolygonType": "Parcel", "last_edited_date": "2025-09-17"}},{"arcs": [[222]], "type": "Polygon", "id": 326, "properties": {"MapLots": "191-51", "CaseType": "Planning Board Special Permit", "GlobalID": "{69C3510E-3618-49F9-8E11-BFED368CB045}", "CaseStatus": "Built", "ProjectName": "47 Dudley Street", "CaseID": "PB-335", "ShowOnWeb": 0, "created_date": "2025-09-17", "PolygonType": "Parcel", "last_edited_date": "2025-09-17"}},{"arcs": [[223]], "type": "Polygon", "id": 344, "properties": {"MapLots": "156-33, 156-83", "CaseType": "Affordable Housing Overlay Design Review", "GlobalID": "{B6333CBC-A3B2-4F09-B1D0-F7ECE381F12D}", "CaseStatus": "Reviewed", "ProjectName": "28-30 Wendell Street", "CaseID": "AHO-008", "ShowOnWeb": 1, "created_date": "2026-04-01", "PolygonType": "Parcel", "last_edited_date": "2026-04-01"}},{"arcs": [[224]], "type": "Polygon", "id": 127, "properties": {"MapLots": "168-64", "CaseType": "Planning Board Special Permit", "GlobalID": "{CD111C27-9D84-40DA-BA64-DBC58A819853}", "CaseStatus": "Built", "ProjectName": "One Story", "CaseID": "PB-259", "ShowOnWeb": 0, "created_date": "2025-09-17", "PolygonType": "Parcel", "last_edited_date": "2025-09-17"}},{"arcs": [[225, 226]], "type": "Polygon", "id": 158, "properties": {"MapLots": "41-26", "CaseType": "Planning Board Special Permit", "GlobalID": "{C490E475-2B39-49CF-8CFE-37B116EF8B7C}", "CaseStatus": "Built", "ProjectName": "Draper Expansion", "CaseID": "PB-182", "ShowOnWeb": 0, "created_date": "2025-09-17", "PolygonType": "Parcel", "last_edited_date": "2025-09-17"}},{"arcs": [[227]], "type": "Polygon", "id": 17, "properties": {"MapLots": "192-151", "CaseType": "Planning Board Special Permit", "GlobalID": "{4D215963-14A7-4B7C-9C79-CEA3789791BC}", "CaseStatus": "Built", "CaseID": "PB-252", "ShowOnWeb": 0, "created_date": "2025-09-17", "PolygonType": "Parcel", "last_edited_date": "2025-09-17"}},{"arcs": [[228]], "type": "Polygon", "id": 185, "properties": {"MapLots": "31-13", "CaseType": "Planning Board Special Permit", "GlobalID": "{CC913319-CA56-4BC7-8060-297DFE8F7FB2}", "CaseStatus": "Built", "ProjectName": "320Bent/301 Binney", "CaseID": "PB-174", "ShowOnWeb": 0, "created_date": "2025-09-17", "PolygonType": "Parcel", "last_edited_date": "2025-09-17"}},{"arcs": [[229]], "type": "Polygon", "id": 211, "properties": {"MapLots": "122-199", "CaseType": "Planning Board Special Permit", "GlobalID": "{D53055AA-8253-4575-8565-C11334E04D38}", "CaseStatus": "Built", "ProjectName": "King School", "CaseID": "PB-277", "ShowOnWeb": 0, "created_date": "2025-09-17", "PolygonType": "Parcel", "last_edited_date": "2025-09-17"}},{"arcs": [[230]], "type": "Polygon", "id": 230, "properties": {"MapLots": "81-20", "CaseType": "Planning Board Special Permit", "GlobalID": "{0BAF05CB-D3CE-481E-B8E2-ED9A7066C9EB}", "CaseStatus": "Built", "CaseID": "PB-316", "ShowOnWeb": 1, "created_date": "2025-09-17", "PolygonType": "Parcel", "last_edited_date": "2025-09-17"}},{"arcs": [[231, 232, 233, 234]], "type": "Polygon", "id": 6, "properties": {"MapLots": "269-132", "CaseType": "Planning Board Special Permit", "GlobalID": "{72D43A7D-224D-4A4F-82F6-22BDA8E96240}", "CaseStatus": "Built", "CaseID": "PB-043", "ShowOnWeb": 0, "created_date": "2025-09-17", "PolygonType": "Parcel", "last_edited_date": "2025-09-17"}},{"arcs": [[235]], "type": "Polygon", "id": 68, "properties": {"MapLots": "69-102", "CaseType": "Planning Board Special Permit", "GlobalID": "{91C333CB-C864-496C-B9D5-EF0D9A25E984}", "CaseStatus": "Built", "ProjectName": "Forest City", "CaseID": "PB-283", "ShowOnWeb": 0, "created_date": "2025-09-17", "PolygonType": "Parcel", "last_edited_date": "2025-09-17"}},{"arcs": [[236]], "type": "Polygon", "id": 244, "properties": {"MapLots": "79-5", "CaseType": "Planning Board Special Permit", "GlobalID": "{0F95C9B6-7768-4247-82A6-D0AACE839600}", "CaseStatus": "Built", "ProjectName": "178 Elm St", "CaseID": "PB-337", "ShowOnWeb": 1, "created_date": "2025-09-17", "PolygonType": "Parcel", "last_edited_date": "2025-09-17"}},{"arcs": [[237]], "type": "Polygon", "id": 266, "properties": {"MapLots": "80-51", "CaseType": "Planning Board Special Permit", "GlobalID": "{469FBD43-B912-4116-8FF5-BF0584E44845}", "CaseStatus": "Built", "ProjectName": "Advesa MA, Inc.", "CaseID": "PB-357", "ShowOnWeb": 1, "created_date": "2025-09-17", "PolygonType": "Parcel", "last_edited_date": "2025-09-17"}},{"arcs": [[238, 8, 239, 240, 241]], "type": "Polygon", "id": 325, "properties": {"MapLots": "267F-286", "CaseType": "Planning Board Special Permit", "GlobalID": "{34B49F0B-970D-41AD-9A72-63740008D895}", "CaseStatus": "Built", "ProjectName": "55 Wheeler St", "CaseID": "PB-330", "ShowOnWeb": 1, "created_date": "2025-09-17", "PolygonType": "Parcel", "last_edited_date": "2025-09-17"}},{"arcs": [[242]], "type": "Polygon", "id": 343, "properties": {"MapLots": "89-28", "CaseType": "Affordable Housing Overlay Design Review", "GlobalID": "{22584CFF-4A18-4ED3-AE1D-0FB81A9A4256}", "CaseStatus": "Under construction", "ProjectName": "116 Norfolk Street", "CaseID": "AHO-005", "ShowOnWeb": 1, "created_date": "2025-09-17", "PolygonType": "Parcel", "last_edited_date": "2025-09-17"}},{"arcs": [[243]], "type": "Polygon", "id": 126, "properties": {"MapLots": "169-85", "CaseType": "Planning Board Special Permit", "GlobalID": "{71D4DB98-3F3C-4115-A65F-3ADB3EC61D7F}", "CaseStatus": "Built", "ProjectName": "59-63 Church St", "CaseID": "PB-057", "ShowOnWeb": 0, "created_date": "2025-09-17", "PolygonType": "Parcel", "last_edited_date": "2025-09-17"}},{"arcs": [[244]], "type": "Polygon", "id": 155, "properties": {"MapLots": "172-61", "CaseType": "Planning Board Special Permit", "GlobalID": "{8F77672C-E00C-4134-B530-61CFB55469D9}", "CaseStatus": "Built", "ProjectName": "18-26 Chauncy St", "CaseID": "PB-311", "ShowOnWeb": 1, "created_date": "2025-09-17", "PolygonType": "Parcel", "last_edited_date": "2025-09-17"}},{"arcs": [[245, 246]], "type": "Polygon", "id": 16, "properties": {"MapLots": "267.4-176", "CaseType": "Planning Board Special Permit", "GlobalID": "{58924D8A-297D-4CBD-A322-38D2D683C4D0}", "CaseStatus": "Built", "CaseID": "PB-272", "ShowOnWeb": 0, "created_date": "2025-09-17", "PolygonType": "Parcel", "last_edited_date": "2025-09-17"}},{"arcs": [[247]], "type": "Polygon", "id": 170, "properties": {"MapLots": "23-90", "CaseType": "Planning Board Special Permit", "GlobalID": "{235EC032-F999-49FB-85F0-7C79F7DE5242}", "CaseStatus": "Built", "CaseID": "PB-106", "ShowOnWeb": 0, "created_date": "2025-09-17", "PolygonType": "Parcel", "last_edited_date": "2025-09-17"}},{"arcs": [[248]], "type": "Polygon", "id": 188, "properties": {"MapLots": "11-43", "CaseType": "Planning Board Special Permit", "GlobalID": "{CAEFB629-4B74-4581-80BB-9FE27EC4C7FC}", "CaseStatus": "Built", "ProjectName": "Rivercourt", "CaseID": "PB-055", "ShowOnWeb": 0, "created_date": "2025-09-17", "PolygonType": "Parcel", "last_edited_date": "2025-09-17"}},{"arcs": [[249]], "type": "Polygon", "id": 199, "properties": {"MapLots": "31-21", "CaseType": "Planning Board Special Permit", "GlobalID": "{DC3E69E2-1983-4709-BAC0-990A714DEAA2}", "CaseStatus": "Built", "CaseID": "PB-162", "ShowOnWeb": 0, "created_date": "2025-09-17", "PolygonType": "Parcel", "last_edited_date": "2025-09-17"}},{"arcs": [[169]], "type": "Polygon", "id": 214, "properties": {"MapLots": "106-105", "CaseType": "Planning Board Special Permit", "GlobalID": "{8FE04FFD-0DFB-434C-85A2-A3632AFE284F}", "CaseStatus": "Built", "ProjectName": "Holmes Trust", "CaseID": "PB-133", "ShowOnWeb": 0, "created_date": "2025-09-17", "PolygonType": "Parcel", "last_edited_date": "2025-09-17"}},{"arcs": [[250]], "type": "Polygon", "id": 65, "properties": {"MapLots": "92-89", "CaseType": "Planning Board Special Permit", "GlobalID": "{7229A130-1195-4DC9-8E7C-39BD63E2A0FF}", "CaseStatus": "Built", "ProjectName": "Central Square Theatre", "CaseID": "PB-217", "ShowOnWeb": 0, "created_date": "2025-09-17", "PolygonType": "Parcel", "last_edited_date": "2025-09-17"}},{"arcs": [[251, 252, 253]], "type": "Polygon", "id": 7, "properties": {"MapLots": "267.2-230", "CaseType": "Planning Board Special Permit", "GlobalID": "{3839981B-5F64-4AAA-A032-EE5C2AFADCAC}", "CaseStatus": "Built", "ProjectName": "Discovery Park", "CaseID": "PB-198", "ShowOnWeb": 1, "created_date": "2025-09-17", "PolygonType": "Parcel", "last_edited_date": "2025-09-17"}},{"arcs": [[254]], "type": "Polygon", "id": 241, "properties": {"MapLots": "83-7", "CaseType": "Planning Board Special Permit", "GlobalID": "{7A02110F-94DB-4829-8881-EFE57E842442}", "CaseStatus": "Built", "ProjectName": "Commonweath Alternative Care", "CaseID": "PB-331", "ShowOnWeb": 1, "created_date": "2025-09-17", "PolygonType": "Parcel", "last_edited_date": "2025-09-17"}},{"arcs": [[255, 256]], "type": "Polygon", "id": 267, "properties": {"MapLots": "42-5", "CaseType": "Planning Board Special Permit", "GlobalID": "{9CDC7755-7C78-4A51-AD3D-81F0DCAE34D1}", "CaseStatus": "Permitted", "CaseID": "PB-358", "ShowOnWeb": 1, "created_date": "2025-09-17", "PolygonType": "Parcel", "last_edited_date": "2025-09-17"}},{"arcs": [[257, 246, 258, 208]], "type": "Polygon", "id": 328, "properties": {"MapLots": "267.4-291", "CaseType": "Planning Board Special Permit", "GlobalID": "{E9DF8E51-51BE-46E1-BFF7-441577211D9E}", "CaseStatus": "Built", "ProjectName": "125 Cambridgepark Dr restaurant", "CaseID": "PB-026", "ShowOnWeb": 0, "created_date": "2025-09-17", "PolygonType": "Parcel", "last_edited_date": "2025-09-17"}},{"arcs": [[259]], "type": "Polygon", "id": 339, "properties": {"MapLots": "69-159", "CaseType": "Planning Board Special Permit", "GlobalID": "{B132A5E3-6823-4588-89FD-780CD722E490}", "CaseStatus": "Permitted", "CaseID": "PB-409", "ShowOnWeb": 1, "created_date": "2025-09-17", "PolygonType": "Parcel", "last_edited_date": "2025-09-17"}},{"arcs": [[260]], "type": "Polygon", "id": 342, "properties": {"MapLots": "34-16, 34-111", "CaseType": "Affordable Housing Overlay Design Review", "GlobalID": "{7AEDEC96-0E4C-42FA-82AC-191168CB5977}", "CaseStatus": "Reviewed", "ProjectName": "49 6th Street", "CaseID": "AHO-004", "ShowOnWeb": 1, "created_date": "2025-09-17", "PolygonType": "Parcel", "last_edited_date": "2026-04-01"}},{"arcs": [[261, -130, 262, -175]], "type": "Polygon", "id": 60, "properties": {"MapLots": "190-270", "CaseType": "Planning Board Special Permit", "GlobalID": "{7CBD2541-4185-451A-A458-C44A3172D9B0}", "CaseStatus": "Built", "ProjectName": "Young Investments", "CaseID": "PB-258", "ShowOnWeb": 0, "created_date": "2025-09-17", "PolygonType": "Parcel", "last_edited_date": "2025-09-17"}},{"arcs": [[263]], "type": "Polygon", "id": 125, "properties": {"MapLots": "53-61", "CaseType": "Planning Board Special Permit", "GlobalID": "{FCBDF073-AD60-4AE6-AB7F-F180E2C532AF}", "CaseStatus": "Built", "ProjectName": "MIT Brain & Cognitive Center", "CaseID": "PB-181", "ShowOnWeb": 0, "created_date": "2025-09-17", "PolygonType": "Building", "last_edited_date": "2025-09-17"}},{"arcs": [[264]], "type": "Polygon", "id": 156, "properties": {"MapLots": "215-60", "CaseType": "Planning Board Special Permit", "GlobalID": "{036B7064-F251-48DF-B6DA-945CD776F3F0}", "CaseStatus": "Built", "ProjectName": "17-23 Concord Ave", "CaseID": "PB-101", "ShowOnWeb": 0, "created_date": "2025-09-17", "PolygonType": "Parcel", "last_edited_date": "2025-09-17"}},{"arcs": [[265]], "type": "Polygon", "id": 169, "properties": {"MapLots": "21-18", "CaseType": "Planning Board Special Permit", "GlobalID": "{3C57F4BA-8BFD-4502-9753-B01B9704C2F5}", "CaseStatus": "Built", "CaseID": "PB-218", "ShowOnWeb": 0, "created_date": "2025-09-17", "PolygonType": "Parcel", "last_edited_date": "2025-09-17"}},{"arcs": [[266, 267]], "type": "Polygon", "id": 187, "properties": {"MapLots": "11-40", "CaseType": "Planning Board Special Permit", "GlobalID": "{385A5532-13AE-475E-93F1-6CE54ECAEBCA}", "CaseStatus": "Built", "ProjectName": "43-57 Cambridge Parkway", "CaseID": "PB-013", "ShowOnWeb": 0, "created_date": "2025-09-17", "PolygonType": "Parcel", "last_edited_date": "2025-09-17"}},{"arcs": [[268, 269, 270, 271]], "type": "Polygon", "id": 200, "properties": {"MapLots": "1A-86", "CaseType": "Planning Board Special Permit", "GlobalID": "{998064E1-9BF2-45D3-9D37-F17AC8BCA09A}", "CaseStatus": "Built", "ProjectName": "Smith Residential", "CaseID": "PB-175", "ShowOnWeb": 1, "created_date": "2025-09-17", "PolygonType": "Parcel", "last_edited_date": "2025-09-17"}},{"arcs": [[272]], "type": "Polygon", "id": 213, "properties": {"MapLots": "105-61", "CaseType": "Planning Board Special Permit", "GlobalID": "{D8F602DF-7517-4C50-96B7-BD19A507BD60}", "CaseStatus": "Built", "ProjectName": "Old Police Station", "CaseID": "PB-260", "ShowOnWeb": 0, "created_date": "2025-09-17", "PolygonType": "Parcel", "last_edited_date": "2025-09-17"}},{"arcs": [[273]], "type": "Polygon", "id": 242, "properties": {"MapLots": "110-12", "CaseType": "Planning Board Special Permit", "GlobalID": "{0478185E-3F08-4420-8FFE-A68E3A146268}", "CaseStatus": "Built", "CaseID": "PB-333", "ShowOnWeb": 1, "created_date": "2025-09-17", "PolygonType": "Parcel", "last_edited_date": "2025-09-17"}},{"arcs": [[274]], "type": "Polygon", "id": 268, "properties": {"MapLots": "252-158", "CaseType": "Planning Board Special Permit", "GlobalID": "{42F50D24-8A01-48DE-BBAC-6809004CE1AF}", "CaseStatus": "Built", "ProjectName": "The KG Collective", "CaseID": "PB-360", "ShowOnWeb": 1, "created_date": "2025-09-17", "PolygonType": "Parcel", "last_edited_date": "2025-09-17"}},{"arcs": [[275]], "type": "Polygon", "id": 327, "properties": {"MapLots": "81-102", "CaseType": "Planning Board Special Permit", "GlobalID": "{C6C1EBED-75FD-49AA-A72A-343B65C540D9}", "CaseStatus": "Built", "ProjectName": "1043-1059 Cambridge Street", "CaseID": "PB-336", "ShowOnWeb": 1, "created_date": "2025-09-17", "PolygonType": "Parcel", "last_edited_date": "2025-09-17"}},{"arcs": [[276]], "type": "Polygon", "id": 66, "properties": {"MapLots": "91-66", "CaseType": "Planning Board Special Permit", "GlobalID": "{E3081822-56E1-4630-BAF8-E7F6D786FB8D}", "CaseStatus": "Built", "ProjectName": "La Groceria", "CaseID": "PB-177", "ShowOnWeb": 0, "created_date": "2025-09-17", "PolygonType": "Parcel", "last_edited_date": "2025-09-17"}},{"arcs": [[-205, 277, 278, 279, 191, 280, -203, 281]], "type": "Polygon", "id": 8, "properties": {"MapLots": "189-104", "CaseType": "Planning Board Special Permit", "GlobalID": "{8CA3CF36-D7DF-4857-96FD-09B02BB4BB4D}", "CaseStatus": "Built", "ProjectName": "Tyler Green", "CaseID": "PB-276", "ShowOnWeb": 0, "created_date": "2025-09-17", "PolygonType": "Parcel", "last_edited_date": "2025-09-17"}},{"arcs": [[207, 208, 282, 283, 284, 210]], "type": "Polygon", "id": 15, "properties": {"MapLots": "267.4-291", "CaseType": "Planning Board Special Permit", "GlobalID": "{10B5C072-4F5D-4447-9794-84797EB3D84B}", "CaseStatus": "Built", "CaseID": "PB-026", "ShowOnWeb": 0, "created_date": "2025-09-17", "PolygonType": "Parcel", "last_edited_date": "2025-09-17"}},{"arcs": [[144, 285]], "type": "Polygon", "id": 340, "properties": {"MapLots": "268A-53", "CaseType": "Affordable Housing Overlay Design Review", "GlobalID": "{53EFCA47-8387-4D62-AF57-D4B54434AF97}", "CaseStatus": "Under construction", "ProjectName": "Jefferson Park - Federal", "CaseID": "AHO-002", "ShowOnWeb": 1, "created_date": "2025-09-17", "PolygonType": "Parcel", "last_edited_date": "2025-09-17"}},{"arcs": [[286]], "type": "Polygon", "id": 341, "properties": {"MapLots": "157-1", "CaseType": "Affordable Housing Overlay Design Review", "GlobalID": "{2FA2E5E9-AAE3-45E4-A490-CDF99F620B2B}", "CaseStatus": "Reviewed", "ProjectName": "4 Mellen St / 1627 Mass. Ave.", "CaseID": "AHO-006", "ShowOnWeb": 1, "created_date": "2025-09-17", "PolygonType": "Parcel", "last_edited_date": "2026-04-01"}},{"arcs": [[287, 288]], "type": "Polygon", "id": 59, "properties": {"MapLots": "246A-59", "CaseType": "Planning Board Special Permit", "GlobalID": "{9751E4C3-2FB4-4889-BA33-B444E72F6A0E}", "CaseStatus": "Built", "ProjectName": "Brattle Circle", "CaseID": "PB-264", "ShowOnWeb": 0, "created_date": "2025-09-17", "PolygonType": "Parcel", "last_edited_date": "2025-09-17"}},{"arcs": [[289]], "type": "Polygon", "id": 102, "properties": {"MapLots": "156-66", "CaseType": "Planning Board Special Permit", "GlobalID": "{7C2F4713-53B2-4138-97EC-35CFCE10466D}", "CaseStatus": "Built", "ProjectName": "Wendell Terrace", "CaseID": "PB-280", "ShowOnWeb": 0, "created_date": "2025-09-17", "PolygonType": "Parcel", "last_edited_date": "2025-09-17"}},{"arcs": [[[290]], [[291, 292, 293, 294]], [[295, 296, 297, 298, 299, -270, 300]]], "type": "MultiPolygon", "id": 168, "properties": {"MapLots": "1A-30", "CaseType": "Planning Board Special Permit", "GlobalID": "{E0C6E55B-C94A-4AF6-B876-CFFC506F1365}", "CaseStatus": "Built", "ProjectName": "Cambridge Crossing", "CaseID": "PB-179", "ShowOnWeb": 1, "created_date": "2025-09-17", "PolygonType": "Parcel", "last_edited_date": "2025-09-17"}},{"arcs": [[301]], "type": "Polygon", "id": 190, "properties": {"MapLots": "29-34", "CaseType": "Planning Board Special Permit", "GlobalID": "{04845ECF-E3C1-4C14-8CB7-81175EE020D2}", "CaseStatus": "Built", "ProjectName": "Extell Housing", "CaseID": "PB-189", "ShowOnWeb": 0, "created_date": "2025-09-17", "PolygonType": "Parcel", "last_edited_date": "2025-09-17"}},{"arcs": [[302, 303]], "type": "Polygon", "id": 197, "properties": {"MapLots": "27-97", "CaseType": "Planning Board Special Permit", "GlobalID": "{AD6831A6-9A14-4FFC-BE8B-1B2DBE86DB2E}", "CaseStatus": "Built", "ProjectName": "Equity Development", "CaseID": "PB-301", "ShowOnWeb": 1, "created_date": "2025-09-17", "PolygonType": "Parcel", "last_edited_date": "2025-09-17"}},{"arcs": [[304, 21, 305, 306, 19]], "type": "Polygon", "id": 32, "properties": {"MapLots": "267F-284", "CaseType": "Planning Board Special Permit", "GlobalID": "{CA3E66AD-FEFF-4978-AC28-0412AA751C68}", "CaseStatus": "Built", "ProjectName": "95 Fawcett St", "CaseID": "PB-309", "ShowOnWeb": 1, "created_date": "2025-09-17", "PolygonType": "Parcel", "last_edited_date": "2025-09-17"}},{"arcs": [[307, 308, 251, 309, 310]], "type": "Polygon", "id": 58, "properties": {"MapLots": "267.1-275", "CaseType": "Planning Board Special Permit", "GlobalID": "{60675478-1304-4DAB-9285-85BAAE6445C9}", "CaseStatus": "Built", "CaseID": "PB-083", "ShowOnWeb": 0, "created_date": "2025-09-17", "PolygonType": "Parcel", "last_edited_date": "2025-09-17"}},{"arcs": [[311]], "type": "Polygon", "id": 81, "properties": {"MapLots": "66-152", "CaseType": "Planning Board Special Permit", "GlobalID": "{21BDA610-BF1F-401C-84A5-1920A60B3738}", "CaseStatus": "Built", "CaseID": "PB-278", "ShowOnWeb": 0, "created_date": "2025-09-17", "PolygonType": "Parcel", "last_edited_date": "2025-09-17"}},{"arcs": [[312]], "type": "Polygon", "id": 9, "properties": {"MapLots": "184-106", "CaseType": "Planning Board Special Permit", "GlobalID": "{C3C56A13-A7C6-4CAB-800D-167FADB42ADF}", "CaseStatus": "Built", "ProjectName": "Rounder Records", "CaseID": "PB-239", "ShowOnWeb": 0, "created_date": "2025-09-17", "PolygonType": "Parcel", "last_edited_date": "2025-09-17"}},{"arcs": [[313]], "type": "Polygon", "id": 225, "properties": {"MapLots": "200-56", "CaseType": "Planning Board Special Permit", "GlobalID": "{5B06C3F1-B758-4B65-ABB8-38FBB9F9746A}", "CaseStatus": "Built", "ProjectName": "55 Regent Street", "CaseID": "PB-318", "ShowOnWeb": 1, "created_date": "2025-09-17", "PolygonType": "Parcel", "last_edited_date": "2025-09-17"}},{"arcs": [[314]], "type": "Polygon", "id": 269, "properties": {"MapLots": "107-8", "CaseType": "Planning Board Special Permit", "GlobalID": "{1A52E744-E01D-4E52-9DFD-7DA089BB5572}", "CaseStatus": "Under construction", "ProjectName": "Gas Light Buildings", "CaseID": "PB-361", "ShowOnWeb": 1, "created_date": "2025-09-17", "PolygonType": "Parcel", "last_edited_date": "2025-09-17"}},{"arcs": [[315, 316]], "type": "Polygon", "id": 283, "properties": {"MapLots": "90-194", "CaseType": "Planning Board Special Permit", "GlobalID": "{6AA29047-EB41-4BB5-BC95-BA484D07D5B4}", "CaseStatus": "Built", "CaseID": "PB-285", "ShowOnWeb": 1, "created_date": "2025-09-17", "PolygonType": "Parcel", "last_edited_date": "2025-09-17"}},{"arcs": [[317]], "type": "Polygon", "id": 311, "properties": {"MapLots": "152-52", "CaseType": "Planning Board Special Permit", "GlobalID": "{4641247A-EA42-4530-9D4D-3C2A589B564D}", "CaseStatus": "Permitted", "CaseID": "PB-402", "ShowOnWeb": 1, "created_date": "2025-09-17", "PolygonType": "Parcel", "last_edited_date": "2025-09-17"}},{"arcs": [[-28, 318]], "type": "Polygon", "id": 330, "properties": {"MapLots": "267.3-267", "CaseType": "Planning Board Special Permit", "GlobalID": "{D7E897F4-680A-4B31-AFEE-843659A8D6AE}", "CaseStatus": "Built", "CaseID": "PB-359", "ShowOnWeb": 1, "created_date": "2025-09-17", "PolygonType": "Parcel", "last_edited_date": "2025-09-17"}},{"arcs": [[319, -17]], "type": "Polygon", "id": 337, "properties": {"MapLots": "267D-300", "CaseType": "Planning Board Special Permit", "GlobalID": "{00A03E4E-5621-4684-B12C-B452595E83BB}", "CaseStatus": "Permitted", "ProjectName": "745 Concord Ave", "CaseID": "PB-407", "ShowOnWeb": 1, "created_date": "2025-09-17", "PolygonType": "Parcel", "last_edited_date": "2025-09-17"}},{"arcs": [[320, 110]], "type": "Polygon", "id": 101, "properties": {"MapLots": "175-75", "CaseType": "Planning Board Special Permit", "GlobalID": "{C53FAD9C-15E5-4ACE-896B-1FA28823F29B}", "CaseStatus": "Withdrawn", "ProjectName": "1718-1720 Massachusetts Ave", "CaseID": "PB-304", "ShowOnWeb": 0, "created_date": "2025-09-17", "PolygonType": "Parcel", "last_edited_date": "2025-09-17"}},{"arcs": [[321]], "type": "Polygon", "id": 167, "properties": {"MapLots": "35-53", "CaseType": "Planning Board Special Permit", "GlobalID": "{9F2A0958-DB9B-4E68-AFAA-F3A32A76E8EF}", "CaseStatus": "Expired", "CaseID": "PB-245", "ShowOnWeb": 0, "created_date": "2025-09-17", "PolygonType": "Parcel", "last_edited_date": "2025-09-17"}},{"arcs": [[322, 10, 323, 324]], "type": "Polygon", "id": 226, "properties": {"MapLots": "267F-299", "CaseType": "Planning Board Special Permit", "GlobalID": "{6395E650-F1F3-496B-9A8F-E95691878C39}", "CaseStatus": "Under construction", "ProjectName": "Concord/Wheeler Phase 2", "CaseID": "PB-319", "ShowOnWeb": 1, "created_date": "2025-09-17", "PolygonType": "Parcel", "last_edited_date": "2025-09-17"}},{"arcs": [[325, 7, -239]], "type": "Polygon", "id": 31, "properties": {"MapLots": "267F-392", "CaseType": "Planning Board Special Permit", "GlobalID": "{67888CDC-58CF-4C1D-8BCC-6FD5680E6DE3}", "CaseStatus": "Built", "CaseID": "PB-255", "ShowOnWeb": 0, "created_date": "2025-09-17", "PolygonType": "Parcel", "last_edited_date": "2025-09-17"}},{"arcs": [[326, 327, 328, 329, 330, 331, 332, 333, 334, 335, 336, 337, 338, 339, 340, 341, 342, 343]], "type": "Polygon", "id": 338, "properties": {"MapLots": "269-138", "CaseType": "Planning Board Special Permit", "GlobalID": "{A1D2A53E-3FBB-4C39-A86F-7E354A2ABC48}", "CaseStatus": "Under construction", "ProjectName": "Jerry's Pond Improvements", "CaseID": "PB-408", "ShowOnWeb": 1, "created_date": "2025-09-17", "PolygonType": "Parcel", "last_edited_date": "2026-04-06"}},{"arcs": [[344]], "type": "Polygon", "id": 57, "properties": {"MapLots": "193-147", "CaseType": "Planning Board Special Permit", "GlobalID": "{1663226F-FC24-48C7-95C6-7F768A17FB56}", "CaseStatus": "Built", "CaseID": "PB-132", "ShowOnWeb": 0, "created_date": "2025-09-17", "PolygonType": "Parcel", "last_edited_date": "2025-09-17"}},{"arcs": [[345]], "type": "Polygon", "id": 82, "properties": {"MapLots": "96-131", "CaseType": "Planning Board Special Permit", "GlobalID": "{810C80D8-85C9-4C78-A2E1-83407AD3E1D7}", "CaseStatus": "Built", "ProjectName": "585-589 Putnam Ave", "CaseID": "PB-014", "ShowOnWeb": 0, "created_date": "2025-09-17", "PolygonType": "Parcel", "last_edited_date": "2025-09-17"}},{"arcs": [[346]], "type": "Polygon", "id": 10, "properties": {"MapLots": "183-114", "CaseType": "Planning Board Special Permit", "GlobalID": "{3E2B24C7-E895-4F86-B96A-D81E62478B25}", "CaseStatus": "Built", "ProjectName": "95 Elmwood St", "CaseID": "PB-308", "ShowOnWeb": 1, "created_date": "2025-09-17", "PolygonType": "Parcel", "last_edited_date": "2025-09-17"}},{"arcs": [[347, 348]], "type": "Polygon", "id": 189, "properties": {"MapLots": "15-29", "CaseType": "Planning Board Special Permit", "GlobalID": "{F34B6B23-4D1C-430B-89C2-01A3C705C2A3}", "CaseStatus": "Built", "ProjectName": "Beal", "CaseID": "PB-151A", "ShowOnWeb": 0, "created_date": "2025-09-17", "PolygonType": "Parcel", "last_edited_date": "2025-09-17"}},{"arcs": [[349, 132, 350, 351]], "type": "Polygon", "id": 198, "properties": {"MapLots": "33-105", "CaseType": "Planning Board Special Permit", "GlobalID": "{CE38D1BE-126E-4741-A4E7-B43C2D9D1C29}", "CaseStatus": "Built", "CaseID": "PB-056", "ShowOnWeb": 0, "created_date": "2025-09-17", "PolygonType": "Parcel", "last_edited_date": "2025-09-17"}},{"arcs": [[352, -303]], "type": "Polygon", "id": 270, "properties": {"MapLots": "27-82", "CaseType": "Planning Board Special Permit", "GlobalID": "{6FF33688-628E-40AB-BC60-3A006CDCEC85}", "CaseStatus": "Built", "ProjectName": "Foundry", "CaseID": "PB-362", "ShowOnWeb": 1, "created_date": "2025-09-17", "PolygonType": "Parcel", "last_edited_date": "2025-09-17"}},{"arcs": [[353, 315]], "type": "Polygon", "id": 284, "properties": {"MapLots": "90-70", "CaseType": "Planning Board Special Permit", "GlobalID": "{89D75E6A-4769-4920-A507-A22F1C654FED}", "CaseStatus": "Built", "ProjectName": "Santander Bank", "CaseID": "PB-349", "ShowOnWeb": 1, "created_date": "2025-09-17", "PolygonType": "Parcel", "last_edited_date": "2025-09-17"}},{"arcs": [[354]], "type": "Polygon", "id": 312, "properties": {"MapLots": "39-114", "CaseType": "Planning Board Special Permit", "GlobalID": "{73CA97FA-0096-4BBC-9EE4-BDE074DBF41A}", "CaseStatus": "Built", "ProjectName": "Linden Park Amendment 5", "CaseID": "PB-022", "ShowOnWeb": 1, "created_date": "2025-09-17", "PolygonType": "Parcel", "last_edited_date": "2025-09-17"}},{"arcs": [[355]], "type": "Polygon", "id": 329, "properties": {"MapLots": "200-66", "CaseType": "Planning Board Special Permit", "GlobalID": "{B86E06E7-5E6C-4247-A4B1-D1DEFA785FD2}", "CaseStatus": "Built", "CaseID": "PB-356", "ShowOnWeb": 1, "created_date": "2025-09-17", "PolygonType": "Parcel", "last_edited_date": "2025-09-17"}},{"arcs": [[356, 357, 358, 359]], "type": "Polygon", "id": 104, "properties": {"MapLots": "160-59", "CaseType": "Planning Board Special Permit", "GlobalID": "{99D27559-96FA-469C-A1AA-6DAAA41AD343}", "CaseStatus": "Built", "CaseID": "PB-024", "ShowOnWeb": 0, "created_date": "2025-09-17", "PolygonType": "Parcel", "last_edited_date": "2025-09-17"}},{"arcs": [[360, 361]], "type": "Polygon", "id": 159, "properties": {"MapLots": "30-42", "CaseType": "Planning Board Special Permit", "GlobalID": "{D42B8BBF-60B0-4232-81DF-53FA124A0C0C}", "CaseStatus": "Built", "ProjectName": "Biogen", "CaseID": "PB-147", "ShowOnWeb": 0, "created_date": "2025-09-17", "PolygonType": "Parcel", "last_edited_date": "2025-09-17"}},{"arcs": [[362]], "type": "Polygon", "id": 166, "properties": {"MapLots": "23-4", "CaseType": "Planning Board Special Permit", "GlobalID": "{D55D5277-66D9-4144-8472-E68F9CB97384}", "CaseStatus": "Built", "CaseID": "PB-048", "ShowOnWeb": 0, "created_date": "2025-09-17", "PolygonType": "Parcel", "last_edited_date": "2025-09-17"}},{"arcs": [[-121, 363]], "type": "Polygon", "id": 195, "properties": {"MapLots": "47-90", "CaseType": "Planning Board Special Permit", "GlobalID": "{774430F9-9083-42F8-AB09-E9B30B7CEE1F}", "CaseStatus": "Built", "ProjectName": "Sloan School", "CaseID": "PB-225", "ShowOnWeb": 0, "created_date": "2025-09-17", "PolygonType": "Parcel", "last_edited_date": "2025-09-17"}},{"arcs": [[364, 365]], "type": "Polygon", "id": 20, "properties": {"MapLots": "192-8", "CaseType": "Planning Board Special Permit", "GlobalID": "{C9B1A997-258B-4260-A472-8DBD5E2D6E62}", "CaseStatus": "Built", "CaseID": "PB-242", "ShowOnWeb": 0, "created_date": "2025-09-17", "PolygonType": "Parcel", "last_edited_date": "2025-09-17"}},{"arcs": [[-108, 366]], "type": "Polygon", "id": 34, "properties": {"MapLots": "195-156", "CaseType": "Planning Board Special Permit", "GlobalID": "{EB07BF1D-AA37-4199-8251-B743B924ED4A}", "CaseStatus": "Built", "ProjectName": "Portland Stone Ware", "CaseID": "PB-124", "ShowOnWeb": 0, "created_date": "2025-09-17", "PolygonType": "Parcel", "last_edited_date": "2025-09-17"}},{"arcs": [[367, -194]], "type": "Polygon", "id": 56, "properties": {"MapLots": "189-92", "CaseType": "Planning Board Special Permit", "GlobalID": "{BB18A872-C91F-4DEF-BDB9-774F9C980264}", "CaseStatus": "Built", "CaseID": "PB-075", "ShowOnWeb": 0, "created_date": "2025-09-17", "PolygonType": "Parcel", "last_edited_date": "2025-09-17"}},{"arcs": [[368]], "type": "Polygon", "id": 83, "properties": {"MapLots": "66-124", "CaseType": "Planning Board Special Permit", "GlobalID": "{B6A11E49-E970-4AD0-9E22-770395C84930}", "CaseStatus": "Built", "ProjectName": "Putnam Green", "CaseID": "PB-240", "ShowOnWeb": 0, "created_date": "2025-09-17", "PolygonType": "Parcel", "last_edited_date": "2025-09-17"}},{"arcs": [[369, 370]], "type": "Polygon", "id": 130, "properties": {"MapLots": "168-36", "CaseType": "Planning Board Special Permit", "GlobalID": "{542754CB-C712-4F10-AE13-20E4B1EF13F2}", "CaseStatus": "Built", "ProjectName": "One Brattle Square", "CaseID": "PB-140", "ShowOnWeb": 0, "created_date": "2025-09-17", "PolygonType": "Parcel", "last_edited_date": "2025-09-17"}},{"arcs": [[179, 371]], "type": "Polygon", "id": 227, "properties": {"MapLots": "127-126", "CaseType": "Planning Board Special Permit", "GlobalID": "{448F6629-9609-4025-A52A-5E8D9CF705CC}", "CaseStatus": "Expired", "ProjectName": "300 Putnam Avenue", "CaseID": "PB-317", "ShowOnWeb": 0, "created_date": "2025-09-17", "PolygonType": "Parcel", "last_edited_date": "2026-04-01"}},{"arcs": [[90, 91]], "type": "Polygon", "id": 281, "properties": {"MapLots": "162-54", "CaseType": "Planning Board Special Permit", "GlobalID": "{58B716EA-4C3F-49E4-A1A8-A9FA17AB1396}", "CaseStatus": "Permitted", "ProjectName": "Blue Enterprises HSMA, LLC", "CaseID": "PB-376", "ShowOnWeb": 1, "created_date": "2025-09-17", "PolygonType": "Parcel", "last_edited_date": "2025-09-17"}},{"arcs": [[372, 373]], "type": "Polygon", "id": 313, "properties": {"MapLots": "40-221", "CaseType": "Planning Board Special Permit", "GlobalID": "{7B5E3C41-B0AF-40E7-8C6E-7D96F99EC5AA}", "CaseStatus": "Built", "ProjectName": "Lilac Court Amendment 2", "CaseID": "PB-009", "ShowOnWeb": 1, "created_date": "2025-09-17", "PolygonType": "Parcel", "last_edited_date": "2025-09-17"}},{"arcs": [[374]], "type": "Polygon", "id": 335, "properties": {"MapLots": "91-206", "CaseType": "Planning Board Special Permit", "GlobalID": "{3AA425EC-5ECB-4758-B222-932CFDB1AB77}", "CaseStatus": "Built", "ProjectName": "Cambridge Stretch, LLC", "CaseID": "PB-405", "ShowOnWeb": 1, "created_date": "2025-09-17", "PolygonType": "Building", "last_edited_date": "2025-09-17"}},{"arcs": [[375]], "type": "Polygon", "id": 69, "properties": {"MapLots": "71-55", "CaseType": "Planning Board Special Permit", "GlobalID": "{318D546D-2F04-4838-9911-A2767C5120D4}", "CaseStatus": "Built", "ProjectName": "Novartis Expansion", "CaseID": "PB-265", "ShowOnWeb": 0, "created_date": "2025-09-17", "PolygonType": "Parcel", "last_edited_date": "2025-09-17"}},{"arcs": [[376, -370]], "type": "Polygon", "id": 129, "properties": {"MapLots": "168-33", "CaseType": "Planning Board Special Permit", "GlobalID": "{CEF0CE57-9220-4CDD-B771-F2DE3407BEE3}", "CaseStatus": "Built", "ProjectName": "12-14 Mifflin Place", "CaseID": "PB-078", "ShowOnWeb": 0, "created_date": "2025-09-17", "PolygonType": "Parcel", "last_edited_date": "2025-09-17"}},{"arcs": [[-298, 377, 378]], "type": "Polygon", "id": 165, "properties": {"MapLots": "1A-6", "CaseType": "Planning Board Special Permit", "GlobalID": "{C0046F67-E01C-416D-B66B-C1D9923EB4B3}", "CaseStatus": "Expired", "ProjectName": "Glass Factory", "CaseID": "PB-123", "ShowOnWeb": 0, "created_date": "2025-09-17", "PolygonType": "Parcel", "last_edited_date": "2025-09-17"}},{"arcs": [[379, 380]], "type": "Polygon", "id": 19, "properties": {"MapLots": "267.4-316", "CaseType": "Planning Board Special Permit", "GlobalID": "{5211D2A5-6067-4AB8-8041-D3CB78C0D54D}", "CaseStatus": "Built", "ProjectName": "Equity Office Partners", "CaseID": "PB-270", "ShowOnWeb": 0, "created_date": "2025-09-17", "PolygonType": "Parcel", "last_edited_date": "2025-09-17"}},{"arcs": [[381, 382, 383, 384, 385, 386]], "type": "Polygon", "id": 196, "properties": {"MapLots": "14-50", "CaseType": "Planning Board Special Permit", "GlobalID": "{CB90CEA8-185D-4EBE-B0CF-014B2C942E61}", "CaseStatus": "Built", "ProjectName": "Cambridge Research Park", "CaseID": "PB-141", "ShowOnWeb": 0, "created_date": "2025-09-17", "PolygonType": "Parcel", "last_edited_date": "2025-09-17"}},{"arcs": [[387, 388]], "type": "Polygon", "id": 282, "properties": {"MapLots": "254-29", "CaseType": "Planning Board Special Permit", "GlobalID": "{C868C160-37C8-4FA6-AAA9-D458904FD04E}", "CaseStatus": "Under construction", "ProjectName": "88 Holworthy St", "CaseID": "PB-377", "ShowOnWeb": 1, "created_date": "2025-09-17", "PolygonType": "Parcel", "last_edited_date": "2025-09-17"}},{"arcs": [[389]], "type": "Polygon", "id": 70, "properties": {"MapLots": "68-47", "CaseType": "Planning Board Special Permit", "GlobalID": "{FE2BD0AE-812B-4717-9559-B283ABCB2F5F}", "CaseStatus": "Built", "ProjectName": "NECCO/Novartis", "CaseID": "PB-173", "ShowOnWeb": 0, "created_date": "2025-09-17", "PolygonType": "Parcel", "last_edited_date": "2025-09-17"}},{"arcs": [[390]], "type": "Polygon", "id": 84, "properties": {"MapLots": "65-45", "CaseType": "Planning Board Special Permit", "GlobalID": "{21C18CAC-B81F-4773-A96B-19B6910FC719}", "CaseStatus": "Built", "CaseID": "PB-062", "ShowOnWeb": 0, "created_date": "2025-09-17", "PolygonType": "Parcel", "last_edited_date": "2025-09-17"}},{"arcs": [[391]], "type": "Polygon", "id": 103, "properties": {"MapLots": "144-1", "CaseType": "Planning Board Special Permit", "GlobalID": "{6E33461F-37E5-464A-876B-18AB2452B4B1}", "CaseStatus": "Built", "ProjectName": "Harvard Data Center", "CaseID": "PB-170", "ShowOnWeb": 0, "created_date": "2025-09-17", "PolygonType": "Building", "last_edited_date": "2025-09-17"}},{"arcs": [[392, 393, 394, 395]], "type": "Polygon", "id": 160, "properties": {"MapLots": "43-77", "CaseType": "Planning Board Special Permit", "GlobalID": "{731FD57B-A2C1-4B2D-94E3-42E30359289A}", "CaseStatus": "Built", "ProjectName": "Broad Institute", "CaseID": "PB-257", "ShowOnWeb": 0, "created_date": "2025-09-17", "PolygonType": "Parcel", "last_edited_date": "2025-09-17"}},{"arcs": [[396, 397]], "type": "Polygon", "id": 314, "properties": {"MapLots": "40-228", "CaseType": "Planning Board Special Permit", "GlobalID": "{B008DFAF-30EE-4FFE-86BD-EA32D1760DB0}", "CaseStatus": "Permitting", "ProjectName": "Lilac Court Amendment 3", "CaseID": "PB-009", "ShowOnWeb": 1, "created_date": "2025-09-17", "PolygonType": "Parcel", "last_edited_date": "2025-09-17"}},{"arcs": [[16, 17, 398, 15]], "type": "Polygon", "id": 33, "properties": {"MapLots": "267D-285", "CaseType": "Planning Board Special Permit", "GlobalID": "{9357DBDD-5D57-4BB7-AA2E-C7EAB7DD705E}", "CaseStatus": "Built", "CaseID": "PB-016", "ShowOnWeb": 0, "created_date": "2025-09-17", "PolygonType": "Parcel", "last_edited_date": "2025-09-17"}},{"arcs": [[399]], "type": "Polygon", "id": 336, "properties": {"MapLots": "107-136", "CaseType": "Planning Board Special Permit", "GlobalID": "{50963545-11C3-4076-88E0-CD4727855B91}", "CaseStatus": "Under construction", "ProjectName": "Jersey Mike's", "CaseID": "PB-406", "ShowOnWeb": 1, "created_date": "2025-09-17", "PolygonType": "Building", "last_edited_date": "2025-09-17"}},{"arcs": [[400]], "type": "Polygon", "id": 228, "properties": {"MapLots": "100-68", "CaseType": "Planning Board Special Permit", "GlobalID": "{39DDFD4F-D51C-4401-8106-3298CEF62AF2}", "CaseStatus": "Expired", "ProjectName": "Radisson", "CaseID": "PB-223", "ShowOnWeb": 0, "created_date": "2025-09-17", "PolygonType": "Parcel", "last_edited_date": "2025-09-17"}},{"arcs": [[401]], "type": "Polygon", "id": 55, "properties": {"MapLots": "241-14", "CaseType": "Planning Board Special Permit", "GlobalID": "{2E644D43-BE65-47CD-8735-2381BDE05C05}", "CaseStatus": "Built", "ProjectName": "Mt Auburn Hospital", "CaseID": "PB-209", "ShowOnWeb": 0, "created_date": "2025-09-17", "PolygonType": "Parcel", "last_edited_date": "2025-09-17"}},{"arcs": [[402]], "type": "Polygon", "id": 106, "properties": {"MapLots": "162-68", "CaseType": "Planning Board Special Permit", "GlobalID": "{585F77EC-72AA-4061-85B6-DB39E6678E6F}", "CaseStatus": "Built", "ProjectName": "Library", "CaseID": "PB-188", "ShowOnWeb": 0, "created_date": "2025-09-17", "PolygonType": "Parcel", "last_edited_date": "2025-09-17"}},{"arcs": [[403, 295]], "type": "Polygon", "id": 164, "properties": {"MapLots": "7-113", "CaseType": "Planning Board Special Permit", "GlobalID": "{11603543-98F3-4E09-BEF1-DA8EE13A5767}", "CaseStatus": "Built", "CaseID": "PB-247", "ShowOnWeb": 0, "created_date": "2025-09-17", "PolygonType": "Parcel", "last_edited_date": "2025-09-17"}},{"arcs": [[404, 405]], "type": "Polygon", "id": 193, "properties": {"MapLots": "14-31", "CaseType": "Planning Board Special Permit", "GlobalID": "{B95465EC-D40C-4F3E-B7DF-A7FB6DAF5DF0}", "CaseStatus": "Built", "ProjectName": "MIT Kendall Square NoMa", "CaseID": "PB-302", "ShowOnWeb": 1, "created_date": "2025-09-17", "PolygonType": "Parcel", "last_edited_date": "2025-09-17"}},{"arcs": [[406]], "type": "Polygon", "id": 287, "properties": {"MapLots": "93-47", "CaseType": "Planning Board Special Permit", "GlobalID": "{FC2DBF1F-FA20-4DC3-8099-3367969A1283}", "CaseStatus": "Built", "CaseID": "PB-380", "ShowOnWeb": 1, "created_date": "2025-09-17", "PolygonType": "Parcel", "last_edited_date": "2025-09-17"}},{"arcs": [[407]], "type": "Polygon", "id": 36, "properties": {"MapLots": "271-55", "CaseType": "Planning Board Special Permit", "GlobalID": "{A58A64FA-5DD0-4510-B957-F8B73C8A910E}", "CaseStatus": "Built", "CaseID": "PB-054", "ShowOnWeb": 0, "created_date": "2025-09-17", "PolygonType": "Parcel", "last_edited_date": "2025-09-17"}},{"arcs": [[-288, 408]], "type": "Polygon", "id": 54, "properties": {"MapLots": "246A-57", "CaseType": "Planning Board Special Permit", "GlobalID": "{2518CEAE-F51D-43BD-9131-3129B0ED7764}", "CaseStatus": "Built", "ProjectName": "457-459 Mount Auburn", "CaseID": "PB-004", "ShowOnWeb": 0, "created_date": "2025-09-17", "PolygonType": "Parcel", "last_edited_date": "2025-09-17"}},{"arcs": [[409]], "type": "Polygon", "id": 85, "properties": {"MapLots": "274-1F", "CaseType": "Planning Board Special Permit", "GlobalID": "{EF44ACF4-050D-4A84-8855-F41CE07C173A}", "CaseStatus": "Built", "ProjectName": "BU Boathouse", "CaseID": "PB-138", "ShowOnWeb": 0, "created_date": "2025-09-17", "PolygonType": "Parcel", "last_edited_date": "2025-09-17"}},{"arcs": [[410]], "type": "Polygon", "id": 220, "properties": {"MapLots": "120-40", "CaseType": "Planning Board Special Permit", "GlobalID": "{4D1F4706-AC3A-42AE-9261-4833943A7EB2}", "CaseStatus": "Built", "ProjectName": "Usable Green Roof Installation", "CaseID": "PB-298", "ShowOnWeb": 0, "created_date": "2025-09-17", "PolygonType": "Parcel", "last_edited_date": "2025-09-17"}},{"arcs": [[411]], "type": "Polygon", "id": 221, "properties": {"MapLots": "128-70", "CaseType": "Planning Board Special Permit", "GlobalID": "{1841C893-A516-4D38-9A39-86FDF29E7347}", "CaseStatus": "Built", "ProjectName": "Polaroid", "CaseID": "PB-161", "ShowOnWeb": 0, "created_date": "2025-09-17", "PolygonType": "Parcel", "last_edited_date": "2025-09-17"}},{"arcs": [[412]], "type": "Polygon", "id": 315, "properties": {"MapLots": "191-112", "CaseType": "Planning Board Special Permit", "GlobalID": "{0BB66AA2-0F9D-4333-A820-1C372EEE53F9}", "CaseStatus": "Permitted", "ProjectName": "2400 Mass. Ave.", "CaseID": "PB-403", "ShowOnWeb": 1, "created_date": "2025-09-17", "PolygonType": "Parcel", "last_edited_date": "2025-09-17"}},{"arcs": [[413]], "type": "Polygon", "id": 333, "properties": {"MapLots": "71-46", "CaseType": "Planning Board Special Permit", "GlobalID": "{1037B16E-CDDE-4428-9527-E23E814AC912}", "CaseStatus": "Built", "ProjectName": "The Ragon Institute", "CaseID": "PB-375", "ShowOnWeb": 1, "created_date": "2025-09-17", "PolygonType": "Parcel", "last_edited_date": "2025-09-17"}},{"arcs": [[414]], "type": "Polygon", "id": 105, "properties": {"MapLots": "160-48", "CaseType": "Planning Board Special Permit", "GlobalID": "{F0570342-096C-42D4-AE75-B7D880870430}", "CaseStatus": "Built", "CaseID": "PB-036", "ShowOnWeb": 0, "created_date": "2025-09-17", "PolygonType": "Parcel", "last_edited_date": "2025-09-17"}},{"arcs": [[415]], "type": "Polygon", "id": 163, "properties": {"MapLots": "48-129", "CaseType": "Planning Board Special Permit", "GlobalID": "{103823CD-24D9-4FB9-80A0-A231D5C894EB}", "CaseStatus": "Built", "ProjectName": "MIT Media Center", "CaseID": "PB-168", "ShowOnWeb": 0, "created_date": "2025-09-17", "PolygonType": "Building", "last_edited_date": "2025-09-17"}},{"arcs": [[-406, 416, 385, 417]], "type": "Polygon", "id": 194, "properties": {"MapLots": "13-23", "CaseType": "Planning Board Special Permit", "GlobalID": "{CB45E533-BE32-4B4F-81FE-0C3CAC25DFFA}", "CaseStatus": "Built", "ProjectName": "Broad Canal Phase 1", "CaseID": "PB-001", "ShowOnWeb": 0, "created_date": "2025-09-17", "PolygonType": "Parcel", "last_edited_date": "2025-09-17"}},{"arcs": [[418]], "type": "Polygon", "id": 219, "properties": {"MapLots": "127-169", "CaseType": "Planning Board Special Permit", "GlobalID": "{B5A0FB84-3FA7-4A97-8EC4-1F1087CDEA93}", "CaseStatus": "Built", "ProjectName": "Howard Industrial", "CaseID": "PB-099", "ShowOnWeb": 0, "created_date": "2025-09-17", "PolygonType": "Parcel", "last_edited_date": "2025-09-17"}},{"arcs": [[419]], "type": "Polygon", "id": 222, "properties": {"MapLots": "116-12", "CaseType": "Planning Board Special Permit", "GlobalID": "{D971D4F0-C1A1-442A-BFC4-1877FCF61342}", "CaseStatus": "Built", "ProjectName": "Sage medical", "CaseID": "PB-312", "ShowOnWeb": 0, "created_date": "2025-09-17", "PolygonType": "Building", "last_edited_date": "2025-09-17"}},{"arcs": [[420]], "type": "Polygon", "id": 288, "properties": {"MapLots": "93-74", "CaseType": "Planning Board Special Permit", "GlobalID": "{A99CB640-0F7B-4E72-AB46-8370CD3E6EE4}", "CaseStatus": "Permitted", "ProjectName": "544-550 Mass Ave", "CaseID": "PB-381", "ShowOnWeb": 1, "created_date": "2025-09-17", "PolygonType": "Parcel", "last_edited_date": "2025-09-17"}},{"arcs": [[135]], "type": "Polygon", "id": 334, "properties": {"MapLots": "255-13", "CaseType": "Planning Board Special Permit", "GlobalID": "{530A26BE-B284-48AD-ABC2-08FE85120CD9}", "CaseStatus": "Permitted", "CaseID": "PB-404", "ShowOnWeb": 1, "created_date": "2025-09-17", "PolygonType": "Parcel", "last_edited_date": "2025-09-17"}},{"arcs": [[421, -241]], "type": "Polygon", "id": 35, "properties": {"MapLots": "265B-26", "CaseType": "Planning Board Special Permit", "GlobalID": "{B78F4598-D762-4D81-AF23-8A34515F3527}", "CaseStatus": "Built", "CaseID": "PB-103", "ShowOnWeb": 0, "created_date": "2025-09-17", "PolygonType": "Parcel", "last_edited_date": "2025-09-17"}},{"arcs": [[422, -389, 423, 424]], "type": "Polygon", "id": 53, "properties": {"MapLots": "254-30", "CaseType": "Planning Board Special Permit", "GlobalID": "{9D8AE071-1268-40DD-A968-BC452C7753CE}", "CaseStatus": "Built", "CaseID": "PB-112", "ShowOnWeb": 0, "created_date": "2025-09-17", "PolygonType": "Parcel", "last_edited_date": "2025-09-17"}},{"arcs": [[425]], "type": "Polygon", "id": 86, "properties": {"MapLots": "57-171", "CaseType": "Planning Board Special Permit", "GlobalID": "{5A957495-F255-4BCA-A430-8F8461B98811}", "CaseStatus": "Built", "ProjectName": "MIT Athletic Center", "CaseID": "PB-166", "ShowOnWeb": 0, "created_date": "2025-09-17", "PolygonType": "Building", "last_edited_date": "2025-09-17"}},{"arcs": [[-211, 426]], "type": "Polygon", "id": 316, "properties": {"MapLots": "265D-53", "CaseType": "Planning Board Special Permit", "GlobalID": "{F2F031DE-46F3-4534-8A85-7B5F6909B4E5}", "CaseStatus": "Built", "ProjectName": "35 Cambridgepark Drive", "CaseID": "PB-314", "ShowOnWeb": 0, "created_date": "2025-09-17", "PolygonType": "Parcel", "last_edited_date": "2025-09-17"}},{"arcs": [[427, 428]], "type": "Polygon", "id": 108, "properties": {"MapLots": "133-55", "CaseType": "Planning Board Special Permit", "GlobalID": "{6E370EDD-73AB-44F6-8609-E7FB3FCB293B}", "CaseStatus": "Built", "CaseID": "PB-096", "ShowOnWeb": 0, "created_date": "2025-09-17", "PolygonType": "Parcel", "last_edited_date": "2025-09-17"}},{"arcs": [[429]], "type": "Polygon", "id": 191, "properties": {"MapLots": "12-17", "CaseType": "Planning Board Special Permit", "GlobalID": "{D245EE9C-9175-45C8-869D-40D439626B40}", "CaseStatus": "Built", "ProjectName": "Esplande Housing", "CaseID": "PB-053", "ShowOnWeb": 0, "created_date": "2025-09-17", "PolygonType": "Parcel", "last_edited_date": "2025-09-17"}},{"arcs": [[430]], "type": "Polygon", "id": 223, "properties": {"MapLots": "137-39", "CaseType": "Planning Board Special Permit", "GlobalID": "{E44A0081-D01B-4DEA-9E51-9C18E22DB986}", "CaseStatus": "Built", "ProjectName": "Main Library", "CaseID": "PB-193", "ShowOnWeb": 0, "created_date": "2025-09-17", "PolygonType": "Parcel", "last_edited_date": "2025-09-17"}},{"arcs": [[431]], "type": "Polygon", "id": 331, "properties": {"MapLots": "29-39", "CaseType": "Planning Board Special Permit", "GlobalID": "{7AF078D1-5860-4F39-AC79-0292995D5CF5}", "CaseStatus": "Under construction", "ProjectName": "MIT Volpe Redevelopment", "CaseID": "PB-368", "ShowOnWeb": 1, "created_date": "2025-09-17", "PolygonType": "Parcel", "last_edited_date": "2025-09-17"}},{"arcs": [[432, -12]], "type": "Polygon", "id": 38, "properties": {"MapLots": "267E-269", "CaseType": "Planning Board Special Permit", "GlobalID": "{4B90DD9C-6CF9-4420-8982-6E891C5E1679}", "CaseStatus": "Built", "CaseID": "PB-100", "ShowOnWeb": 0, "created_date": "2025-09-17", "PolygonType": "Parcel", "last_edited_date": "2025-09-17"}},{"arcs": [[433]], "type": "Polygon", "id": 52, "properties": {"MapLots": "252A-154", "CaseType": "Planning Board Special Permit", "GlobalID": "{0F98F472-B76A-4443-A192-73D6176B3F13}", "CaseStatus": "Built", "CaseID": "PB-196", "ShowOnWeb": 0, "created_date": "2025-09-17", "PolygonType": "Parcel", "last_edited_date": "2025-09-17"}},{"arcs": [[434]], "type": "Polygon", "id": 87, "properties": {"MapLots": "180-15", "CaseType": "Planning Board Special Permit", "GlobalID": "{DA79AD6E-6BDB-45BC-98AC-D104D46856D4}", "CaseStatus": "Built", "CaseID": "PB-139", "ShowOnWeb": 0, "created_date": "2025-09-17", "PolygonType": "Parcel", "last_edited_date": "2025-09-17"}},{"arcs": [[435]], "type": "Polygon", "id": 162, "properties": {"MapLots": "52A-22", "CaseType": "Planning Board Special Permit", "GlobalID": "{91B20817-3E69-47EB-ACAD-ECC42F1D357D}", "CaseStatus": "Built", "ProjectName": "MIT Cancer Research", "CaseID": "PB-232", "ShowOnWeb": 0, "created_date": "2025-09-17", "PolygonType": "Building", "last_edited_date": "2025-09-17"}},{"arcs": [[436, -425, 437, 438]], "type": "Polygon", "id": 249, "properties": {"MapLots": "254-31", "CaseType": "Planning Board Special Permit", "GlobalID": "{38D29BDB-AF07-4F49-BCB7-23FC75C160CC}", "CaseStatus": "Built", "CaseID": "PB-341", "ShowOnWeb": 1, "created_date": "2025-09-17", "PolygonType": "Parcel", "last_edited_date": "2025-09-17"}},{"arcs": [[414]], "type": "Polygon", "id": 285, "properties": {"MapLots": "160-48", "CaseType": "Planning Board Special Permit", "GlobalID": "{C0A47EE3-2E53-40D5-928E-0E8B8E3D5626}", "CaseStatus": "Withdrawn", "ProjectName": "Santander Branch", "CaseID": "PB-378", "ShowOnWeb": 0, "created_date": "2025-09-17", "PolygonType": "Parcel", "last_edited_date": "2025-09-17"}},{"arcs": [[-366, 439]], "type": "Polygon", "id": 317, "properties": {"MapLots": "192-9", "CaseType": "Planning Board Special Permit", "GlobalID": "{11287220-19C9-4151-B94B-C8381A2053D2}", "CaseStatus": "Built", "CaseID": "PB-274", "ShowOnWeb": 0, "created_date": "2025-09-17", "PolygonType": "Parcel", "last_edited_date": "2025-09-17"}},{"arcs": [[440]], "type": "Polygon", "id": 350, "properties": {"MapLots": "184-44", "CaseType": "Planning Board Special Permit", "GlobalID": "{E98108BF-1BF0-4948-8417-858786900342}", "CaseStatus": "Built", "CaseID": "PB-398", "ShowOnWeb": 1, "created_date": "2025-09-17", "PolygonType": "Parcel", "last_edited_date": "2026-06-24"}},{"arcs": [[441, -428]], "type": "Polygon", "id": 107, "properties": {"MapLots": "133-51", "CaseType": "Planning Board Special Permit", "GlobalID": "{7C6E1FD5-A264-4E1A-B8AA-243D9B5B2B71}", "CaseStatus": "Built", "ProjectName": "One Bow Street", "CaseID": "PB-167", "ShowOnWeb": 0, "created_date": "2025-09-17", "PolygonType": "Parcel", "last_edited_date": "2025-09-17"}},{"arcs": [[442]], "type": "Polygon", "id": 192, "properties": {"MapLots": "13-16", "CaseType": "Planning Board Special Permit", "GlobalID": "{28CF2DB1-7F66-47BF-AB92-C53CF8B75831}", "CaseStatus": "Built", "ProjectName": "Riverview", "CaseID": "PB-031", "ShowOnWeb": 0, "created_date": "2025-09-17", "PolygonType": "Parcel", "last_edited_date": "2025-09-17"}},{"arcs": [[9, 10, 6, 7, 8]], "type": "Polygon", "id": 224, "properties": {"MapLots": "267F-301", "CaseType": "Planning Board Special Permit", "GlobalID": "{05DE144B-7CD7-4F85-AACE-64878B11CCE3}", "CaseStatus": "Built", "ProjectName": "BB&N", "CaseID": "PB-027", "ShowOnWeb": 0, "created_date": "2025-09-17", "PolygonType": "Parcel", "last_edited_date": "2025-09-17"}},{"arcs": [[443]], "type": "Polygon", "id": 37, "properties": {"MapLots": "203A-69", "CaseType": "Planning Board Special Permit", "GlobalID": "{2BB2D115-3F5E-4EF6-9A0B-D047B12FAB92}", "CaseStatus": "Built", "CaseID": "PB-251", "ShowOnWeb": 0, "created_date": "2025-09-17", "PolygonType": "Parcel", "last_edited_date": "2025-09-17"}},{"arcs": [[444]], "type": "Polygon", "id": 51, "properties": {"MapLots": "256-85", "CaseType": "Planning Board Special Permit", "GlobalID": "{95A7293C-5269-4168-879C-D7E917D8467D}", "CaseStatus": "Built", "ProjectName": "136-138 Cushing St", "CaseID": "PB-306", "ShowOnWeb": 1, "created_date": "2025-09-17", "PolygonType": "Parcel", "last_edited_date": "2025-09-17"}},{"arcs": [[-148, 445]], "type": "Polygon", "id": 88, "properties": {"MapLots": "181-196", "CaseType": "Planning Board Special Permit", "GlobalID": "{91E25CEA-443F-4197-A306-55BBC9F18FAE}", "CaseStatus": "Built", "ProjectName": "Russell Place", "CaseID": "PB-011", "ShowOnWeb": 0, "created_date": "2025-09-17", "PolygonType": "Parcel", "last_edited_date": "2025-09-17"}},{"arcs": [[446, 447]], "type": "Polygon", "id": 161, "properties": {"MapLots": "44-107", "CaseType": "Planning Board Special Permit", "GlobalID": "{E8950C64-6CB7-4DF0-A2F5-CD6DF325B3B3}", "CaseStatus": "Built", "ProjectName": "Ames Street Housing", "CaseID": "PB-294", "ShowOnWeb": 0, "created_date": "2025-09-17", "PolygonType": "Parcel", "last_edited_date": "2025-09-17"}},{"arcs": [[448]], "type": "Polygon", "id": 250, "properties": {"MapLots": "20-103", "CaseType": "Planning Board Special Permit", "GlobalID": "{FDD5FCDF-C4B7-495A-8780-04CC4DFDF4C6}", "CaseStatus": "Expired", "ProjectName": "Ascend", "CaseID": "PB-342", "ShowOnWeb": 0, "created_date": "2025-09-17", "PolygonType": "Parcel", "last_edited_date": "2026-04-01"}},{"arcs": [[449]], "type": "Polygon", "id": 286, "properties": {"MapLots": "18-65", "CaseType": "Planning Board Special Permit", "GlobalID": "{7ECCE8C3-80EE-4137-B24D-142F1E9EBDA0}", "CaseStatus": "Permitting", "ProjectName": "Ivy League Technolgies, LLC", "CaseID": "PB-379", "ShowOnWeb": 1, "created_date": "2025-09-17", "PolygonType": "Building", "last_edited_date": "2025-09-17"}},{"arcs": [[-188, 80, 450, -96, 451, 380, 452, -163]], "type": "Polygon", "id": 318, "properties": {"MapLots": "267.4-319", "CaseType": "Planning Board Special Permit", "GlobalID": "{AE6ACFD2-E47C-4AC2-8145-0048D9362B24}", "CaseStatus": "Built", "CaseID": "PB-047", "ShowOnWeb": 0, "created_date": "2025-09-17", "PolygonType": "Parcel", "last_edited_date": "2025-09-17"}},{"arcs": [[453, -30]], "type": "Polygon", "id": 349, "properties": {"MapLots": "267.4-284", "CaseType": "Planning Board Special Permit", "GlobalID": "{382A5763-BEF6-4DEA-B35E-9CAE5907D832}", "CaseStatus": "Expired", "CaseID": "PB-385", "ShowOnWeb": 0, "created_date": "2025-09-17", "PolygonType": "Parcel", "last_edited_date": "2026-08-14"}},{"arcs": [[454, 455, 456, 457]], "type": "Polygon", "id": 332, "properties": {"MapLots": "61-11", "CaseType": "Planning Board Special Permit", "GlobalID": "{D6DAC34C-31E8-4E95-A172-337B783A1E58}", "CaseStatus": "Built", "ProjectName": "MIT West Campus Graduate Dorm", "CaseID": "PB-371", "ShowOnWeb": 1, "created_date": "2025-09-17", "PolygonType": "Parcel", "last_edited_date": "2025-09-17"}},{"arcs": [[458]], "type": "Polygon", "id": 117, "properties": {"MapLots": "86-99", "CaseType": "Planning Board Special Permit", "GlobalID": "{A3B3FD71-E985-455C-8A84-659BE6863341}", "CaseStatus": "Built", "CaseID": "PB-172", "ShowOnWeb": 0, "created_date": "2025-09-17", "PolygonType": "Parcel", "last_edited_date": "2025-09-17"}},{"arcs": [[123, 459, -352, 460]], "type": "Polygon", "id": 274, "properties": {"MapLots": "31-20", "CaseType": "Planning Board Special Permit", "GlobalID": "{277CACA8-67B4-4A7D-9877-FC6730650E40}", "CaseStatus": "Built", "ProjectName": "325 Binney St", "CaseID": "PB-367", "ShowOnWeb": 1, "created_date": "2025-09-17", "PolygonType": "Parcel", "last_edited_date": "2025-09-17"}},{"arcs": [[461]], "type": "Polygon", "id": 76, "properties": {"MapLots": "67-49", "CaseType": "Planning Board Special Permit", "GlobalID": "{4AA7FA8E-AC6F-4E32-AFCC-71EF41FE072B}", "CaseStatus": "Built", "ProjectName": "Graduate Housing", "CaseID": "PB-215", "ShowOnWeb": 0, "created_date": "2025-09-17", "PolygonType": "Parcel", "last_edited_date": "2025-09-17"}},{"arcs": [[372, 462, 397, 463]], "type": "Polygon", "id": 118, "properties": {"MapLots": "40-212", "CaseType": "Planning Board Special Permit", "GlobalID": "{8A5FCE78-C5C5-4DC8-80E4-BB7D5CF0C1AA}", "CaseStatus": "Under construction", "ProjectName": "Lilac Court", "CaseID": "PB-009", "ShowOnWeb": 1, "created_date": "2025-09-17", "PolygonType": "Parcel", "last_edited_date": "2025-09-17"}},{"arcs": [[464]], "type": "Polygon", "id": 273, "properties": {"MapLots": "107-1", "CaseType": "Planning Board Special Permit", "GlobalID": "{068E215B-631D-415A-B6B8-04475EECB515}", "CaseStatus": "Under construction", "ProjectName": "GreenSoul Organics", "CaseID": "PB-365", "ShowOnWeb": 1, "created_date": "2025-09-17", "PolygonType": "Parcel", "last_edited_date": "2025-09-17"}},{"arcs": [[465]], "type": "Polygon", "id": 75, "properties": {"MapLots": "67-44", "CaseType": "Planning Board Special Permit", "GlobalID": "{8947AB0F-F5BB-4CCB-A7E3-9D6EE677C660}", "CaseStatus": "Built", "ProjectName": "MIT Graduate Dorm", "CaseID": "PB-165", "ShowOnWeb": 0, "created_date": "2025-09-17", "PolygonType": "Parcel", "last_edited_date": "2025-09-17"}},{"arcs": [[[466]], [[467]], [[468, 171, 469, 470, 471, 472]], [[473, 474, 475, 476]]], "type": "MultiPolygon", "id": 115, "properties": {"MapLots": "39-140", "CaseType": "Planning Board Special Permit", "GlobalID": "{2A1F405B-12F9-4C72-A925-50E894B145B2}", "CaseStatus": "Built", "ProjectName": "288 Portland St / Linden Park", "CaseID": "PB-022", "ShowOnWeb": 0, "created_date": "2025-09-17", "PolygonType": "Parcel", "last_edited_date": "2025-09-17"}},{"arcs": [[66, 67, 68, 69]], "type": "Polygon", "id": 272, "properties": {"MapLots": "8-86", "CaseType": "Planning Board Special Permit", "GlobalID": "{179C6E33-F31E-483C-BF94-7808094C6769}", "CaseStatus": "Under construction", "ProjectName": "CambridgeSide PUD", "CaseID": "PB-364", "ShowOnWeb": 1, "created_date": "2025-09-17", "PolygonType": "Parcel", "last_edited_date": "2025-09-17"}},{"arcs": [[477]], "type": "Polygon", "id": 78, "properties": {"MapLots": "96-127", "CaseType": "Planning Board Special Permit", "GlobalID": "{AE4659CF-1AE7-4CB7-B565-EF6D8C800422}", "CaseStatus": "Built", "CaseID": "PB-142", "ShowOnWeb": 0, "created_date": "2025-09-17", "PolygonType": "Parcel", "last_edited_date": "2025-09-17"}},{"arcs": [[478]], "type": "Polygon", "id": 116, "properties": {"MapLots": "77-19", "CaseType": "Planning Board Special Permit", "GlobalID": "{06E2C242-5B51-49D8-A0FD-32026F8F5C80}", "CaseStatus": "Built", "ProjectName": "Artist Space", "CaseID": "PB-008", "ShowOnWeb": 0, "created_date": "2025-09-17", "PolygonType": "Parcel", "last_edited_date": "2025-09-17"}},{"arcs": [[479]], "type": "Polygon", "id": 271, "properties": {"MapLots": "178-133", "CaseType": "Planning Board Special Permit", "GlobalID": "{8373AD32-CB2F-4559-935D-25C599F60BC4}", "CaseStatus": "Permitted", "ProjectName": "Porter Square Remedies", "CaseID": "PB-363", "ShowOnWeb": 1, "created_date": "2025-09-17", "PolygonType": "Parcel", "last_edited_date": "2025-09-17"}},{"arcs": [[480]], "type": "Polygon", "id": 77, "properties": {"MapLots": "97-73", "CaseType": "Planning Board Special Permit", "GlobalID": "{2C1B69FE-5CC3-45C5-A33C-613371C3BC65}", "CaseStatus": "Built", "CaseID": "PB-197", "ShowOnWeb": 0, "created_date": "2025-09-17", "PolygonType": "Parcel", "last_edited_date": "2025-09-17"}},{"arcs": [[481]], "type": "Polygon", "id": 113, "properties": {"MapLots": "87-94", "CaseType": "Planning Board Special Permit", "GlobalID": "{A92A994D-1244-4F67-A1A6-0FD97A31FCE3}", "CaseStatus": "Built", "CaseID": "PB-098", "ShowOnWeb": 0, "created_date": "2025-09-17", "PolygonType": "Parcel", "last_edited_date": "2025-09-17"}},{"arcs": [[482]], "type": "Polygon", "id": 278, "properties": {"MapLots": "39-147", "CaseType": "Planning Board Special Permit", "GlobalID": "{4A96231B-2ECB-4F34-836E-D5E29EE58E89}", "CaseStatus": "Built", "ProjectName": "2 James Way", "CaseID": "PB-022", "ShowOnWeb": 1, "created_date": "2025-09-17", "PolygonType": "Parcel", "last_edited_date": "2025-09-17"}},{"arcs": [[101]], "type": "Polygon", "id": 300, "properties": {"MapLots": "91-207", "CaseType": "Planning Board Special Permit", "GlobalID": "{DD1D5D62-1276-4D5C-AAA1-0631B74A19AE}", "CaseStatus": "Built", "ProjectName": "Vitality Bowls Formula Business", "CaseID": "PB-388", "ShowOnWeb": 1, "created_date": "2025-09-17", "PolygonType": "Building", "last_edited_date": "2025-09-17"}},{"arcs": [[483]], "type": "Polygon", "id": 49, "properties": {"MapLots": "229-110", "CaseType": "Planning Board Special Permit", "GlobalID": "{B20CE43E-41B2-4367-907E-021A37249F75}", "CaseStatus": "Built", "CaseID": "PB-068", "ShowOnWeb": 0, "created_date": "2025-09-17", "PolygonType": "Parcel", "last_edited_date": "2025-09-17"}},{"arcs": [[484]], "type": "Polygon", "id": 72, "properties": {"MapLots": "103-113", "CaseType": "Planning Board Special Permit", "GlobalID": "{5BD83AC8-6F5B-4C03-A36B-4F0003601648}", "CaseStatus": "Built", "ProjectName": "Blessed Sacrament", "CaseID": "PB-211", "ShowOnWeb": 0, "created_date": "2025-09-17", "PolygonType": "Parcel", "last_edited_date": "2025-09-17"}},{"arcs": [[485]], "type": "Polygon", "id": 114, "properties": {"MapLots": "86-107", "CaseType": "Planning Board Special Permit", "GlobalID": "{7FFEFE72-CEFD-4CF9-B0D9-438A70F27E9E}", "CaseStatus": "Built", "ProjectName": "Blouin", "CaseID": "PB-107", "ShowOnWeb": 0, "created_date": "2025-09-17", "PolygonType": "Parcel", "last_edited_date": "2025-09-17"}},{"arcs": [[486]], "type": "Polygon", "id": 277, "properties": {"MapLots": "52A-31", "CaseType": "Planning Board Special Permit", "GlobalID": "{A04298F1-22B9-4450-A1A7-FBF24E0EAEC8}", "CaseStatus": "Built", "ProjectName": "MIT SCC", "CaseID": "PB-370", "ShowOnWeb": 1, "created_date": "2025-09-17", "PolygonType": "Parcel", "last_edited_date": "2025-09-17"}},{"arcs": [[487]], "type": "Polygon", "id": 299, "properties": {"MapLots": "178-117", "CaseType": "Planning Board Special Permit", "GlobalID": "{3A8286C2-5887-4ECF-969D-74ED1ED92CF1}", "CaseStatus": "Permitted", "CaseID": "PB-392", "ShowOnWeb": 1, "created_date": "2025-09-17", "PolygonType": "Parcel", "last_edited_date": "2025-09-17"}},{"arcs": [[488]], "type": "Polygon", "id": 50, "properties": {"MapLots": "233-189", "CaseType": "Planning Board Special Permit", "GlobalID": "{7C0EF6B1-2716-41D2-834D-E6E9A8295828}", "CaseStatus": "Built", "CaseID": "PB-116", "ShowOnWeb": 0, "created_date": "2025-09-17", "PolygonType": "Parcel", "last_edited_date": "2025-09-17"}},{"arcs": [[489, 490]], "type": "Polygon", "id": 71, "properties": {"MapLots": "68-76", "CaseType": "Planning Board Special Permit", "GlobalID": "{DEC55D08-8E67-4D47-955C-5C7F46494D04}", "CaseStatus": "Built", "ProjectName": "University Park", "CaseID": "PB-163", "ShowOnWeb": 0, "created_date": "2025-09-17", "PolygonType": "Parcel", "last_edited_date": "2025-09-17"}},{"arcs": [[230]], "type": "Polygon", "id": 111, "properties": {"MapLots": "81-20", "CaseType": "Planning Board Special Permit", "GlobalID": "{91DE18E3-9D97-4FB7-866D-E7743DC6536D}", "CaseStatus": "Expired", "CaseID": "PB-295", "ShowOnWeb": 0, "created_date": "2025-09-17", "PolygonType": "Parcel", "last_edited_date": "2025-09-17"}},{"arcs": [[491]], "type": "Polygon", "id": 240, "properties": {"MapLots": "55-25", "CaseType": "Planning Board Special Permit", "GlobalID": "{F01F0360-9E55-4F63-9FCB-5FFFE731FF04}", "CaseStatus": "Built", "ProjectName": "Vassar Street Residence Hall", "CaseID": "PB-332", "ShowOnWeb": 1, "created_date": "2025-09-17", "PolygonType": "Parcel", "last_edited_date": "2025-09-17"}},{"arcs": [[492, -152]], "type": "Polygon", "id": 276, "properties": {"MapLots": "254-23", "CaseType": "Planning Board Special Permit", "GlobalID": "{35BE7C85-9FB7-4B62-AF74-DFDCD5ED6883}", "CaseStatus": "Built", "CaseID": "PB-372", "ShowOnWeb": 1, "created_date": "2025-09-17", "PolygonType": "Parcel", "last_edited_date": "2025-09-17"}},{"arcs": [[493, 494]], "type": "Polygon", "id": 74, "properties": {"MapLots": "94-158", "CaseType": "Planning Board Special Permit", "GlobalID": "{3B74DE68-6C61-4E76-826A-3E5806F8A3F3}", "CaseStatus": "Built", "CaseID": "PB-136", "ShowOnWeb": 0, "created_date": "2025-09-17", "PolygonType": "Parcel", "last_edited_date": "2025-09-17"}},{"arcs": [[495]], "type": "Polygon", "id": 112, "properties": {"MapLots": "80-178", "CaseType": "Planning Board Special Permit", "GlobalID": "{DEDADD37-4E33-471B-BBF5-1D52E7AC9149}", "CaseStatus": "Built", "ProjectName": "Just-A-Start Housing", "CaseID": "PB-229", "ShowOnWeb": 0, "created_date": "2025-09-17", "PolygonType": "Parcel", "last_edited_date": "2025-09-17"}},{"arcs": [[[496]], [[489, 497]], [[498]], [[499]]], "type": "MultiPolygon", "id": 239, "properties": {"MapLots": "68-75", "CaseType": "Planning Board Special Permit", "GlobalID": "{F49B7A6E-1653-4423-8588-8686BB5A1543}", "CaseStatus": "Built", "ProjectName": "University Park", "CaseID": "PB-152", "ShowOnWeb": 0, "created_date": "2025-09-17", "PolygonType": "Parcel", "last_edited_date": "2025-09-17"}},{"arcs": [[500, 142]], "type": "Polygon", "id": 275, "properties": {"MapLots": "106-124", "CaseType": "Planning Board Special Permit", "GlobalID": "{6103BD8F-0AA7-4561-9EAC-1CE190B9F3BE}", "CaseStatus": "Expired", "CaseID": "PB-369", "ShowOnWeb": 0, "created_date": "2025-09-17", "PolygonType": "Parcel", "last_edited_date": "2026-04-01"}},{"arcs": [[501, -494]], "type": "Polygon", "id": 73, "properties": {"MapLots": "94-38", "CaseType": "Planning Board Special Permit", "GlobalID": "{5458A217-7005-42E5-8B4A-ED2973C501FE}", "CaseStatus": "Built", "CaseID": "PB-187", "ShowOnWeb": 0, "created_date": "2025-09-17", "PolygonType": "Parcel", "last_edited_date": "2025-09-17"}},{"arcs": [[[502]], [[503]], [[-349, 504]], [[505]], [[506]], [[507]], [[508]]], "type": "MultiPolygon", "id": 238, "properties": {"MapLots": "16-30", "CaseType": "Planning Board Special Permit", "GlobalID": "{6C257E46-F3B7-41FD-8EBD-1AB8B855D0B2}", "CaseStatus": "Under construction", "ProjectName": "Alexandria", "CaseID": "PB-243", "ShowOnWeb": 1, "created_date": "2025-09-17", "PolygonType": "Parcel", "last_edited_date": "2025-09-17"}},{"arcs": [[-63, 509]], "type": "Polygon", "id": 296, "properties": {"MapLots": "90-170", "CaseType": "Planning Board Special Permit", "GlobalID": "{ED65D45B-08EE-4848-9364-B02B64B7BF87}", "CaseStatus": "Built", "ProjectName": "Planet Fitness Formula Business", "CaseID": "PB-389", "ShowOnWeb": 1, "created_date": "2025-09-17", "PolygonType": "Parcel", "last_edited_date": "2025-09-17"}},{"arcs": [[510, 511, 512, 513]], "type": "Polygon", "id": 45, "properties": {"MapLots": "260-73", "CaseType": "Planning Board Special Permit", "GlobalID": "{6B03FDDC-B7DB-4809-8977-3AA1617B0044}", "CaseStatus": "Built", "ProjectName": "Fresh Pond Mobil", "CaseID": "PB-109", "ShowOnWeb": 0, "created_date": "2025-09-17", "PolygonType": "Parcel", "last_edited_date": "2025-09-17"}},{"arcs": [[-439, 514]], "type": "Polygon", "id": 237, "properties": {"MapLots": "254-32", "CaseType": "Planning Board Special Permit", "GlobalID": "{810FA5B4-1290-4E5C-A4DD-FDFDCB2AF7FA}", "CaseStatus": "Built", "ProjectName": "74 Holworthy St", "CaseID": "PB-327", "ShowOnWeb": 1, "created_date": "2025-09-17", "PolygonType": "Parcel", "last_edited_date": "2025-09-17"}},{"arcs": [[448]], "type": "Polygon", "id": 295, "properties": {"MapLots": "20-103", "CaseType": "Planning Board Special Permit", "GlobalID": "{C66830FC-F690-4267-934F-2A5D2F910F60}", "CaseStatus": "Built", "ProjectName": "Nuestra", "CaseID": "PB-366", "ShowOnWeb": 1, "created_date": "2025-09-17", "PolygonType": "Parcel", "last_edited_date": "2025-09-17"}},{"arcs": [[515, 510]], "type": "Polygon", "id": 46, "properties": {"MapLots": "260-74", "CaseType": "Planning Board Special Permit", "GlobalID": "{326AAA44-F51C-4702-AFA6-7B37205E1D77}", "CaseStatus": "Built", "ProjectName": "Mobil Auto Repair", "CaseID": "PB-190", "ShowOnWeb": 0, "created_date": "2025-09-17", "PolygonType": "Parcel", "last_edited_date": "2025-09-17"}},{"arcs": [[56]], "type": "Polygon", "id": 236, "properties": {"MapLots": "176-53", "CaseType": "Planning Board Special Permit", "GlobalID": "{7AB52EBE-309C-4BDF-9E4C-BAB12BCBEDBA}", "CaseStatus": "Built", "ProjectName": "3-5 Linnaean", "CaseID": "PB-329", "ShowOnWeb": 1, "created_date": "2025-09-17", "PolygonType": "Parcel", "last_edited_date": "2025-09-17"}},{"arcs": [[516]], "type": "Polygon", "id": 280, "properties": {"MapLots": "193-54", "CaseType": "Planning Board Special Permit", "GlobalID": "{D4504C44-4FAA-492D-9696-25F2AB04C2E4}", "CaseStatus": "Built", "ProjectName": "9-11 Jackson St", "CaseID": "PB-374", "ShowOnWeb": 1, "created_date": "2025-09-17", "PolygonType": "Parcel", "last_edited_date": "2025-09-17"}},{"arcs": [[517]], "type": "Polygon", "id": 298, "properties": {"MapLots": "267.4-311", "CaseType": "Planning Board Special Permit", "GlobalID": "{649CCEB2-8E98-45FC-A828-8725D9446385}", "CaseStatus": "Withdrawn", "ProjectName": "Fifteen Wilson", "CaseID": "PB-391", "ShowOnWeb": 0, "created_date": "2025-09-17", "PolygonType": "Parcel", "last_edited_date": "2025-09-17"}},{"arcs": [[518]], "type": "Polygon", "id": 47, "properties": {"MapLots": "234-178", "CaseType": "Planning Board Special Permit", "GlobalID": "{745276BF-EA81-465B-A020-5683BE51C5C9}", "CaseStatus": "Built", "ProjectName": "Car Dealership", "CaseID": "PB-149", "ShowOnWeb": 0, "created_date": "2025-09-17", "PolygonType": "Parcel", "last_edited_date": "2025-09-17"}},{"arcs": [[24]], "type": "Polygon", "id": 235, "properties": {"MapLots": "267.4-247", "CaseType": "Planning Board Special Permit", "GlobalID": "{8588E0BA-6F94-4B72-8EBF-3986F2B69435}", "CaseStatus": "Built", "ProjectName": "CAS Foundation Dispensary", "CaseID": "PB-322", "ShowOnWeb": 0, "created_date": "2025-09-17", "PolygonType": "Parcel", "last_edited_date": "2025-09-17"}},{"arcs": [[519]], "type": "Polygon", "id": 279, "properties": {"MapLots": "105-81", "CaseType": "Planning Board Special Permit", "GlobalID": "{8BDDC1D0-8F7F-491F-B900-9A4E1B5FD662}", "CaseStatus": "Built", "CaseID": "PB-373", "ShowOnWeb": 1, "created_date": "2025-09-17", "PolygonType": "Building", "last_edited_date": "2025-09-17"}},{"arcs": [[90, 91]], "type": "Polygon", "id": 297, "properties": {"MapLots": "162-54", "CaseType": "Planning Board Special Permit", "GlobalID": "{BEDB845F-DA6B-41EB-BC1D-A1E329A341E5}", "CaseStatus": "Permitted", "ProjectName": "57 JFK Street Project", "CaseID": "PB-390", "ShowOnWeb": 1, "created_date": "2025-09-17", "PolygonType": "Parcel", "last_edited_date": "2025-09-17"}},{"arcs": [[520]], "type": "Polygon", "id": 48, "properties": {"MapLots": "229-122", "CaseType": "Planning Board Special Permit", "GlobalID": "{1BBAE1C1-71AF-491F-A227-A51E963EB533}", "CaseStatus": "Built", "ProjectName": "9 Donnell Street", "CaseID": "PB-307", "ShowOnWeb": 0, "created_date": "2025-09-17", "PolygonType": "Parcel", "last_edited_date": "2025-09-17"}},{"arcs": [[521]], "type": "Polygon", "id": 234, "properties": {"MapLots": "38-1", "CaseType": "Planning Board Special Permit", "GlobalID": "{70F3ADCB-674F-474B-8DF4-C4CBDC0EDCC8}", "CaseStatus": "Built", "ProjectName": "King Open School", "CaseID": "PB-323", "ShowOnWeb": 1, "created_date": "2025-09-17", "PolygonType": "Parcel", "last_edited_date": "2025-09-17"}},{"arcs": [[383, 522, 381, 523]], "type": "Polygon", "id": 292, "properties": {"MapLots": "14-46", "CaseType": "Planning Board Special Permit", "GlobalID": "{AB6CABA0-E3CB-4A80-A2F8-9AA6943110CB}", "CaseStatus": "Under construction", "ProjectName": "585 Third", "CaseID": "PB-383", "ShowOnWeb": 1, "created_date": "2025-09-17", "PolygonType": "Parcel", "last_edited_date": "2025-09-17"}},{"arcs": [[524, 525]], "type": "Polygon", "id": 41, "properties": {"MapLots": "265A-43", "CaseType": "Planning Board Special Permit", "GlobalID": "{9BA74DE8-15B4-4F1D-8C78-42AD4BFE3A8B}", "CaseStatus": "Built", "ProjectName": "Hotel Tria", "CaseID": "PB-230", "ShowOnWeb": 0, "created_date": "2025-09-17", "PolygonType": "Parcel", "last_edited_date": "2025-09-17"}},{"arcs": [[526, 527]], "type": "Polygon", "id": 80, "properties": {"MapLots": "54-26", "CaseType": "Planning Board Special Permit", "GlobalID": "{26B521A5-1AC6-40E1-8173-E1F54B5D2EAA}", "CaseStatus": "Built", "ProjectName": "Simmons Hall", "CaseID": "PB-157", "ShowOnWeb": 0, "created_date": "2025-09-17", "PolygonType": "Parcel", "last_edited_date": "2025-09-17"}},{"arcs": [[528]], "type": "Polygon", "id": 233, "properties": {"MapLots": "91-70", "CaseType": "Planning Board Special Permit", "GlobalID": "{DA114511-24B7-4F1E-8DAC-689F8765AEE8}", "CaseStatus": "Built", "ProjectName": "Hotel", "CaseID": "PB-324", "ShowOnWeb": 1, "created_date": "2025-09-17", "PolygonType": "Parcel", "last_edited_date": "2025-09-17"}},{"arcs": [[84, 85]], "type": "Polygon", "id": 291, "properties": {"MapLots": "162-18", "CaseType": "Planning Board Special Permit", "GlobalID": "{FE3DC7D3-9DF6-4047-AFE6-8DE1B1682BE4}", "CaseStatus": "Built", "CaseID": "PB-384", "ShowOnWeb": 1, "created_date": "2025-09-17", "PolygonType": "Parcel", "last_edited_date": "2025-09-17"}},{"arcs": [[-325, 529]], "type": "Polygon", "id": 42, "properties": {"MapLots": "267F-298", "CaseType": "Planning Board Special Permit", "GlobalID": "{6DAF9551-AABF-4257-ABAC-A62E5A748214}", "CaseStatus": "Built", "ProjectName": "Concord-Wheeler", "CaseID": "PB-269", "ShowOnWeb": 0, "created_date": "2025-09-17", "PolygonType": "Parcel", "last_edited_date": "2025-09-17"}},{"arcs": [[530]], "type": "Polygon", "id": 79, "properties": {"MapLots": "97-18", "CaseType": "Planning Board Special Permit", "GlobalID": "{12078768-F45D-48CE-B5E4-78A88972F5DC}", "CaseStatus": "Built", "CaseID": "PB-282", "ShowOnWeb": 0, "created_date": "2025-09-17", "PolygonType": "Parcel", "last_edited_date": "2025-09-17"}},{"arcs": [[226, 531]], "type": "Polygon", "id": 119, "properties": {"MapLots": "41-28", "CaseType": "Planning Board Special Permit", "GlobalID": "{768FF6FF-2790-4CBB-B8DF-ACBD2D262725}", "CaseStatus": "Built", "ProjectName": "Amgen", "CaseID": "PB-150", "ShowOnWeb": 1, "created_date": "2025-09-17", "PolygonType": "Parcel", "last_edited_date": "2026-04-01"}},{"arcs": [[532, 310, 307, 308, 251, 252]], "type": "Polygon", "id": 232, "properties": {"MapLots": "267.1-275", "CaseType": "Planning Board Special Permit", "GlobalID": "{2D404BA0-2558-4813-8C16-16C32ED4B5F0}", "CaseStatus": "Built", "ProjectName": "The Residences at Alewife Station", "CaseID": "PB-326", "ShowOnWeb": 1, "created_date": "2025-09-17", "PolygonType": "Parcel", "last_edited_date": "2025-09-17"}},{"arcs": [[[533, 534, 535, 536, 234, 537, 278, 538]], [[539]], [[540]], [[541]], [[542]]], "type": "MultiPolygon", "id": 294, "properties": {"MapLots": "269-131", "CaseType": "Planning Board Special Permit", "GlobalID": "{D51B1AA3-1D29-4DF1-B128-4082877823C4}", "CaseStatus": "Under construction", "ProjectName": "Alewife Park", "CaseID": "PB-387", "ShowOnWeb": 1, "created_date": "2025-09-17", "PolygonType": "Parcel", "last_edited_date": "2025-09-17"}},{"arcs": [[543, -525]], "type": "Polygon", "id": 43, "properties": {"MapLots": "265A-31", "CaseType": "Planning Board Special Permit", "GlobalID": "{4AD322F9-82F3-4F5B-8B97-BFDCA98A6BF4}", "CaseStatus": "Built", "ProjectName": "One Concord Lane", "CaseID": "PB-072", "ShowOnWeb": 0, "created_date": "2025-09-17", "PolygonType": "Parcel", "last_edited_date": "2025-09-17"}},{"arcs": [[544]], "type": "Polygon", "id": 120, "properties": {"MapLots": "42-6", "CaseType": "Planning Board Special Permit", "GlobalID": "{72E59CAA-B145-4E20-8660-8995B14B75A5}", "CaseStatus": "Expired", "CaseID": "PB-256", "ShowOnWeb": 0, "created_date": "2025-09-17", "PolygonType": "Parcel", "last_edited_date": "2025-09-17"}},{"arcs": [[[360, 545]], [[447, 546]], [[547, 393, 548, 395]], [[549]], [[550, 551]]], "type": "MultiPolygon", "id": 231, "properties": {"MapLots": "43-71", "CaseType": "Planning Board Special Permit", "GlobalID": "{63D06CF4-5E1B-45FF-AD08-E57C6D2DCF7E}", "CaseStatus": "Permitted", "ProjectName": "MXD Infill Development", "CaseID": "PB-315", "ShowOnWeb": 1, "created_date": "2025-09-17", "PolygonType": "Parcel", "last_edited_date": "2025-09-17"}},{"arcs": [[552, -357]], "type": "Polygon", "id": 293, "properties": {"MapLots": "160-11", "CaseType": "Planning Board Special Permit", "GlobalID": "{9EDABEB8-8434-49BB-987E-E8E8248DA7B4}", "CaseStatus": "Under construction", "ProjectName": "The Garage", "CaseID": "PB-386", "ShowOnWeb": 1, "created_date": "2025-09-17", "PolygonType": "Parcel", "last_edited_date": "2025-09-17"}},{"arcs": [[512, 553]], "type": "Polygon", "id": 44, "properties": {"MapLots": "260-46", "CaseType": "Planning Board Special Permit", "GlobalID": "{BBC374B2-ECFA-4356-A4C5-6FB727E53407}", "CaseStatus": "Built", "ProjectName": "Fresh Pond Retail", "CaseID": "PB-234", "ShowOnWeb": 0, "created_date": "2025-09-17", "PolygonType": "Parcel", "last_edited_date": "2025-09-17"}},{"arcs": [[554]], "type": "Polygon", "id": 1, "properties": {"MapLots": "186-84", "CaseType": "Planning Board Special Permit", "GlobalID": "{DD97A99C-14D8-455B-BAE9-78657CD036D6}", "CaseStatus": "Withdrawn", "ProjectName": "2551 Mass. Ave. LLC", "CaseID": "PB-299", "ShowOnWeb": 0, "created_date": "2025-09-17", "PolygonType": "Parcel", "last_edited_date": "2025-09-17"}},{"arcs": [[555]], "type": "Polygon", "id": 124, "properties": {"MapLots": "71-56", "CaseType": "Planning Board Special Permit", "GlobalID": "{9037E137-1A42-415C-A1FF-9AACA862AC27}", "CaseStatus": "Built", "ProjectName": "Pfizer", "CaseID": "PB-238", "ShowOnWeb": 0, "created_date": "2025-09-17", "PolygonType": "Parcel", "last_edited_date": "2025-09-17"}},{"arcs": [[556, 267]], "type": "Polygon", "id": 182, "properties": {"MapLots": "9-31", "CaseType": "Planning Board Special Permit", "GlobalID": "{32C1E8E9-21E3-4ACF-9CED-16AF38D6569A}", "CaseStatus": "Built", "ProjectName": "Sonesta Hotel", "CaseID": "PB-045", "ShowOnWeb": 0, "created_date": "2025-09-17", "PolygonType": "Parcel", "last_edited_date": "2025-09-17"}},{"arcs": [[557]], "type": "Polygon", "id": 216, "properties": {"MapLots": "129-54", "CaseType": "Planning Board Special Permit", "GlobalID": "{A14842C6-9958-4CC3-86C9-F8053B6A0591}", "CaseStatus": "Built", "ProjectName": "Switch House", "CaseID": "PB-207", "ShowOnWeb": 0, "created_date": "2025-09-17", "PolygonType": "Parcel", "last_edited_date": "2025-09-17"}},{"arcs": [[558]], "type": "Polygon", "id": 261, "properties": {"MapLots": "90-125", "CaseType": "Planning Board Special Permit", "GlobalID": "{6516339D-6515-477D-B13C-B69C5E8FDB18}", "CaseStatus": "Built", "ProjectName": "567 Massachusetts Ave", "CaseID": "PB-351", "ShowOnWeb": 1, "created_date": "2025-09-17", "PolygonType": "Parcel", "last_edited_date": "2025-09-17"}},{"arcs": [[559]], "type": "Polygon", "id": 348, "properties": {"MapLots": "76-49", "CaseType": "Affordable Housing Overlay Design Review", "GlobalID": "{9C36A0DD-F800-414C-A72A-116D09FF3EBE}", "CaseStatus": "Reviewed", "ProjectName": "Broadway Park", "CaseID": "AHO-011", "ShowOnWeb": 1, "created_date": "2026-04-06", "PolygonType": "Parcel", "last_edited_date": "2026-04-06"}},{"arcs": [[-182, 560]], "type": "Polygon", "id": 40, "properties": {"MapLots": "264-104", "CaseType": "Planning Board Special Permit", "GlobalID": "{FFE225BC-0454-4C3A-97DD-9AC92FC3519E}", "CaseStatus": "Built", "CaseID": "PB-286", "ShowOnWeb": 1, "created_date": "2025-09-17", "PolygonType": "Parcel", "last_edited_date": "2025-09-17"}},{"arcs": [[561]], "type": "Polygon", "id": 63, "properties": {"MapLots": "144-1", "CaseType": "Planning Board Special Permit", "GlobalID": "{6A62ACBC-8895-48D3-9FC5-8A927AAFAA88}", "CaseStatus": "Built", "ProjectName": "Harvard North Yard", "CaseID": "PB-160", "ShowOnWeb": 0, "created_date": "2025-09-17", "PolygonType": "Building", "last_edited_date": "2025-09-17"}},{"arcs": [[-551, 562]], "type": "Polygon", "id": 123, "properties": {"MapLots": "43A-21", "CaseType": "Planning Board Special Permit", "GlobalID": "{F0A8BD61-29BC-4CA7-8C76-64EB554477FF}", "CaseStatus": "Built", "ProjectName": "Technology Square", "CaseID": "PB-144", "ShowOnWeb": 0, "created_date": "2025-09-17", "PolygonType": "Parcel", "last_edited_date": "2025-09-17"}},{"arcs": [[[563, 564]], [[565, 47]], [[566]]], "type": "MultiPolygon", "id": 181, "properties": {"MapLots": "10-37", "CaseType": "Planning Board Special Permit", "GlobalID": "{58CDD738-42B4-415F-9848-4E255852A3D4}", "CaseStatus": "Withdrawn", "ProjectName": "First Street PUD", "CaseID": "PB-297", "ShowOnWeb": 0, "created_date": "2025-09-17", "PolygonType": "Parcel", "last_edited_date": "2025-09-17"}},{"arcs": [[567, 307]], "type": "Polygon", "id": 2, "properties": {"MapLots": "267.1-276", "CaseType": "Planning Board Special Permit", "GlobalID": "{44639DA0-A8FC-4471-841B-AA017C2174E1}", "CaseStatus": "Built", "ProjectName": "Faces", "CaseID": "PB-254", "ShowOnWeb": 0, "created_date": "2025-09-17", "PolygonType": "Parcel", "last_edited_date": "2025-09-17"}},{"arcs": [[568]], "type": "Polygon", "id": 215, "properties": {"MapLots": "123-72", "CaseType": "Planning Board Special Permit", "GlobalID": "{ADED6487-E2FA-4764-8B21-25146C1B4C1B}", "CaseStatus": "Built", "CaseID": "PB-250", "ShowOnWeb": 0, "created_date": "2025-09-17", "PolygonType": "Parcel", "last_edited_date": "2025-09-17"}},{"arcs": [[569]], "type": "Polygon", "id": 262, "properties": {"MapLots": "169-67", "CaseType": "Planning Board Special Permit", "GlobalID": "{90ABF848-613D-44DD-953C-AABBEF8540D5}", "CaseStatus": "Built", "ProjectName": "31 Church Street", "CaseID": "PB-352", "ShowOnWeb": 1, "created_date": "2025-09-17", "PolygonType": "Parcel", "last_edited_date": "2025-09-17"}},{"arcs": [[570]], "type": "Polygon", "id": 347, "properties": {"MapLots": "36-272", "CaseType": "Planning Board Advisory Consultation", "GlobalID": "{10502C1E-0EE4-48EB-8D33-C5EA68A96209}", "CaseStatus": "Withdrawn", "ProjectName": "16-28 Porter St", "CaseID": "PBAC-001", "ShowOnWeb": 0, "created_date": "2026-04-01", "PolygonType": "Parcel", "last_edited_date": "2026-04-07"}},{"arcs": [[571]], "type": "Polygon", "id": 39, "properties": {"MapLots": "271-77", "CaseType": "Planning Board Special Permit", "GlobalID": "{1942A53F-3110-4893-AC17-A1CEA352A86F}", "CaseStatus": "Built", "ProjectName": "16-18 Bellis Cir", "CaseID": "PB-291", "ShowOnWeb": 1, "created_date": "2025-09-17", "PolygonType": "Parcel", "last_edited_date": "2025-09-17"}},{"arcs": [[141, 142]], "type": "Polygon", "id": 64, "properties": {"MapLots": "106-103", "CaseType": "Planning Board Special Permit", "GlobalID": "{3F48F111-9D94-411B-9800-7B0A691BAB3F}", "CaseStatus": "Built", "CaseID": "PB-122", "ShowOnWeb": 0, "created_date": "2025-09-17", "PolygonType": "Parcel", "last_edited_date": "2025-09-17"}}]}},"arcs":[[[3964, 4308], [-15, -13], [-19, -17]],[[3930, 4278], [38, -27], [19, 17], [-21, 42], [-2, -2]],[[3387, 8704], [-16, 26], [43, 50], [5, -7], [10, -19], [-36, -43], [-5, -5], [-1, -2]],[[4882, 3978], [-3, 2], [-90, 46], [-1, 0], [-1, 0], [0, -1], [-1, 0], [0, -1], [-6, -44], [46, -73], [10, -15], [4, -7], [42, 93]],[[7720, 3619], [16, 0], [1, 0], [0, -1], [8, 56], [-2, 1], [-22, 6], [-1, -62]],[[1922, 8408], [1, 5], [1, 5], [1, 5], [1, 5], [0, 5], [1, 5], [1, 6], [1, 5], [1, 6], [1, 5], [1, 6], [1, 5], [1, 6], [1, 5], [1, 6], [1, 5], [1, 5], [1, 5], [1, 5], [1, 6], [1, 5], [1, 5], [1, 5], [1, 6], [1, 3], [0, 4], [1, 4], [1, 6], [2, 5], [1, 6], [1, 6], [0, 5], [1, 6], [1, 5], [1, 6], [0, 4], [0, 4], [0, 5], [1, 5], [0, 5], [0, 7], [-5, 0], [0, 29], [-1, 4], [0, 3], [-1, 3], [-1, 3], [-1, 4], [-2, 2], [-1, 3], [-2, 3], [-2, 2], [-2, 2], [-28, 28], [-6, 6], [-11, 10], [-17, 17], [-3, 2], [-3, 1], [-3, 2], [-3, 1], [-3, 0], [-3, 0], [-3, 0], [-3, 0], [-32, -3], [28, -105], [9, -33], [0, -2], [1, -1], [8, -34], [6, -26], [19, -65], [2, -5], [1, -5], [2, -5], [2, -5], [2, -5], [2, -5], [1, -4], [2, -5], [2, -5], [2, -5], [2, -4], [2, -4], [2, -3], [2, -4], [-1, -2], [0, -1], [3, -3], [3, -4], [0, 5]],[[1461, 7571], [-7, 4], [-2, 1], [-5, 2], [-72, 37], [-1, 0], [-1, 1], [-1, 1], [0, 1], [-1, 1], [0, 1], [0, 1], [0, 1], [0, 1], [-2, 49], [-1, 41], [-1, 50], [-1, 16], [0, 3], [-2, 94], [-1, 9]],[[1363, 7885], [82, 3], [7, 0]],[[1452, 7888], [1, -36], [2, -63]],[[1455, 7789], [0, -5], [3, -120]],[[1458, 7664], [2, -59], [1, -34]],[[1093, 7900], [-12, -65], [-18, -91]],[[1063, 7744], [19, -8], [41, -16], [8, 38], [14, 67], [12, 59], [-41, 16], [-15, 0], [-8, 0]],[[832, 7872], [-5, 39], [-1, 6], [-2, 28], [-25, -5], [2, -27], [-2, -77], [38, -13], [-5, 49]],[[986, 8024], [-20, -10], [-23, -21], [-50, -49], [-3, 5], [-2, 4], [-48, -47], [-2, 19], [-3, 31], [-4, 65], [75, 6], [21, 7], [5, 2], [30, 14], [9, 5], [0, 1], [16, 6], [4, -12], [-5, -26]],[[772, 8035], [1, 3], [-140, 48], [-8, -48], [-2, -12], [-1, -3]],[[622, 8023], [2, -4], [1, -1], [13, -30], [-1, 0], [0, -1], [-1, -1], [-1, 0], [-1, -1], [-1, -1], [0, -1], [-1, -1], [0, -2], [-1, -1], [0, -1], [-1, -2], [0, -1], [0, -2], [-3, -48], [-1, -19], [-2, -19], [0, -8]],[[624, 7879], [17, -4], [12, -3], [3, -1], [22, -5], [9, -2], [12, -3], [11, 106], [29, -9], [4, -2], [20, -6], [5, 28]],[[768, 7978], [14, -4], [14, -5], [25, 4], [-4, 45], [-25, 10], [-20, 7]],[[1263, 8222], [7, 0], [65, 2]],[[1335, 8224], [1, -23], [1, -29], [0, -10], [0, -7], [1, -28], [0, -6], [1, -36], [1, -10], [1, -37], [-1, 0], [0, -6], [2, -72], [1, -30], [3, -112], [0, -1], [0, -7], [1, -23], [3, -111], [1, -26], [0, -1], [0, -4], [1, -8], [0, -1], [0, -1], [0, -1], [0, -1], [-1, 0], [0, -1], [0, -1], [-1, 0], [0, -1], [-1, 0], [0, -1], [-1, 0], [-1, 0], [0, 1], [-1, 0], [-29, 12], [-17, 7], [-32, 13], [-11, 4], [-5, 2], [-24, 10], [-84, 34], [-1, 1], [-1, 0], [0, 1], [-1, 0], [0, 1], [-1, 1], [0, 1], [0, 1], [-1, 1], [0, 1], [0, 1], [0, 1], [1, 1], [15, 74], [0, 1], [6, 29], [3, 17], [3, 16], [1, 4], [3, 14], [0, 9], [0, 3], [0, 12], [-1, 43], [-1, 31], [-1, 19], [-3, 94], [0, 23], [0, 18], [0, 11], [-1, 22], [0, 12], [-1, 9], [0, 6], [0, 5], [-1, 10], [-2, 11], [-2, 4], [-12, 22], [33, 31], [32, 30], [-105, 24], [-26, 6], [1, 9], [12, 106], [26, -6], [135, -33], [64, -53], [0, -1], [2, -3], [2, -2], [1, -2], [0, -1], [1, -2], [3, -4], [2, -5], [1, -1], [2, -4], [0, -2]],[[1332, 8329], [-3, -1], [-3, -1], [-3, -1]],[[1323, 8326], [-4, -3], [-17, -19], [-4, -5], [-2, -4], [-6, -9], [-7, -12], [-4, -7]],[[1279, 8267], [0, -1], [-6, -13], [-1, -3], [-2, -5], [-2, -6], [-1, -3], [-1, -3], [-1, -3], [-1, -5], [-1, -3]],[[1229, 8440], [2, 23], [12, -6], [23, -13], [30, -14], [77, -24], [-2, -20], [-63, 14], [-3, 3], [0, 1], [-4, 3], [-3, 2], [-3, 3], [-4, 3], [-3, 2], [-4, 3], [-4, 2], [-3, 2], [-4, 2], [-4, 2], [-3, 2], [-4, 1], [-4, 2], [-4, 1], [-4, 1], [-4, 1], [-3, 1], [-4, 1], [-10, 2]],[[969, 8357], [-101, 22]],[[868, 8379], [1, 10], [13, 106], [101, -23], [-13, -106], [-1, -9]],[[866, 8511], [-104, 25], [-1, -52], [0, -18], [-2, -58], [-19, 5], [-2, -24], [-8, -65], [-5, -42], [110, -26]],[[835, 8256], [4, -1], [-1, -10], [-1, -7], [-7, -57], [-2, -16], [-7, -41], [-10, -64], [0, -10], [3, 0], [2, -18], [-41, 15], [-140, 48], [4, 23], [83, -28], [8, -3], [22, -7], [9, 57], [-12, 5], [-7, 3], [3, 20], [6, 35], [-2, 0], [-8, 2], [10, 57], [-49, 11], [0, 6], [1, 7], [0, 4], [4, 32], [1, 3], [9, 72], [-63, 14], [-28, 7], [-35, 8], [0, -1], [-1, 0], [-34, 9], [-46, 10], [-11, 91], [63, 14], [1, 11], [2, 12], [10, 3], [0, 16], [-4, 42], [-2, 0], [-17, -4], [-62, -14], [-3, 0], [-3, -1], [0, 1], [-24, 160], [-11, 70], [-1, 2], [-3, 18], [21, -10], [71, -31], [68, -31], [22, -11], [31, -14], [40, -19], [92, -42], [88, -40], [6, -3], [-1, -10], [-16, -134], [-1, -6]],[[961, 8646], [-17, -137], [-60, 14], [14, 112], [1, 13], [0, 3]],[[899, 8651], [0, 2], [1, 8], [2, 18], [-8, 3], [-4, 1], [-6, 3], [-73, 31], [-37, 18], [-21, 9], [-41, 20], [-9, 4], [-76, 33], [-8, 4], [-6, 3], [-85, 38], [-5, 2], [-8, 4], [-57, 26], [-8, 3], [-4, 18], [-10, 8], [-1, 5], [-1, 10], [-11, 60], [10, 1], [-1, 1], [-1, 11], [35, -11], [9, -3], [73, -24], [5, -2], [47, -16], [27, -14], [16, -7], [87, -40], [70, -32], [57, -26], [40, -24], [5, -4], [3, -1], [9, -3], [9, -3], [30, -14], [45, -34], [16, -18], [-1, -7], [-1, -10], [-10, -65], [-41, 9]],[[3788, 4038], [-1, 0], [8, 25], [1, 1], [-36, 24], [3, 10], [24, 71], [6, 17], [4, 15], [7, -4], [29, 81], [2, 5], [8, -5], [3, 6], [4, 11], [53, -40], [-23, -66], [-2, -5], [-1, -4], [-2, -4], [-2, -4], [-2, -4], [-2, -4], [-53, -83], [-1, 0], [-11, -18], [-16, -25]],[[4773, 5563], [5, 2], [0, 2], [-7, 36], [-1, 0], [1, 26], [0, 10], [1, 0], [1, 7], [0, 5], [-2, 0], [4, 75], [3, 0], [-1, -7], [13, 4], [-1, 2], [13, 3], [20, 6], [21, 6], [-17, 37], [-24, 1], [-18, 1], [-6, 0], [-1, 0], [0, 2], [-12, 1], [-1, -2], [-10, 1], [-1, -2], [1, 0], [3, -1], [0, -7], [-3, 0], [-3, 0], [-9, 1], [0, -2], [-2, 0], [1, 2], [-12, 1], [0, -2], [-2, -60], [0, -7], [-2, -36], [-2, -40], [3, 0], [2, 0], [3, 0], [3, 0], [1, 0], [0, 2], [1, -1], [0, -1], [0, -1], [1, 0], [0, -7], [-1, -9], [0, -2], [-13, 1], [-31, 2], [0, -16], [1, 0], [0, -3], [-1, 0], [-1, -15], [0, -1], [0, -2], [0, -9], [0, -2], [0, -2], [-3, 1], [0, -5], [-1, -14], [4, -1], [9, -1], [3, 0], [0, 2], [47, -4], [0, 18], [-1, 0], [1, 7], [3, 1], [2, 1], [2, -10], [8, 3], [8, 3]],[[4815, 3872], [0, 1], [-46, 72], [-13, -17], [-14, -18], [5, -24], [28, -30], [17, -13], [23, 29]],[[6758, 2114], [-53, 7], [-19, 3], [-1, 0], [-4, -56], [-4, -53], [73, -10], [4, 44], [4, 65]],[[2350, 8567], [-28, 5], [-3, -57], [0, -6], [33, -5]],[[2352, 8504], [0, 1], [-2, 62]],[[8714, 4053], [1, -3], [1, -3], [0, -3], [1, -4], [0, -3], [-5, -39], [-40, 10], [3, 26], [13, -3], [3, 28], [23, -6]],[[4347, 4259], [-21, 11], [-1, 0], [-2, 0], [-1, 0], [-1, 0], [-1, 0], [-1, 0], [-1, 0], [-1, -1], [-1, -1], [-1, -1], [-1, -1], [-1, -1], [-1, -1], [-7, -16], [-16, -38], [16, -14], [18, -16]],[[4323, 4180], [11, 32], [23, -14], [13, 48], [-23, 13]],[[3585, 7799], [-2, -5], [-1, -1], [-7, -14], [-4, -6], [-1, -2], [-1, 0], [0, -1], [-1, 0], [-1, 1], [-1, 0], [-1, 1], [-1, 0], [-1, 0], [-1, -1], [-1, 0], [-1, 0], [0, -1], [-1, 0], [-1, -1], [-1, -1], [0, -1], [-1, -1], [0, -1], [-1, -1], [0, -1], [-1, -1], [0, -1], [0, -1], [-1, -1], [0, -2], [0, -1], [0, -1], [0, -1], [0, -2], [0, -2], [0, -2], [1, -1], [-8, -13], [-5, -9], [-4, -6], [-10, 3], [-9, 3], [-8, 2], [-8, 3], [-8, 2], [-9, 3], [-8, 2], [-6, 2], [-3, -4], [-1, -2], [-7, 2], [-9, 3], [1, 46], [16, 1], [3, 0], [7, 3], [5, 22], [12, -7], [3, -2], [6, -3], [9, 16], [3, 6], [7, 12], [6, 10], [4, 7], [3, 5], [6, 12], [7, 12], [11, -13], [10, -11], [1, -2], [-1, -3], [8, -8], [7, -8], [12, -14], [-10, -18], [-2, -2]],[[3648, 7732], [13, -11], [0, 1], [16, -12], [0, -2], [-5, -13], [0, -1], [-7, -18], [-12, 4], [-17, 5], [-13, 4], [-22, 7], [0, 3], [7, 18], [0, 1], [1, 2], [7, -7], [7, 12], [-8, 8], [-5, 5], [-3, 4], [-7, 7], [-4, 4], [-3, 3], [-3, 4], [-4, 4], [2, 3], [4, 8], [5, 8], [0, 1], [4, -4], [3, -4], [4, -4], [3, -3], [3, -4], [1, -1], [1, -1], [4, -3], [1, -1], [4, -3], [6, -5], [11, -9], [4, -4], [-1, -4], [3, -2]],[[9919, 3420], [9, 12], [10, 11], [10, 9], [11, 9], [11, 7], [11, 5], [12, 4], [1, 1], [1, 1], [1, 1], [1, 1], [1, 1], [0, 2], [0, 1], [1, 2], [-1, 1], [0, 2], [0, 1], [-1, 2], [-1, 1], [-56, 75], [-16, 14], [-82, -63], [-2, -3], [16, -18], [27, -33], [36, -46]],[[1822, 8510], [-171, 5], [-9, 0], [0, 6]],[[1642, 8521], [1, 100], [1, 25], [0, 65], [1, 34]],[[1645, 8745], [116, -6], [66, -224], [-7, 0], [2, -5]],[[8867, 2916], [7, 57], [-8, 2], [-21, 5], [-2, 1], [-37, 9], [-53, 12], [-14, -113], [95, -23], [26, -7]],[[8860, 2859], [3, 0], [38, -10], [2, 16], [1, 14], [1, 4], [3, 23], [6, 58], [-26, 6], [-7, -58], [-14, 4]],[[8889, 2751], [-6, -44], [-47, 11], [-9, 2], [-23, 5], [-1, 1], [7, 59], [6, 56], [3, -1], [20, -6], [18, -4], [-7, -56], [40, -10], [-1, -13]],[[8837, 3012], [-44, 12], [9, 70], [9, -2], [6, 43], [34, -8]],[[8851, 3127], [9, -3], [31, -8]],[[8891, 3116], [42, -10], [-12, -91], [-3, -24], [-41, 11], [-40, 10]],[[8944, 3207], [5, 43], [-16, 4], [-36, 8], [-5, -43]],[[8892, 3219], [-9, -71], [13, -4], [19, -4], [20, -5]],[[8935, 3135], [9, 72]],[[2062, 7197], [-14, -4], [-14, -4], [11, -67], [-13, -13], [-3, -3], [4, -3], [16, -11], [16, -10], [16, -12], [7, 15], [7, 19], [8, 17], [7, 17], [10, 23], [-15, 15], [-5, 1], [-3, -3], [-5, -4], [-9, -9], [-13, -13], [0, -1], [-8, 50]],[[4290, 6710], [0, -1], [0, -1], [-1, -1], [0, -1], [-1, 0], [0, -1], [-20, -7], [-38, -14], [-21, -9], [-10, 53], [-3, 17], [9, 2], [51, 9], [11, 2], [2, 1], [2, 0], [23, 4], [-4, -53]],[[4011, 4181], [-30, -84], [-24, 17], [-24, 17], [12, 33], [4, 10], [1, 3], [1, 5], [1, 2], [1, 4], [10, 27], [24, -17], [24, -17]],[[3702, 8006], [-3, -5], [-3, -5], [-19, -34], [-25, 28], [-23, 28], [17, 29], [2, 4], [3, 4], [3, 6], [23, -27], [4, -4], [21, -24]],[[8311, 2258], [0, -3], [-3, 1], [-1, -8], [-1, 0], [-6, -19], [2, -1], [0, -2], [2, 0], [0, -1], [-2, -7], [0, -1], [-5, 2], [-7, -24], [-4, -12], [75, -35], [18, 79], [-68, 31]],[[3036, 8590], [-1, 27], [-75, -3], [0, -27], [41, 2], [35, 1]],[[6062, 2610], [-23, 26], [27, 50], [24, -27]],[[6090, 2659], [-28, -49]],[[4384, 6837], [-4, 0], [-21, 3], [-20, 2], [-1, -10], [-1, -18], [27, -3], [5, -1], [4, 0], [10, -1], [1, 28]],[[4181, 4120], [-15, -34], [-14, -32], [-8, 7], [-10, 8], [-17, 15], [-35, 31], [8, 14], [1, 4], [2, 3], [3, 2], [2, 3], [3, 2], [2, 3], [3, 1], [3, 2], [25, -3], [3, 0], [3, 0], [3, 0], [2, -1], [2, -1], [2, -1], [11, -7], [1, -1], [18, -14], [2, -1]],[[4632, 5147], [4, -21], [-13, -4], [-7, -3], [-1, 0], [-2, -1], [-6, -3], [-3, -1], [-3, 13], [-1, 7], [-3, 14], [0, 2], [0, 1], [-1, 4], [-1, 5], [5, 2], [1, 0], [2, 1], [11, 5], [1, 0], [11, 9], [1, -5], [1, -5], [0, -1], [2, -10], [2, -9]],[[9146, 3276], [0, -1], [-1, -10], [61, -62]],[[9206, 3203], [17, -17], [44, -45], [-5, -8], [-39, 42], [-22, 23], [-17, -33], [-6, -56], [44, -47], [-18, -37], [-1, -1], [-16, -32], [-1, -2], [0, -1], [-1, -1], [-26, -49], [-36, 4], [-12, 2], [-9, 3], [-6, -5], [-3, 0], [-2, -16], [-1, -6], [-1, -6], [0, -1], [-1, -12], [-40, 9], [2, 17], [-25, 6], [-7, -59], [-7, 1]],[[9011, 2876], [6, 51], [1, 17], [-79, 19]],[[8939, 2963], [3, 29], [7, 58], [6, 46], [9, 69], [0, 6], [10, 80], [1, 3], [8, 67], [2, 17], [7, 60], [63, -17], [0, -5], [0, -5], [1, -6], [0, -5], [1, -5], [1, -5], [1, -5], [2, -6], [1, -5], [2, -4], [2, -5], [2, -5], [2, -4], [2, -4], [3, -4], [3, -4], [2, -4], [3, -3], [3, -3], [3, -3], [3, -3], [3, -3], [2, -1], [2, -1], [3, -2], [4, -2], [3, -2], [4, -1], [3, -1], [4, -1], [0, 1], [4, -1], [4, -1], [4, 1], [4, 0], [4, 0], [3, 1], [3, 1]],[[5037, 3643], [-32, 40], [-20, -25], [22, -34], [12, -19], [5, -1], [1, 2], [9, 25], [3, 12]],[[1568, 8427], [56, -23], [257, -81], [1, 41], [1, 30], [-29, 60], [-30, 52], [-2, 4]],[[1642, 8521], [-43, 26], [-1, 1], [-7, 4], [-28, 0]],[[1563, 8552], [-2, -7], [84, -35], [-2, -11], [-60, 24], [-18, 2], [3, -98]],[[221, 8706], [4, -10], [-6, -4], [-15, -11], [-176, -119], [-28, 180], [0, 3], [23, 6], [23, 16], [28, 18], [8, 6], [7, 4], [15, 10], [27, 58], [50, -89], [40, -68]],[[4001, 4043], [-69, -161], [-131, 118], [1, 0], [2, 0], [1, 1], [1, 1], [2, 1], [1, 1], [1, 1], [1, 1], [1, 2], [1, 1], [0, 2], [1, 1], [1, 2], [0, 2], [0, 2], [0, 2], [1, 2], [0, 2], [-1, 2], [0, 2], [0, 1], [-1, 2], [0, 1], [0, 2], [0, 1], [-1, 2], [0, 1], [1, 2], [0, 1], [0, 1], [0, 2], [1, 1], [0, 2], [1, 1], [1, 1], [8, 13], [47, 71], [0, 1], [0, 1], [1, 1], [1, 0], [0, 1], [1, 1], [1, 0], [1, 1], [1, 0], [1, 0], [1, 0], [1, 0], [1, -1], [1, 0], [104, -77], [3, -2], [3, -3], [4, -2], [4, -3], [3, -2], [-3, -6]],[[4059, 3751], [-3, 3], [19, 43], [26, 59], [1, 1], [0, 1], [0, 1], [1, 1], [0, 1], [0, 1], [0, 1], [0, 1], [0, 2], [0, 1], [-60, 118], [-2, 5], [-7, 14], [-5, 13], [-2, 2], [-1, 2], [-1, 2], [-2, 1], [-1, 2], [-2, 1], [-1, 1], [-78, -175], [-22, -49], [118, -103], [22, 50]],[[9206, 3203], [17, 34], [21, 40], [-21, 21], [-29, 32], [-2, -5], [-2, -5], [-2, -5], [-2, -4], [-3, -4], [-3, -4], [-3, -4], [-3, -4], [-3, -3], [-3, -3], [-3, -3], [-4, -2], [-4, -3], [-3, -2], [-4, -1], [-4, -2]],[[6369, 3651], [-11, 7], [-4, 3], [-1, -2], [-3, -9], [-4, -10], [-1, -3], [-12, -33], [-7, -18], [0, -1], [56, -41], [8, 22], [11, 28], [4, 14], [1, 0], [0, 1], [1, 2], [-18, 13], [-18, 25], [-2, 2]],[[1633, 8745], [-1, -35], [-1, -46], [-70, 1], [-11, 1]],[[1550, 8666], [0, 83]],[[1550, 8749], [13, -1], [70, -3]],[[3165, 7455], [2, 1], [103, 70]],[[3270, 7526], [-3, 10], [0, 1], [-2, 5], [-10, 33], [-10, 33], [32, 20], [0, 3], [-11, 32], [-93, 27], [-88, 24], [-54, 16], [-29, 9], [-3, 1], [-1, 0], [1, -39], [-57, -2], [0, -6], [-15, -1], [-41, -2], [2, -51], [-40, -4], [1, -9], [0, -3], [1, -36], [26, 2], [7, 0], [1, -23], [37, -15], [2, -7], [23, -69], [5, 4], [8, -25], [126, 87], [4, 3], [25, -1], [24, -4], [27, -84]],[[4097, 4022], [-12, 14]],[[4085, 4036], [5, 12], [6, 13], [9, 19], [13, -11], [-4, -9], [-17, -38]],[[5278, 4474], [0, -1], [1, -1], [0, -1], [0, -1], [0, -1], [0, -1], [-1, -1], [3, -2], [-3, -8], [-7, -19], [1, 2], [0, -1], [1, 0], [1, -2], [1, 0], [4, 12], [7, -5], [7, -5], [0, -1], [-4, -9], [-2, -5], [-3, 3], [-2, -7], [5, -3], [4, -3], [4, -3], [0, 3], [1, 1], [2, -1], [1, 3], [5, 12], [2, -2], [1, 0], [23, -17], [0, -1], [1, 0], [1, -1], [1, -1], [2, -1], [4, -3], [6, -5], [2, -1], [1, -1], [9, -7], [-3, -19], [-1, 1], [-2, -11], [2, -1], [0, -17], [2, -1], [-5, -14], [-41, 29], [0, 1], [-2, -3], [-3, 2], [0, 1], [-3, 2], [1, 1], [1, 2], [-1, 0], [-5, 4], [-11, 9], [0, 1], [2, 5], [3, 8], [2, -1], [4, 11], [-10, 8], [-8, 6], [-2, -6], [1, -1], [0, -1], [1, 0], [0, -1], [1, -1], [0, -1], [0, -1], [0, -1], [0, -1], [0, -1], [0, -2], [0, -1], [0, -1], [-1, 0], [0, -1], [-1, -1], [0, -1], [-1, 0], [-1, -1], [-1, 0], [-1, 0], [-1, 0], [-1, 0], [-1, 0], [-25, 19], [0, -1], [-2, 1], [-1, -1], [-1, 0], [-1, 0], [-1, 0], [-1, 1], [-1, 1], [-7, 4], [-3, 3], [1, 3], [0, 2], [9, 23], [15, -11], [0, 2], [12, 31], [-1, 0], [3, 8], [3, -2], [1, 1], [0, 1], [1, 1], [1, 0], [1, 0], [1, 0], [1, 0], [1, -1], [1, -1]],[[4955, 3792], [-10, -13], [-20, -26], [-18, 28], [29, 38], [19, -27]],[[3113, 8747], [0, -1], [-16, -17], [-9, -10], [-4, -5], [-1, -1], [-17, -21], [-15, -17], [0, 18], [0, 2], [0, 8], [25, 25], [-7, 11], [19, 21], [1, 1], [10, 11], [14, -25]],[[2023, 7451], [96, -144], [-2, -1], [-25, -7], [-24, -8], [-50, 72], [-43, 62], [2, 5], [2, 4], [2, 5], [1, 5], [2, 5], [2, 5], [2, 5], [2, 5], [1, 5], [2, 5], [2, 5], [2, 5], [1, 5], [25, -38]],[[4108, 4011], [6, -8]],[[4114, 4003], [37, -43], [0, 1], [25, 58], [-46, 40], [-22, -48]],[[6598, 3957], [-1, 2], [-6, 8], [-5, 8], [-12, 19], [-4, -10], [-8, -21], [-11, -29], [-2, -7], [35, -27], [6, 16], [-6, 4], [2, 7], [12, 30]],[[4879, 3677], [-5, -12], [-21, 14], [-19, 13], [-17, 13], [9, 25], [-1, 1], [5, 12], [14, 39], [15, -11], [3, -2], [17, -13], [2, -1], [0, -1], [-14, -38], [8, -6], [8, -6], [5, -3], [-9, -24]],[[1539, 8750], [-4, 0], [-44, 7], [-76, 14]],[[1415, 8771], [0, -1], [-21, -118], [103, -45], [43, -8], [-1, 151]],[[4284, 6606], [-49, 3], [-1, 46], [54, 19], [-1, -15], [-3, -52], [0, -1]],[[4068, 4000], [-2, 7], [-1, 5], [-1, 11], [-2, 9], [0, 5], [8, -7], [4, 0], [4, 9], [2, -1], [4, -4]],[[4084, 4034], [-16, -34]],[[9371, 3344], [-18, -40], [-27, 26], [-63, 63], [-39, 39], [-20, 19], [-26, 25], [21, 40], [20, 41], [4, -5], [1, -1], [19, -22], [11, -13], [8, -7], [7, -6], [6, -6], [14, -13], [9, -9], [2, -1], [2, -2], [15, -14], [49, -46], [-21, -43], [26, -25]],[[2551, 8620], [-1, 21], [0, 6], [-49, -1], [1, -28], [31, 1], [18, 1]],[[6448, 2262], [-16, -50], [-34, 18], [-26, 29], [-8, 8], [31, 54], [53, -59]],[[4156, 7575], [33, 17], [10, 6], [26, 14], [9, 6], [-14, 30], [-4, 7], [-40, -26], [-16, -11], [-18, -12], [3, -6], [11, -25]],[[4068, 4000], [3, -10], [5, -11], [8, -15], [30, 39]],[[4108, 4011], [-11, 11]],[[4085, 4036], [-1, -2]],[[9071, 3510], [-2, -18], [-2, -15], [-4, -26], [-6, -42], [-61, 16], [6, 53], [6, 48], [63, -16]],[[2939, 7913], [9, 50]],[[2948, 7963], [5, 23], [-30, 10], [-4, 1], [-12, -73], [6, -2], [26, -9]],[[4234, 6503], [3, -24], [-7, 1], [0, -2], [-1, -15], [-11, 1]],[[4218, 6464], [12, -27], [4, 3], [5, 0], [37, -5], [1, 18], [0, 17], [0, 3], [0, 2], [4, 82], [0, 1], [-24, 2], [-28, 3], [-1, -24], [6, -36]],[[3904, 8017], [-23, -56]],[[3881, 7961], [2, -1], [26, -23], [4, 9], [10, -10], [13, -11], [20, 47], [-10, 9], [-7, 6], [-9, 8], [-7, 6], [-19, 16]],[[8968, 3395], [-15, -117], [-151, 37], [-10, 3], [4, 35], [5, 39], [31, -7], [5, 40], [0, 1], [131, -31]],[[5307, 3335], [-41, -118], [-22, 15], [8, 23], [-49, 33], [30, 98], [74, -51]],[[7854, 1484], [-18, -12], [-27, 83], [-1, 2], [-1, 2], [-12, 38], [0, 2], [-20, 64], [-7, 21], [-1, 4], [-1, 4], [-1, 4], [-1, 4], [0, 5], [0, 4], [0, 5], [1, 13], [4, 64], [6, 76], [7, 99], [71, -10], [2, -1], [-5, -78], [28, -4], [-1, -21], [0, -1], [0, -2], [-1, -11], [1, -1], [4, 0], [6, -1], [27, -4], [16, -3], [47, -6], [-3, -47], [-1, -25], [-2, -18], [-3, -47], [0, -1], [-3, -37], [-4, -50], [-2, -39], [-1, -1], [0, -1], [0, -2], [0, -1], [-1, -1], [0, -2], [-1, -1], [-1, -1], [0, -1], [-1, -1], [-1, 0], [-30, -20], [-30, -18], [-1, -1], [-9, -5], [-8, -6], [-17, -11], [-1, 0], [-3, -2]],[[8022, 1591], [4, 3], [20, 13], [18, 11], [1, 1], [1, 0], [1, 1], [1, 1], [1, 1], [0, 1], [1, 1], [1, 2], [0, 1], [1, 1], [0, 2], [0, 1], [0, 4], [9, 114], [2, 24], [0, 3], [1, 18], [1, 8], [3, 57], [1, 2], [3, 58], [-45, 8], [-42, 7], [-4, -57], [0, -2], [-6, -102], [-1, -1], [-3, -35], [-1, -15], [0, -5], [0, -7], [-2, -28], [-1, -24], [0, -5], [-4, -41], [-1, -14], [-2, -21], [7, -8], [35, 22]],[[8188, 1764], [4, 74], [1, 11], [1, 10], [3, 41], [-40, 9], [-48, 6], [-2, -27], [-2, -31], [-11, -140], [0, -4], [8, -1], [6, -2], [10, 6], [0, 1], [15, 9], [7, 5], [1, 13], [16, -2], [29, -5], [2, 27]],[[7984, 1863], [-2, -23], [-3, 1], [-20, 2], [-40, 6], [-29, 4], [3, 44], [0, 3], [0, 3], [3, 46], [22, -3], [18, -2], [6, -1], [7, -1], [2, 0], [15, -2], [12, -2], [12, -2], [-1, -6], [-1, -7], [-2, -33], [0, -3], [0, -4], [-2, -20]],[[8265, 1874], [-11, 4], [-41, 13], [-5, -69], [-2, -31], [-2, -28], [-2, -20], [0, -6]],[[8202, 1737], [52, -8], [5, 70], [3, 37], [3, 38]],[[2960, 8644], [0, 20], [0, 9], [-50, -1], [1, -29], [49, 1]],[[3881, 7961], [-24, 21], [21, 58], [19, -17], [7, -6]],[[7801, 3166], [-27, 72], [-7, 44], [-7, 73], [4, 24], [0, 5], [1, 12], [3, 23]],[[7768, 3419], [62, -14], [-3, -23], [-2, -18], [-24, -198]],[[4718, 3401], [14, -7], [1, -1], [15, -7], [1, -1], [15, -7], [1, -1], [8, -4], [6, -3], [1, 0], [15, -8], [4, -2], [9, -5], [16, -7], [-1, -5], [0, -13], [0, -26], [0, -5], [-28, 1], [-1, 0], [-9, 4], [-4, 3], [-16, 8], [-16, 8], [-15, 8], [-16, 8], [-15, 8], [14, 54], [1, 0]],[[8500, 2985], [-2, -3], [-2, -4], [-1, -5], [-1, -4], [-36, 9], [2, 17], [15, -4], [25, -6]],[[2575, 9277], [-1, 36], [0, 35], [-8, 0], [-14, 2], [0, -20], [1, -17], [1, -21], [0, -15], [21, 0]],[[2608, 9446], [-17, 1], [0, 1], [0, 11], [-101, -9], [2, -18], [-38, -11], [-38, -12], [-49, -19], [47, -6], [81, -9], [23, -3], [9, -1], [6, -1], [21, -2], [3, 34], [13, -1], [13, -2], [13, -2], [12, -1], [0, 1]],[[2608, 9397], [0, 44], [0, 5]],[[4044, 7963], [30, 42], [14, 21], [15, 21], [9, 13], [1, -1], [17, -31], [-62, -86], [-24, 21]],[[3705, 7628], [-25, 8], [-1, 1], [-36, 12], [-16, 5], [-9, -61], [16, -5], [1, 0], [24, -7], [25, -7], [21, 54]],[[7836, 3631], [-1, -7], [-9, 2], [-2, -14], [-3, -21], [-23, 6], [2, 13], [-19, 5], [-10, 3], [10, 71], [-2, 1], [2, 11], [1, 8], [9, 61]],[[7791, 3770], [41, -11], [10, -3], [10, -2], [-1, -11], [-2, -14], [21, -5], [-1, -12], [-4, -24], [-1, -9], [-1, -12], [-21, 6], [-1, -7], [-1, -7], [-2, -14], [-2, -14]],[[532, 5419], [0, 1], [0, 3], [-22, 3], [-1, 0], [-1, 0], [-1, 0], [0, -1], [-1, 0], [0, -1], [-1, 0], [0, -1], [0, -1], [-1, 0], [0, -1], [0, -1], [-5, -61], [2, -1], [24, -4], [7, 65]],[[654, 4789], [-1, 0], [-19, -6], [-9, 71], [3, 1], [4, 1], [13, 4], [9, -71]],[[4424, 7047], [-2, -47], [-7, 1], [-9, 0], [-10, 1], [-48, 5], [2, 28], [1, 18], [0, 1], [2, 44], [73, -8], [-2, -43]],[[3614, 7658], [-9, -62], [-36, 10], [-24, 8], [4, 34], [-20, 6], [-20, 6], [-20, 6], [-5, -34], [-6, 2], [-37, 12], [-40, 13], [-49, 15], [7, 46], [3, 19], [88, -27], [164, -54]],[[9781, 3535], [-85, 83], [-18, 8], [-4, 4], [-77, 77], [-4, 4], [-47, -109], [-4, -10], [-17, -39], [-6, -14], [-8, -18], [8, -7], [22, -20], [30, -26], [1, -1], [1, -1], [0, -1], [1, -1], [1, -2], [1, -1], [0, -1], [1, -1], [0, -1], [0, -1], [1, -1], [0, -1], [0, -1], [0, -1], [0, -1], [1, 0], [0, -1], [0, -1], [0, -1], [0, -1], [0, -1], [0, -1], [0, -1], [0, -1], [0, -1], [0, -1], [0, -1], [0, -1], [0, -1], [-1, 0], [0, -1], [0, -1], [0, -1], [0, -1], [-1, 0], [0, -1], [0, -1], [20, 39], [34, 64], [21, -21], [1, -1], [1, -1], [4, -4], [6, 1], [29, -28], [0, -8], [11, -10], [4, 0], [72, 54], [1, 1], [1, 1], [1, 1], [1, 1], [0, 2], [1, 1], [0, 1], [0, 2], [0, 2], [-1, 1], [0, 1], [-1, 2], [-1, 1], [-1, 0]],[[4302, 7307], [-40, -10], [-2, 0], [-2, -1], [-8, 72], [12, 3], [27, 6], [3, -2], [3, -20], [0, -3], [3, -19], [0, -2], [4, -24]],[[8995, 3609], [1, 14], [6, 42], [0, 1], [0, 2], [0, 1], [0, 1], [0, 1], [-1, 1], [0, 1], [0, 1], [-1, 1], [0, 1], [0, 1], [-1, 0], [-1, 1], [0, 1], [-1, 0], [-1, 1], [-1, 1], [-1, 0], [-11, 2], [-82, 20], [-11, 3], [-10, 2], [-20, 5], [-20, 5], [-3, -26], [-2, -14], [-2, -17], [-2, -13], [36, -9], [-1, -14], [-2, -15], [-2, -14], [5, -1], [16, -4], [17, -4], [34, -9], [24, -5], [31, -8], [6, 44]],[[6126, 2462], [13, -15], [17, -20], [-28, -50], [-3, -4], [-18, -32], [-24, 28]],[[6083, 2369], [23, 41], [-6, 7], [26, 45]],[[2352, 8504], [-4, -50], [-15, -86], [-12, -57], [-3, -17], [-14, -67], [-22, -53], [-7, -18], [-10, -22], [-6, -13], [5, -1], [3, -1], [166, -55], [-1, 11], [0, 7]],[[2432, 8082], [-3, 73], [-1, 30], [-1, 16], [-3, 99]],[[2424, 8300], [-20, -2], [-4, 5], [-6, 7], [-16, 21], [-3, 32], [-2, 0], [-5, 143], [-1, 48], [-1, 0], [0, 1], [0, 1], [0, 1], [1, 1], [0, 1], [0, 1], [1, 1], [0, 1], [1, 0], [0, 1], [1, 0], [1, 1], [-19, 3], [-2, 0]],[[3794, 8323], [-18, 31], [-35, -39], [17, -30], [1, -2]],[[3759, 8283], [10, 10], [5, 7], [2, 2], [4, 5], [6, 6], [6, 8], [2, 2]],[[4084, 7505], [-12, -72], [-1, -4]],[[4071, 7429], [2, 0], [2, -1], [3, -1], [2, -2], [2, -2], [2, -2], [2, -2], [2, -2], [2, -3], [1, -2], [2, -3], [1, -3], [3, 9], [1, 8], [13, 3], [24, 5], [22, 5], [1, 1], [16, 3], [15, 3], [4, 1], [-2, 17], [-16, 6], [10, 5], [-92, 32], [-9, 3], [0, -2]],[[9161, 3618], [-18, 17], [-3, 2], [-2, 1], [-3, 1], [-2, 1], [-87, 23], [-7, 1], [-1, 0], [-1, 0], [-1, 0], [-1, 0], [-1, 0], [-1, 0], [-1, -1], [-1, 0], [-1, -1], [-1, -1], [-1, -1], [-1, -1], [0, -1], [-1, -1], [-1, -1], [0, -1], [0, -1], [-1, -2], [0, -1], [0, -2], [0, -1], [-12, -93], [63, -16], [71, -18], [9, 56], [5, 32], [1, 9]],[[767, 5162], [64, 22]],[[831, 5184], [4, -23], [0, -1], [1, -4], [-65, -23], [-1, 10], [-3, 19]],[[3183, 8316], [0, 24], [1, 21], [0, 23], [1, 38], [-9, 4], [-34, 16], [-12, -60], [-12, -56], [-1, -22], [-28, 12], [3, -25], [4, -29], [3, -29], [2, -12], [1, -15], [4, -29], [4, -26], [1, -7], [9, -3], [14, -4], [18, -6], [18, -5], [18, -6], [17, -5], [14, -4], [0, 1], [0, 5], [0, 24], [0, 10], [1, 23], [-40, 1], [0, 16], [1, 8], [0, 9], [0, 15], [0, 25], [1, 22], [0, 22], [1, 24]],[[6441, 2393], [-19, -35], [-6, 8], [0, 1], [-17, 20], [13, 23], [5, 8], [21, -22], [3, -3]],[[4084, 7505], [-46, 17], [-36, 2], [-24, 6], [-11, 2], [-18, 6], [-3, 1], [-11, -65], [42, -14], [81, -27], [13, -4]],[[5005, 4578], [2, 1], [1, 0], [2, 0], [1, 1], [2, 1], [1, 0], [2, 1], [1, 1], [1, 1], [1, 2], [2, 1], [1, 1], [0, 1], [1, 1], [1, 1], [1, 2], [1, 1], [0, 1], [1, 3], [1, 0], [0, 2], [1, 2], [0, 1], [1, 1], [0, 2], [1, 5], [0, 6], [1, 2], [0, 2], [0, 2], [3, 26], [-11, 3], [-26, 6], [-17, 4], [0, -4], [-1, -8], [-3, -21], [0, -2], [0, -1], [-5, -40], [8, -2], [1, 0], [15, -4], [2, -1], [1, 0], [2, 0], [1, -1], [2, 0], [1, 0]],[[5015, 4706], [0, -1], [-17, 4], [-5, 1], [-32, 8], [0, 2], [1, 4], [0, 5], [1, 4], [0, 5], [1, 5], [0, 5], [1, 6], [1, 6], [1, 6], [0, 6], [1, 6], [0, 1], [1, 3], [1, 10], [0, 1], [0, 1], [1, 0], [5, -1], [8, -2], [7, -2], [2, 0], [3, -1], [1, 0], [1, -1], [2, 0], [1, -1], [1, -1], [2, 0], [1, -1], [1, -1], [2, -2], [1, -1], [1, -1], [1, -2], [1, -1], [1, -2], [1, -1], [1, -2], [1, -2], [1, -2], [0, -2], [1, -1], [0, -1], [0, -2], [1, -2], [0, -2], [1, -2], [0, -2], [0, -2], [0, -2], [0, -3], [0, -2], [-1, -2], [0, -1], [0, -1], [0, -2], [-1, -11], [-1, -3], [-2, -18]],[[3392, 9073], [-15, -17], [-3, -4], [-35, 60], [3, 4], [9, -14], [15, 18], [26, -47]],[[4357, 6012], [-2, -52], [-2, -32], [-1, -17], [-3, -54], [-8, 1], [-31, 2], [-11, 1], [-16, 2], [3, 53], [3, 51], [3, 50], [19, -1], [46, -4]],[[6494, 2287], [-4, -14], [-14, -47], [-19, 15], [-11, -39], [-8, 1], [-24, 5], [-13, 14], [-24, 28], [-2, 3], [-14, 15], [19, 36], [7, 14], [7, 11], [2, -2], [11, -13], [3, -3], [-2, -4], [24, -28], [7, 13], [12, -12], [2, 5], [7, -7], [10, 17], [7, 12], [16, 28], [11, -13], [-10, -35]],[[1563, 8552], [-4, 0], [-4, 0], [-4, 0], [0, 39]],[[1551, 8591], [-35, -14], [-9, 3], [-26, 16], [-70, 23], [-22, 1], [-22, -89]],[[1367, 8531], [8, -4], [111, -62], [54, -27], [28, -11]],[[6026, 2404], [32, -36], [25, -29], [13, -14], [0, -1], [-27, -45], [-25, -44], [-17, 19], [-36, 41], [-6, 7], [-9, 10], [-23, 26], [-5, 5], [0, 1], [0, 1], [25, 44], [2, -2], [13, -14], [17, 30], [4, 7], [5, 8], [12, -14]],[[3982, 8278], [-6, 9], [-11, -15], [-12, -16], [-14, -18], [-11, 18], [-12, 19], [-4, -5], [-5, -7], [21, -35], [-20, -27], [-10, -14], [-5, -8], [-24, -32], [-11, -15], [29, -29], [52, -50], [23, 39], [2, 4], [5, 7], [5, 9], [7, 10], [9, 14], [7, 10], [2, 3], [3, 4], [3, 4], [2, 3], [3, 4], [3, 4], [-18, 27], [7, 10], [9, 12], [1, 1], [-10, 15], [-7, 10], [-3, 4], [-1, 2], [5, 7], [-2, 3], [-12, 19]],[[4438, 3931], [-19, 12], [0, -1], [-12, -37], [16, -13], [2, -2], [12, 38], [1, 3]],[[2858, 9426], [-31, 3], [1, -30], [0, -65], [10, -1], [7, -1], [14, -1], [-1, 32], [0, 20], [0, 20], [0, 23]],[[4245, 5902], [0, -5], [-1, -4], [-2, -33], [0, -1], [0, -1], [0, -1], [-1, -1], [-1, -1], [-22, -10], [-22, -11], [-6, -2], [-10, 39], [-13, -6], [-1, 7], [-7, 27], [33, 22], [0, -1], [1, -2], [8, -37], [7, 4], [37, 17]],[[6075, 2519], [-16, 18], [-19, 21], [-50, -6], [-11, -20], [-15, -27], [15, -17], [5, -6], [2, -3], [9, -9], [15, -18], [12, -13], [4, -5], [49, 85]],[[7611, 3270], [-11, -35], [4, -2], [0, -13], [0, -16], [-10, 3], [-10, -76], [0, -5], [-10, 6], [-5, 3], [-5, 3], [9, 30], [-63, 38], [-35, -117], [73, -43], [31, -22], [72, -62], [35, 290]],[[7686, 3252], [-8, 5], [-14, 9], [-15, 9], [-14, 8], [-14, 9], [-3, 2], [-7, -24]],[[8769, 3325], [-117, 28], [4, 36], [11, 74], [87, -20], [29, -7], [-7, -58], [-4, -34], [-3, -19]],[[4010, 8082], [1, -2], [1, -1], [-7, -11], [21, -31], [-8, -12], [-16, -22], [-2, -3], [-2, 2], [-36, 33], [-11, 10], [16, 26], [14, 24], [2, 3], [3, 4], [2, 4], [3, 4], [19, -28]],[[2769, 9437], [-4, -50], [-2, -43]],[[2763, 9344], [21, -3], [3, -1], [1, 0], [5, 67], [-4, 9], [-15, 2], [1, 18], [-6, 1]],[[7231, 2495], [-13, 11], [-34, 27], [-7, 6], [-52, 42], [-39, 31], [-11, 9], [-61, 49], [-17, 13], [-62, 49], [-9, -46], [-3, -17], [-1, -4], [-34, -182], [-1, 1], [-6, -26], [52, -22], [124, -50], [148, -124], [7, 24], [13, 45], [40, 134], [-34, 30]],[[3923, 7546], [-16, 6], [-23, 7], [-20, 6], [-55, 19], [-7, -45], [-3, -19], [6, -2], [49, -17], [19, -6], [19, -6], [3, -1], [1, -1], [15, -4], [9, 55], [1, 4], [2, 4]],[[8939, 2963], [-3, -19], [-2, -16], [-10, -86], [-17, -139], [103, -24], [1, 0], [4, -1], [5, -1], [1, -1], [1, 0], [1, 0], [16, 115], [-10, 3], [-3, 0], [-7, 2], [3, 27], [-17, 4], [6, 49]],[[5014, 1845], [-3, 9], [-24, 76]],[[4987, 1930], [47, 31], [9, 6], [23, 15], [12, -51], [-16, -21], [-8, -11], [-7, -9], [-8, -11], [-7, -9], [-15, -21], [-3, -4]],[[1972, 7472], [-5, 4], [-5, 3], [-34, 25], [2, 3], [4, 10], [2, 4], [2, 3], [3, 6], [0, 1], [2, 4], [0, 1], [2, 4], [1, 2], [1, 2], [1, 2]],[[1948, 7546], [-4, 7], [-6, -14], [-6, -14], [-4, -9], [-3, -6], [-5, -14], [-6, -15], [-6, -15], [-5, -15], [-5, -15], [-5, -15], [-5, -17], [5, -6], [62, 17], [1, 6], [2, 5], [1, 6], [2, 5], [2, 5], [1, 5], [0, 1], [2, 5], [2, 5], [1, 5], [2, 6], [1, 3]],[[2616, 9854], [15, -9], [16, -9], [15, -9], [-2, -6], [-1, -3], [-2, -3], [-1, -4], [0, -1], [-49, 14], [0, 15], [-1, 21], [10, -6]],[[591, 5042], [-19, 7], [-12, 5], [-42, 18], [-13, 5], [-41, 18], [1, 9], [1, 47], [1, 47], [0, 18], [1, 16], [1, 24], [0, 1], [0, 1], [0, 1], [-1, 0], [0, 1], [0, 1], [-1, 0], [0, 1], [-1, 0], [0, 1], [-1, 0], [0, 1], [-10, 1], [-24, 4], [-41, 6], [-8, 1], [-6, 1], [-1, 1], [-5, -28], [-1, -8], [-4, -20], [-5, -28], [-5, -29], [-6, -28], [-2, -12], [-1, -3], [-2, -14], [-1, -7], [43, -223], [5, -1], [5, -1], [2, 0], [0, 4], [46, -6], [55, -7], [16, -2], [3, 0], [4, 0], [3, 0], [4, 0], [3, 1], [4, 0], [3, 0], [7, 1], [12, 1], [1, 0], [8, 1], [1, 0], [4, 0], [7, 1], [-2, 52], [28, 3], [11, 2], [1, 0], [1, -6], [17, 4], [-6, 43], [6, 1], [3, 1], [2, 1], [2, 0], [10, 3], [3, 1], [-3, 23], [0, 1], [-2, 14], [-6, 41], [-6, -2], [-14, -4], [-5, -1], [-3, -1], [-18, -5], [-3, -1], [-4, 2]],[[474, 5285], [1, 0], [1, 0], [1, 1], [1, 1], [0, 1], [0, 1], [4, 45], [1, 3], [3, 30], [0, 4], [3, 36], [2, 26], [0, 2], [1, 15], [-31, 3], [-60, 7], [-2, -14], [-2, -12], [-6, -48], [-4, -28], [-1, -6], [-3, -23], [-4, -29], [1, -1], [1, -1], [6, 0], [33, -5], [34, -6], [20, -2]],[[1619, 6406], [1, 1], [12, -18], [-1, -1], [-2, -5], [12, -13], [23, -26], [-10, -16], [-2, -2], [8, -10], [-9, -14], [-3, 4], [-8, -14], [3, -3], [-27, -42], [-6, -9], [-2, 3], [-9, -13], [3, -4], [-9, -13], [0, -1], [-1, 2], [-2, -3], [1, -2], [-15, -25], [-1, 1], [-2, 3], [-17, -25], [-30, 38], [6, 8], [-1, 1], [-7, 9], [-8, 10], [-6, -8], [-14, 18], [16, 26], [-3, 3], [2, 4], [21, 34], [1, 0], [2, -2], [2, 4], [-2, 2], [1, 0], [0, 1], [23, 36], [0, 1], [2, -3], [2, 4], [-1, 2], [2, 4], [18, 30], [1, 0], [0, 1], [2, 2], [-3, 2], [4, 5], [3, -3], [2, 3], [8, 14], [3, 4], [4, 2], [4, 0], [3, -1], [1, 0], [3, -3], [2, -3]],[[1550, 8666], [0, -25], [1, -50]],[[1645, 8745], [-12, 0]],[[868, 8379], [-15, -115], [122, -26], [17, 114], [-23, 5]],[[9791, 3785], [0, -2], [9, -24], [-2, -5], [-19, -10], [-51, -99], [-115, 112], [5, 12], [30, 71], [4, 10], [41, 91], [79, -78], [1, -2], [0, -4], [1, -5], [0, -4], [1, -4], [1, -4], [1, -4], [1, -5], [0, -4], [1, -4], [2, -8], [2, -6], [2, -6], [2, -6], [2, -6], [2, -6]],[[2824, 9474], [3, 0]],[[2827, 9474], [8, -1], [28, -3], [17, -3], [11, -1]],[[2891, 9466], [34, -4], [45, 59]],[[2970, 9521], [1, 0], [1, -1], [0, -1], [50, -75], [1, -1], [1, -2], [0, -1], [1, -2], [0, -2], [1, -2], [0, -2], [0, -1], [0, -2], [0, -2], [0, -1], [-117, 15], [3, 3], [-41, 5], [-6, 1], [-42, 5], [1, 19]],[[7233, 2728], [-20, -50], [-3, -9], [3, -2], [-7, -19], [-16, -42], [-17, 13], [-41, 30], [28, 71], [18, 49], [51, -39], [2, -1], [2, -1]],[[3270, 7526], [5, -16], [2, -6], [8, -24], [-11, -9], [-10, -8], [11, -34], [-8, -5], [8, -21], [27, 19], [2, -8], [10, -32], [7, -26], [3, -9], [5, -15], [7, -24], [0, -1], [6, -22], [1, -1], [5, -20], [-16, -11], [-5, -3], [-11, -8], [-16, -10], [16, -46], [-38, -25], [-8, -6], [-15, 44], [-3, 9], [-2, 6], [-10, 30], [-4, 11], [-3, 10], [-8, 23], [-7, 21], [-7, 22], [-8, 22], [-1, 2], [-7, 20], [-5, 16], [-5, 12], [-2, -2], [-18, 54]],[[8470, 3072], [-6, -46], [-2, -10], [-21, 5], [8, 56], [7, -1], [12, -3], [2, -1]],[[4982, 2268], [-2, 30], [-1, 5], [30, 5], [3, -35], [-30, -5]],[[6245, 2487], [-3, -6], [-1, 1], [-26, -46], [2, -2], [-1, -1], [17, -19], [4, 1], [4, 6], [-1, 1], [10, 19], [13, 24], [1, 1], [-19, 21]],[[4068, 7942], [2, -1], [23, -20], [9, -8], [32, -28], [1, 0], [1, -1], [1, 0], [1, -1], [1, 0], [1, 0], [1, 0], [1, 0], [0, 1], [1, 0], [1, 0], [1, 1], [0, 1], [1, 0], [21, 27], [4, 4], [13, 17], [1, 1], [13, 17], [-25, 39], [2, 2], [-11, 19], [-14, 24], [-14, -17], [-6, 9]],[[4130, 8028], [-17, 31], [-1, 1], [-9, -13], [-15, -21], [-14, -21], [-30, -42], [24, -21]],[[2780, 9587], [46, -6]],[[2826, 9581], [0, 18], [0, 22], [-1, 36], [-45, 0], [0, -9], [0, -61]],[[2717, 9595], [46, -6]],[[2763, 9589], [0, 32], [0, 23], [-46, -1], [0, -23], [0, -25]],[[7575, 1732], [3, 0], [2, 21], [0, 3], [-1, -1], [-1, 0], [-1, 0], [-1, 0], [-1, 0], [-1, 1], [-1, 0], [0, 1], [-1, 1], [-1, 1], [0, 1], [0, 1], [0, 1], [-1, 1], [0, 1], [0, 1], [1, 1], [0, 1], [0, 1], [1, 1], [0, 1], [0, 1], [1, 0], [1, 1], [1, 1], [1, 0], [1, 0], [1, 0], [1, 0], [0, -1], [1, 0], [1, -1], [0, -1], [2, 24], [0, 1], [-2, 0], [-1, 0], [-1, 1], [-1, 0], [-2, 0], [0, 6], [0, 7], [4, 1], [4, 0], [1, 0], [1, 0], [-1, 1], [-1, 3], [-5, 15], [-6, 20], [6, 10], [-2, 2], [-1, 0], [2, 4], [3, 4], [-2, 4], [-3, 4], [2, 4], [-2, 2], [-1, 1], [-3, 2], [-2, -2], [0, 3], [-10, -3], [-1, -1], [0, -1], [-4, -5], [-1, -2], [5, -7], [-1, -1], [-1, -2], [-5, 5], [-14, 16], [-5, -9], [-3, 5], [0, 1], [-5, 11], [-7, -9], [-4, -5], [0, 3], [-1, 4], [-2, -3], [-3, -3], [-1, 1], [-4, 1], [-1, -8], [-3, -1], [-2, -1], [3, -4], [-2, 1], [-1, 0], [-5, 1], [-2, -11], [-1, -10], [-2, -2], [0, 1], [0, 2], [0, 1], [-1, 1], [0, 1], [-1, 1], [0, 8], [0, 2], [-1, 0], [-1, 0], [-1, 0], [-2, -1], [-1, -1], [-1, 0], [-1, -1], [-1, -1], [-1, -1], [-1, -1], [-1, -1], [-1, -2], [0, -1], [-1, -2], [-1, -1], [0, -1], [0, -2], [-1, -2], [0, -1], [0, -2], [0, -2], [0, -1], [0, 1], [-1, 1], [0, 1], [-1, 0], [-1, 1], [0, 1], [0, 1], [-1, 1], [-1, 1], [-1, 1], [-1, 0], [-1, 1], [-1, 0], [-1, 0], [-1, -1], [-1, 0], [-1, -1], [-1, -1], [0, -1], [-1, -1], [0, -1], [-1, -1], [0, -1], [0, -1], [0, -1], [0, -1], [1, -2], [0, -1], [0, -1], [0, -1], [1, -1], [0, -1], [1, -1], [1, -1], [0, -1], [1, 0], [1, -1], [1, 0], [1, 0], [-7, -7], [-6, 12], [-18, -17], [-2, -2], [1, 0], [-8, -3], [-1, 2], [-1, 0], [-1, 1], [-3, 3], [-5, -11], [-1, -2], [1, -3], [-3, 3], [3, -10], [-4, -6], [-1, -2], [3, 0], [1, -2], [5, -14], [4, -14], [11, 8], [1, -4], [5, 3], [-1, -4], [6, -1], [-2, -19], [0, -1], [7, -1], [-2, -20], [0, -4], [5, -1], [6, -1], [12, -1], [4, -1], [0, -1], [0, -1], [0, -1], [2, 0], [3, 0], [0, -10], [10, 1], [1, 0], [1, 0], [2, 0], [2, 0], [0, -6], [0, -1], [1, 0], [1, 0], [1, 0], [2, 0], [2, 1], [7, 0], [0, 13], [4, 0], [0, 1], [6, -1], [-1, -8], [-2, -11], [13, 8], [-1, 5], [51, 33]],[[1563, 8792], [0, -5], [-11, 0], [-4, 0], [-2, 1], [-9, 0], [-29, 1], [-26, 2], [-11, 1], [-1, 0], [-9, 2], [-24, 7], [-2, 1]],[[1435, 8802], [40, 242], [26, 16]],[[1501, 9060], [29, 8], [12, 4], [30, -88], [14, -8], [7, -4]],[[1593, 8972], [-19, -67], [-11, -73], [0, -40]],[[3964, 4308], [-21, 50], [-20, -17], [-34, -29], [0, -1], [-1, 0], [0, -1], [0, -1], [1, -1], [0, -1], [1, 0], [40, -29]],[[4350, 5629], [-2, -16], [0, -4], [3, -1], [-2, -28], [-1, -13], [-3, -55], [5, -1], [1, 0], [4, 0], [6, -1], [7, 0], [1, 0], [1, 16], [14, -1], [0, -3], [0, -2], [13, -1], [0, -5], [0, -5], [-1, -5], [0, -2], [0, -3], [0, -5], [0, -5], [0, -3], [1, -2], [0, -5], [0, -5], [1, -5], [0, -4], [1, -5], [1, -5], [0, -5], [1, -5], [1, -4], [1, 0], [0, -1], [1, -2], [0, -2], [0, -1], [-15, -6], [-13, -5], [-2, 11], [-4, -1], [0, -1], [0, 1], [-1, 4], [0, 3], [-3, 19], [-2, 1], [0, -17], [0, -4], [-1, -10], [-3, 0], [-2, 1], [-4, 0], [1, 14], [3, 0], [2, 0], [0, 3], [0, 6], [-4, 1], [-1, 0], [0, 6], [-6, 0], [-1, 0], [2, -5], [-6, -4], [-1, 2], [-2, 4], [-2, -2], [-3, -1], [-2, -1], [-2, -1], [-3, -1], [-2, -1], [-3, -1], [-2, -1], [-3, 0], [-2, -1], [-3, 0], [1, -7], [-7, 0], [0, 7], [-3, 1], [-3, 0], [-3, 0], [-3, 0], [-4, 1], [-3, 0], [-1, 0], [-14, 2], [0, 3], [1, 4], [-5, 1], [-1, 0], [0, 3], [6, 0], [1, 2], [2, 0], [0, 3], [-7, 0], [-1, 1], [0, 1], [1, 18], [-4, 1], [0, 2], [3, 59], [0, 1], [2, 21], [0, 1], [0, 6], [0, 1], [1, 21], [0, 1], [1, 3], [-1, 1], [1, 13], [0, 4], [12, -1], [1, -1], [0, 1], [1, 13], [0, 1], [1, 0], [11, -2], [47, -5], [3, 0]],[[2430, 8892], [0, 2], [-1, 27], [-50, -2], [1, -29], [50, 2]],[[8333, 2823], [-120, 29], [-1, -11], [-7, -54], [-7, -61], [170, -40], [5, 43], [44, -11], [4, 12], [0, 2], [16, 53], [3, 11], [-107, 27]],[[4701, 2379], [1, 0], [8, 1], [35, 6], [9, 1], [8, 1], [8, 2], [2, 0], [21, 3], [4, 42], [3, 18], [0, 1], [0, 5], [1, 3], [1, 9], [2, 19], [4, 38], [-10, 1], [-8, 0], [-4, 1], [-25, 2], [-3, 0], [-8, 1], [-26, 3], [-10, 0], [-6, 1], [-1, 0], [-1, -1], [-1, 0], [-1, -1], [0, -1], [-1, -1], [0, -1], [-3, -91], [-2, -41], [-1, -16], [0, -1], [1, 0], [0, -1], [0, -1], [0, -1], [1, 0], [0, -1], [1, 0], [1, 0]],[[4805, 2650], [-12, -98], [-32, 3], [-4, 1], [-8, 0], [-44, 4], [4, 102], [37, -3], [9, -1], [15, -1], [0, -5], [16, -1], [19, -1]],[[6495, 2458], [1, 2], [-31, 39], [-16, -31], [-15, -30], [33, -37], [28, 57]],[[4245, 4173], [32, 79], [1, 1], [0, 1], [0, 1], [1, 1], [0, 1], [0, 1], [-1, 0], [0, 1], [0, 1], [0, 1], [-1, 0], [0, 1], [-1, 0], [-1, 1], [-1, 0], [-1, 0], [-1, -1], [-67, -22], [2, -33], [18, -16], [20, -18]],[[4265, 6258], [0, -1], [-1, -22], [-38, 3], [-3, -1], [-2, -1], [-7, -3], [-2, 5], [-6, 15], [17, 15], [3, -8], [39, -2]],[[2927, 9588], [-22, -31], [-10, 15], [-9, 15], [-2, -3], [-16, 0], [0, 16], [0, 18], [20, 29], [10, -16], [10, -14], [10, -15], [4, -7], [4, -5], [1, -2]],[[6221, 2184], [-12, 13], [-15, -27], [-7, 8], [-5, 5], [-5, 7], [-3, -7], [-33, -61], [20, -23], [19, 39], [26, -30], [14, 28], [15, 33], [-14, 15]],[[2998, 9057], [-2, 1], [0, -43], [11, 0], [6, 1], [18, 1], [0, 33], [-33, 7]],[[4538, 5997], [4, 0], [37, -4], [-5, -74], [-12, 1], [-24, 2], [-25, 2], [-12, 1], [4, 75], [15, -1], [18, -2]],[[4003, 4436], [-17, 37], [0, 1], [29, 26], [14, -33], [3, -6], [-3, -2], [-26, -23]],[[7625, 2739], [-18, -136], [-13, -94], [-1, 1], [-1, 0], [-4, 3], [-4, 2], [-57, 43], [-65, 103], [-3, 4], [-7, 13], [55, 71]],[[7507, 2749], [2, -1], [58, -35], [49, 29], [9, -3]],[[3220, 8868], [-14, -15], [-13, -15], [-13, -16], [-14, -16], [-4, -3], [-9, 16], [-2, -2], [-26, 46], [58, 67], [1, 1], [36, -63]],[[8007, 2877], [2, 11], [-17, 4], [-64, 18], [-54, 15], [-15, 3], [-66, 17], [-8, -67], [-4, -34], [0, -1], [0, -1], [0, -1], [0, -1], [1, 0], [0, -1], [10, -15], [68, -16], [56, -13], [75, -19], [6, -2], [10, 103]],[[5116, 3014], [-7, 4], [-3, 2], [-80, 50], [-1, 1], [-12, 8], [-6, -19], [-7, -24], [12, -8], [1, -26], [1, -18], [-4, -12], [-12, -3], [-31, 15], [0, -18], [0, -26], [-2, -107], [0, -13], [6, -12], [20, -1], [39, 0], [10, 0], [2, -1], [16, -5], [9, 58], [15, -8], [14, -7], [17, -9], [14, -7], [1, 5], [12, 37], [-9, 8], [6, 15], [16, 40], [-10, 7], [-14, 11], [-9, 7], [-9, 7], [-9, 6], [14, 43]],[[7132, 4415], [-32, 19], [4, -23], [1, -3], [3, -23], [-40, -12], [5, -34], [9, -54], [2, -14], [1, -6], [3, 0], [9, 31], [17, 57], [12, 41], [4, 12], [2, 9]],[[2079, 9623], [-3, -58], [-1, -27], [-1, -19], [-4, -2], [0, -4], [-101, 22], [0, 1], [-1, 0], [-1, 1], [0, 1], [-1, 1], [0, 1], [-1, 1], [-1, 1], [0, 1], [-1, 0], [0, 1], [-1, 1], [0, 1], [-1, 1], [0, 1], [-1, 1], [0, 1], [-1, 1], [0, 1], [-1, 2], [0, 1], [-1, 1], [0, 1], [0, 1], [-1, 1], [0, 1], [0, 1], [-1, 1], [0, 1], [0, 2], [-1, 1], [0, 1], [0, 1], [-1, 1], [0, 2], [0, 1], [0, 1], [0, 1], [-1, 1], [0, 2], [0, 1], [0, 1], [0, 1], [0, 1], [0, 2], [0, 1], [0, 1], [0, 1], [-1, 2], [0, 1], [0, 1]],[[1951, 9590], [0, 1], [0, 2]],[[1951, 9593], [4, -1], [4, -1], [3, -1], [4, -2], [4, -1], [3, -1], [4, -1], [4, -1], [3, -1], [3, 51]],[[1987, 9634], [10, -1], [8, -1], [19, -3], [17, -2], [19, -2], [16, -2], [1, 0], [2, 0]],[[6647, 1879], [-27, -49], [-5, 6], [-7, 9], [-4, 5], [-3, 3], [-8, -14], [-17, -31], [-7, 8], [-7, 8], [-31, 35], [-26, 29], [8, 15], [13, 24], [10, 19], [19, 35], [8, -8], [6, -7], [13, -14], [12, -14], [10, -12], [25, -27], [18, -20]],[[6896, 3773], [-7, -19], [-1, -2], [-37, 23], [6, 21], [39, -23]],[[7219, 4115], [-5, -43], [-11, 6], [7, 39], [9, -2]],[[1480, 8335], [3, -108], [-1, -2], [-3, -5], [-2, -4], [-3, -5], [-2, -4], [-2, -5], [-2, -5], [-2, -5], [-2, -5], [-2, -5], [-2, -5], [-1, -5], [-2, -5], [-1, -6], [-2, -5], [-1, -5], [-1, -5], [-1, -5], [-1, -6], [-1, -5], [0, -5], [-1, -6], [0, -5], [-1, -5], [0, -6], [0, -5], [-1, -6], [1, -5], [0, -28], [1, -32], [3, -110], [0, -1], [1, -28]],[[1455, 7789], [7, 1], [92, 4], [-1, 63], [-2, 64], [0, 1], [9, 0], [7, 1]],[[1567, 7923], [2, 0], [0, -6], [0, -12]],[[1569, 7905], [7, 0], [3, 0], [7, 1], [0, 11], [-1, 30], [0, 12], [-1, 26], [-4, 175], [0, 146], [-8, 2], [-2, 1], [-9, 2], [-8, 3], [-3, 0], [-2, 1], [-3, 1], [-5, 1], [-4, 2], [-13, 3], [-43, 13]],[[6519, 2866], [-12, 6], [-8, 5], [-21, 11], [-17, 10], [-7, 3], [-13, -36], [-1, -2], [-3, -7], [-13, -36], [29, -16], [9, -5], [14, -8], [10, 37], [1, -1], [13, -7], [2, -1], [3, -2], [14, 49]],[[4125, 4445], [-20, -16], [-13, 30], [-8, 19], [21, 22], [20, -55]],[[3970, 5496], [-6, -3], [4, -17], [-43, -22], [-2, 5], [-26, -18], [-21, 72], [1, 1], [1, 1], [1, 1], [33, 18], [39, 24], [19, -62]],[[1315, 8841], [-119, 41], [-1, 0], [-43, 15], [-15, 5], [-21, 7], [-3, 1], [0, 1], [0, 2], [24, 107], [4, 0], [201, -12]],[[1342, 9008], [-27, -167]],[[8484, 3688], [-27, 7], [-13, 3], [-1, 0], [7, 58], [22, -5], [2, 21], [5, 36], [15, -4], [4, 0], [-2, -21], [-5, -37], [-7, -58]],[[9003, 2648], [1, -1], [1, -1], [1, -1], [0, -1], [1, -1], [0, -1], [0, -1], [0, -1], [0, -1], [0, -1], [0, -1], [0, -1], [0, -1], [-1, -1], [0, -1], [0, -1], [-1, 0], [-26, -58], [-14, -26], [-1, -1], [0, -1], [-1, -1], [0, -1], [-1, 0], [0, -1], [-1, 0], [-1, 0], [-1, -1], [-1, 0], [-1, 0], [-1, 0], [-1, 0], [0, 1], [-1, 0], [-54, 14], [-1, 0], [-1, 1], [-1, 0], [-1, 1], [0, 1], [-1, 1], [-1, 1], [0, 1], [-1, 1], [0, 1], [-1, 1], [0, 1], [0, 2], [0, 1], [0, 1], [0, 1], [0, 2], [12, 100], [64, -17], [26, -7], [7, -1], [1, -1], [1, 0]],[[7975, 3045], [-15, -115], [-82, 21], [16, 116], [81, -22]],[[6393, 2162], [-11, 9], [-26, 31], [-18, 21], [-23, -42], [2, -3], [-25, -47], [15, -17], [27, -30], [23, 42], [10, -12], [0, 1], [26, 47]],[[869, 9638], [1, -2], [32, -43], [9, 31], [15, 54], [23, 80], [6, -3]],[[955, 9755], [21, -12], [57, -32], [8, -4], [-21, -73], [-1, -6], [96, 13], [27, 95], [3, 9], [4, 12]],[[1149, 9757], [60, -42], [45, -31], [52, -36], [1, -1], [1, -1], [0, -1], [1, -1], [0, -1], [0, -2], [1, -1], [0, -1], [0, -2], [0, -1], [0, -2], [0, -1], [-1, -1], [0, -2], [-4, -19], [-2, -10], [-5, -25], [-11, -58], [-7, -34], [-4, -20], [0, -1], [0, -2], [-1, -1], [0, -2], [-1, -1], [-1, -1], [-1, -1], [-1, -1], [-1, -1], [-1, -1], [-1, 0], [-1, -1], [-1, 0], [-1, 0], [-1, 0], [-12, 0], [-6, 0], [-21, 0], [-27, 0], [-7, 1], [-1, 0], [-20, 0], [-9, 0], [-14, 0], [-9, -1], [-4, 0], [-2, 0], [-11, -1], [-18, -1], [-21, -2], [-11, -2], [-24, -2], [-8, 0], [-6, -1], [-4, 0], [-4, 0], [-4, 0], [-4, 0], [-3, 0], [-5, 0], [-4, 0], [-7, 0], [-10, 0], [-5, 0], [-8, 0], [-13, 0], [-4, 0], [-6, 0], [-79, 0], [-89, 3], [10, 22], [1, 3], [74, 168]],[[6400, 4404], [-22, 6], [-2, -15], [-3, -30], [0, -2], [22, -5], [5, 46]],[[7346, 2787], [-8, 12], [-17, -21], [8, -12]],[[7329, 2766], [-7, -8], [8, -9], [15, -17], [0, 2], [12, 35], [-5, 8], [-1, 2], [-5, 8]],[[1501, 9060], [0, 15], [0, 3], [-103, -22], [-51, -9], [-1, -6], [-2, -13], [0, -3], [10, -1], [0, -9], [-11, -1], [-1, -6]],[[1315, 8841], [1, 0], [71, -23], [8, -3], [15, -5], [15, -5], [8, -3], [2, 0]],[[6497, 1907], [0, -1], [-8, -1], [-10, 11], [-26, 32], [13, 22], [39, 67], [16, -18], [12, -15], [12, -13], [-22, -40], [-26, -44]],[[8100, 3633], [-1, -2], [-50, 14], [-13, 3], [8, 65], [1, 1], [16, -4], [15, -4], [27, -6], [5, -2], [0, -4], [0, -1], [-6, -46], [-2, -14]],[[2769, 9437], [-17, 2], [-10, 1], [-10, 2], [-7, 1], [-23, 3], [-6, 0], [-7, 1], [-9, 2], [-10, 1], [-7, 1], [-6, 1], [-48, 6], [-1, 0], [0, -12]],[[2608, 9397], [16, -2], [-2, -35], [7, -1], [2, 43], [17, -2], [-2, -43], [3, -1], [10, -1], [9, -1], [24, -2], [2, 0], [13, -2], [-1, 38], [-1, 20], [7, 0], [6, 0], [1, -16], [1, -43], [20, -2], [11, -1], [12, -2]],[[7379, 2014], [2, 0], [8, 0], [1, 0], [0, -1], [2, -4], [1, -1], [32, -4], [5, 5], [3, -7], [19, -2], [1, -1], [6, 0], [5, -1], [11, -2], [3, 0], [13, -2], [-13, -12], [-16, -15], [-11, -11], [-8, -8], [-11, -10], [7, -14], [-4, -4], [-7, -6], [-14, -13], [1, -1], [0, -1], [-5, -5], [-6, -6], [-1, 0], [-3, 6], [-1, 0], [0, -1], [-5, -4], [7, -16], [3, -6], [2, -3], [-44, -42], [-1, 1], [-1, 3], [-7, 16], [-7, 14], [-2, 3], [-2, 4], [0, 1], [1, 1], [10, 9], [-4, 8], [0, 1], [-2, 5], [-3, 5], [0, 1], [-2, 3], [-1, 2], [-5, 12], [-1, 0], [-4, -3], [-1, 2], [-3, 8], [-7, 14], [-5, 11], [-7, 15], [4, 3], [2, 2], [2, 2], [1, 1], [3, 3], [1, 1], [3, 2], [1, 1], [2, 3], [1, 0], [3, 3], [3, 3], [4, 4], [3, 2], [0, 1], [3, 3], [1, 0], [3, 3], [1, 1], [2, 2], [1, 1], [3, 3], [1, 1], [2, 2], [3, 2], [0, 1], [1, 0], [1, 1], [1, 1], [1, 0], [1, 1], [1, 0], [1, 1], [1, 0], [1, 1], [1, 0], [1, 1], [1, 0], [1, 0], [1, 0], [1, 0], [1, 0], [1, 0], [1, 0]],[[3702, 5527], [5, -14], [-16, -32], [-16, 16], [11, 20], [1, -1], [1, 2], [8, 15], [6, -6]],[[8578, 3881], [-8, 2], [-7, -56], [12, -3], [6, 56], [-3, 1]],[[9212, 2732], [-1, -2], [-38, -77], [-40, -77], [-11, -22], [-60, 59], [49, 99], [1, 2], [1, 3], [37, 74], [1, 2]],[[9151, 2793], [17, -17], [44, -44]],[[9176, 3800], [-5, -6], [-3, -8], [-7, -13], [-7, -15], [-1, -1], [-9, -20], [3, -4], [3, -4], [3, -4], [3, -4], [3, -4], [3, -4], [3, -4], [3, -4], [3, -4], [3, -4], [3, -4], [3, -4], [3, -4], [3, -4], [3, -4], [3, -4], [3, -4], [3, -4], [3, -4], [2, -4], [3, -4], [3, -4], [3, -3], [3, -4], [3, -4], [3, -4], [3, -4], [6, -6], [39, -37], [2, -2], [42, -41], [27, -26], [8, -9], [20, -18], [16, -16], [26, -26], [16, -16], [1, -1], [0, -1], [1, 0], [1, -1], [1, -1], [1, 0], [1, 0], [1, -1], [1, 0], [1, 0], [1, 1], [1, 0], [1, 1], [1, 0], [1, 1], [3, 6], [17, 37], [25, 54], [4, 9], [15, 30], [17, 38]],[[9521, 3605], [-39, 40], [-33, 32], [-3, 3], [-13, 11]],[[9433, 3691], [-5, -12], [-15, 12]],[[9413, 3691], [-9, 5], [-39, 19], [-57, 25], [-38, 15], [-72, 30], [-21, 10], [-1, 0], [0, 1], [-1, 0], [0, 1], [0, 1], [0, 1], [1, 0], [0, 1]],[[5822, 2562], [10, 2], [49, 6], [-53, 60], [-4, 5], [-26, -45], [24, -28]],[[6408, 4102], [-2, -4], [-8, -21], [-1, -1], [-12, 9], [-6, 4], [-6, 5], [-12, 9], [-17, 13], [5, 12], [5, 14], [54, -40]],[[978, 4605], [-2, 13], [-25, -2], [-9, 0], [-12, -39], [3, 2], [45, 26]],[[7034, 4294], [1, 25], [-18, 7], [-3, -12], [19, -8], [0, -4], [-23, -95], [-1, -3], [20, -4], [20, -4], [5, -1], [1, 0], [1, 0], [1, 0], [0, 1], [1, 0], [0, 1], [1, 0], [0, 1], [1, 0], [0, 1], [1, 1], [0, 1], [5, 40], [1, 3], [-1, 4], [0, 4], [-2, 12], [-2, 14], [-30, -9], [2, 25]],[[6597, 2178], [18, -3], [13, -2], [1, 0], [0, -1], [1, 1], [1, 0], [0, 1], [0, 1], [1, 0], [0, 1], [0, 1], [-1, 0], [0, 1], [0, 1], [-1, 0], [-13, 16], [-17, 18], [-3, -35]],[[2717, 9595], [-46, 6], [-17, 2], [-46, 6], [0, 30], [-22, 4], [-20, 3], [0, -22], [33, -3], [0, -37], [-33, 4], [1, -23], [-1, 0], [0, -1], [4, -1], [-3, -44], [-27, 3], [-28, 4], [-27, 4], [2, 44], [-9, 1], [-2, 1]],[[2476, 9576], [-3, -60], [42, -5]],[[2515, 9511], [2, 0], [92, -11], [215, -26]],[[2827, 9474], [0, 1], [0, 16], [0, 10], [0, 32], [-1, 22], [0, 22], [0, 4]],[[2780, 9587], [-17, 2]],[[1501, 9060], [29, 8], [12, 4]],[[1542, 9072], [6, -5], [6, -6], [5, -8], [5, -8], [3, -9], [3, -10], [2, -10], [1, -11], [0, -10], [-1, -11]],[[1572, 8984], [14, -8], [7, -4]],[[2424, 8300], [39, 3], [33, 2], [11, 0], [0, 3], [-3, 93], [-4, 86], [-2, 57], [5, 0], [15, -2], [8, -1], [1, 0], [16, -2], [1, 0], [28, -3], [10, -1], [27, -3], [3, -50], [1, -40], [6, 0], [8, -288], [5, -85], [2, -33], [1, -21], [-109, 36], [-23, 8], [-71, 23]],[[4346, 5829], [-17, 1], [-19, 2], [-29, 2], [0, -8], [-3, -44], [32, -3], [33, -3], [0, 5], [3, 45], [0, 3]],[[1908, 4664], [-1, 14], [0, 4], [0, 11], [0, 14], [0, 2], [-1, 29], [2, 0], [2, 0]],[[1910, 4738], [0, 18], [-4, 0], [0, 11], [0, 6], [-24, -1], [-20, 0], [1, -4], [1, -4], [1, -5], [1, -5], [1, -4], [1, -5], [0, -1], [0, -2], [0, -1], [0, -1], [-1, -1], [0, -1], [0, -1], [-1, -2], [0, -1], [-1, -1], [0, -1], [-1, -1], [-1, -1], [-1, -1], [-1, 0], [-1, -1], [6, -16], [1, -17], [-4, -5], [0, -7], [1, -6], [34, -10], [10, -3]],[[4509, 6092], [-37, 2], [-2, -63], [37, -3], [1, 42], [0, 2], [1, 20]],[[9100, 3718], [-2, -21], [-51, 9], [-1, 1], [-3, 0], [-10, 4], [-5, 1], [-17, 4], [-104, 24], [-9, 3], [-20, 5], [6, 50], [1, 10], [7, 55], [45, -11], [34, -8], [90, -89], [4, -4], [16, -16], [2, 0], [17, -17]],[[9413, 3691], [-9, 5], [-39, 19]],[[9365, 3715], [-54, 23], [-3, 2]],[[9308, 3740], [-38, 15], [-72, 30], [-21, 10], [-1, 0], [0, 1], [-1, 0], [0, 1], [0, 1], [0, 1], [1, 0], [0, 1]],[[9176, 3800], [30, 62], [40, -15], [39, -16], [42, -17], [116, -49], [2, -5], [-32, -69]],[[8664, 4314], [1, 1], [3, 0], [43, -13], [18, -9], [41, -24], [68, -36], [20, -9], [6, -3], [17, -10], [13, -6], [17, -12], [22, -21]],[[8933, 4172], [17, -17], [-31, -65], [-11, -21], [-14, -29], [-6, -12], [-2, -4]],[[8886, 4024], [6, -5], [60, -62], [37, -30]],[[8989, 3927], [57, -53], [-11, -22]],[[9035, 3852], [55, -55], [22, -25], [6, -7], [6, -3], [6, 4], [5, 11], [1, -1], [5, 12], [3, 6], [0, 1], [19, 37], [11, 23], [8, 17], [1, 1], [0, 1], [0, 1], [1, 2], [0, 1], [1, 1], [0, 2], [12, 26], [10, -8], [11, -6], [11, -6], [11, -5], [95, -43], [107, -43], [56, -23], [14, -6], [46, -17], [10, -3], [-12, -26], [-91, 35], [-3, 0], [-2, -1], [-27, -64]],[[9521, 3605], [7, 17], [41, 94], [14, 27], [6, 14], [1, 2], [0, 2], [0, 2], [0, 3], [0, 2], [0, 2], [0, 1], [0, 2], [0, 2], [65, 150], [27, 63], [23, 56], [-131, 42], [-54, 17], [-6, 23], [-3, 11], [-3, 11], [-3, 14], [-4, 21], [-5, 19], [-3, 14], [-3, 13], [-2, 9], [0, 2], [-8, -2], [-2, -1], [-1, -1], [-8, -6], [-4, -4], [-20, -18], [-9, -9], [-15, -16], [-20, -21], [-6, -8], [-23, -29], [-9, -10], [-7, -7], [-9, -7], [-6, -4], [-3, -1], [-6, -2], [-6, -1], [-7, 0], [-2, 0], [-5, 1], [-3, 0], [-4, 2], [-4, 2], [-2, 2], [-6, 4], [-2, 3], [-4, 3], [-2, 2], [-1, 1], [-3, 4], [-2, 3], [-2, 3], [-3, 3], [0, 1], [-2, 2], [-5, 6], [-4, 4], [-6, 7], [-8, 10], [-3, 4], [-5, 7], [-6, 10], [-1, 2], [-1, 2], [-5, 12], [-2, 8], [-1, 5], [-2, 10], [-7, 21], [-5, 17], [-9, 21], [-11, 23], [-9, 15], [-4, 8], [-125, 28], [-1, -1], [-15, -13], [-9, -6], [-10, -5], [-12, -4], [-3, -1], [-18, -2], [-18, -4], [-6, -1], [-26, 1], [-12, 1], [-6, 2], [-4, 1], [-4, 1], [-12, 7], [-12, 13], [-15, 18], [-7, 10], [-5, 8], [-12, 17], [-3, 5], [-1, 2], [-98, 22], [-2, -2], [-4, -7], [-5, -7], [-5, -8], [-3, -4], [-5, -7], [-5, -6], [-3, -3], [-2, -1], [-2, -2], [-2, -1], [-2, -2], [-2, -1], [-2, -1], [-4, -1], [-5, -1], [-7, -2], [-3, -1], [-1, 0], [-5, 6], [-9, 10], [-1, 2], [-4, 7], [-2, 4], [-2, 4], [0, 3], [-1, 2], [0, 2], [-1, 3], [-1, 2], [-2, 2], [-2, 2], [-2, 3], [-4, 6], [-4, 4], [-1, 2], [-1, -42], [3, -13], [3, -12], [3, -12], [5, -11], [5, -11], [4, -6], [3, -6]],[[8352, 2512], [-57, 15], [-6, 1], [-1, 0], [-7, 2], [-2, 1], [-75, 18], [-26, 6], [-15, -128], [-5, -42], [19, -16], [2, -1], [3, -3], [4, -4], [6, -4], [2, -2], [31, -25], [7, -5], [0, -1], [31, -24], [23, -19], [3, 8], [3, 11], [7, 24], [17, 57], [2, 6], [37, 125], [-3, 0]],[[8418, 2938], [-5, -47], [-4, -40], [-4, -30], [-1, -8], [0, -2]],[[8404, 2811], [28, -4], [11, -2], [2, 6], [8, 28], [7, 21], [2, 7], [2, 6], [16, 51], [-62, 14]],[[1335, 8224], [-2, 62], [-1, 35], [0, 6], [0, 2]],[[1323, 8326], [-3, -2], [-2, -3], [-3, -2], [-3, -3], [-3, -4], [-3, -3], [-3, -4], [-3, -4], [-3, -4], [-3, -4], [-2, -4], [-3, -4], [-3, -5], [-2, -4], [-2, -5], [-3, -4]],[[1279, 8267], [-2, -5], [-2, -5], [-2, -5], [-2, -4], [-2, -6], [-2, -5], [-1, -5], [-2, -5], [-1, -5]],[[923, 9888], [-66, -234]],[[857, 9654], [12, -16]],[[955, 9755], [21, 73], [16, 20]],[[992, 9848], [-16, 10], [-1, 0], [-1, 1], [-25, 14], [-26, 15]],[[5814, 730], [20, 35], [26, 47], [-42, 46], [-17, 18], [-25, -46], [-51, -92], [32, -36], [26, -28], [31, 56]],[[3096, 9543], [32, -37], [34, -40], [-18, -30], [-55, 7], [-14, 2], [-1, 1], [17, 23], [12, 18], [-12, 19], [-9, 17], [0, -1], [-30, 40], [-3, 4], [4, 8], [8, 17], [25, -36], [3, -4], [7, -8]],[[3958, 7667], [-11, -25], [-35, 30], [7, 15], [4, 10], [35, -30]],[[5971, 2778], [-37, 42], [-23, -40], [38, -42], [18, 33], [4, 7]],[[6176, 2552], [-19, 22], [-12, -23]],[[6145, 2551], [-7, 9], [0, 1], [14, 21], [7, 13], [3, 5], [6, 9], [5, 10], [7, 12], [24, -28], [-4, -8], [-2, -3], [-5, -10], [-5, -10], [-3, -5], [-9, -15]],[[4486, 7398], [-25, -23], [-14, 14], [-25, 25], [37, 37], [17, -34], [10, -19]],[[866, 8511], [-4, -33], [-11, -94], [-2, -13], [-6, -50], [-6, -50], [-2, -15]],[[622, 8023], [0, -3], [-4, -20], [-1, -28], [-16, 4], [-11, 2], [-24, 6], [-68, 16], [-6, -40], [-2, -8], [27, -7], [-5, -41], [21, -4], [22, -5], [56, -13], [10, -3], [2, 0], [1, 0]],[[4234, 6503], [-28, -9], [5, -21], [5, -8], [2, -1]],[[8114, 3994], [-15, 3], [-1, -12], [-1, -12], [-2, -12], [-3, 1], [-19, 4], [-2, -21], [38, -9], [2, 17], [2, 14], [2, 14], [1, 12], [-2, 1]],[[1507, 7667], [-41, -2], [-8, -1]],[[1461, 7571], [7, -3], [25, -12], [16, -8]],[[1509, 7548], [-1, 63], [-1, 56]],[[1480, 8335], [-29, 8], [-68, -3], [-33, -1], [1, -11], [4, -166], [5, -151], [2, -94], [1, -32]],[[2108, 9070], [-23, -21], [-23, 0], [-61, 0], [-9, 0]],[[1992, 9049], [0, -23], [0, -2]],[[1992, 9024], [-22, -7], [2, -46], [1, -6], [0, -5], [0, -5], [1, -6], [0, -5], [1, -5], [0, -6], [0, -5], [0, -5], [4, -85], [1, -4], [0, -4], [0, -5]],[[1980, 8825], [0, -3], [1, -2]],[[1981, 8820], [0, -6], [0, -5], [0, -5], [1, -6], [0, -5]],[[1982, 8793], [0, -5], [0, -1]],[[1982, 8787], [0, -5], [0, -5]],[[1982, 8777], [1, -5], [0, -1]],[[1983, 8771], [0, -5], [0, -92], [0, -2], [1, -2], [0, -1], [0, -2], [1, -2], [0, -1], [1, -1], [1, -2], [0, -1], [1, -1], [1, -1], [1, -1], [1, -1], [1, 0], [1, -1], [26, -4], [37, -4], [2, 0], [15, 0], [43, -11]],[[2116, 8636], [0, -1], [0, -2], [0, -2]],[[2116, 8631], [20, -5], [55, -9], [19, -4]],[[2210, 8613], [0, 1], [0, 1], [-4, 92]],[[2206, 8707], [-3, 55]],[[2203, 8762], [0, 1], [1, 2]],[[2204, 8765], [1, 7], [1, 4], [16, -4], [9, -2], [13, -3], [8, -2], [5, 59], [-8, 18]],[[2249, 8842], [0, 2], [0, 32], [0, 6]],[[2249, 8882], [-7, 0], [-40, 83]],[[2202, 8965], [0, 1], [-3, 101], [-91, 4], [0, -1]],[[2841, 8871], [0, -31], [0, 1], [-49, -2], [-1, 30], [0, 2], [0, 27], [49, 2], [1, -29]],[[5679, 759], [-2, 2], [-7, 8], [-7, 7], [-11, 12], [0, 1], [-12, -22], [-5, -10], [-10, 10], [-3, -5], [4, -4], [5, -5], [5, -6], [5, -6], [2, -2], [4, -4], [-5, -8], [5, -5], [3, -4], [4, -3], [6, -7], [3, -3], [14, -16], [13, 24], [12, 21], [-4, 5], [-7, 6], [-7, 8], [-5, 6]],[[3277, 9520], [20, -24], [3, 6], [11, -13], [-4, -6], [-21, -35], [-17, -28], [-47, 6], [1, 2], [7, 12], [7, 12], [12, 20], [7, 12], [7, 11], [14, 25]],[[8516, 2596], [-14, 4], [-5, 1], [-1, 0], [-24, 6], [-2, 1], [-47, 11], [-1, 0], [-1, 0], [-1, 0], [-1, 0], [-1, 0], [-1, -1], [-1, -1], [-1, 0], [-1, -1], [0, -1], [-1, -1], [-24, -80], [70, -18], [26, -6], [3, -1], [18, -4]],[[8506, 2505], [7, 64], [3, 27]],[[7780, 3517], [62, -15], [6, 56], [2, 15], [1, 6], [4, 31], [2, 15], [-21, 6]],[[7791, 3770], [10, 60], [2, 22], [-6, 1], [-5, -43], [-8, -35], [-7, -45], [-17, -115], [-14, -90]],[[7746, 3525], [12, -3], [22, -5]],[[8418, 2938], [-48, 11], [-5, -34], [-17, 3], [-1, -10], [-4, 0], [-2, -18], [-8, -62], [60, -15], [11, -2]],[[6145, 2551], [-12, -23], [11, -12], [8, -9], [24, 44], [0, 1]],[[7574, 3293], [14, 48], [2, -1], [3, -1], [3, 0], [3, 0], [2, -1], [1, 0], [-12, -55], [-16, 10]],[[3899, 7644], [-7, -16], [-12, 3], [-6, -17], [-75, 24], [6, 17], [27, -9], [17, -5], [15, 34], [35, -31]],[[4336, 4130], [-24, 15]],[[4312, 4145], [11, 35]],[[4323, 4180], [11, 32], [13, 47], [23, -13], [-13, -48]],[[4357, 4198], [-21, -68]],[[7670, 2571], [6, 46], [4, 27], [1, 5], [1, 6], [1, 5], [2, 5], [1, 5], [2, 5], [2, 4], [1, 5], [2, 5], [3, 4], [2, 4], [2, 5], [2, 4], [2, 2]],[[7704, 2708], [49, -40], [11, 10], [53, -42], [-55, -139], [-92, 74]],[[8274, 4015], [-15, 4], [-5, 1], [-21, 5], [-3, -28], [-5, -29], [22, -6], [20, -5], [7, 58]],[[8202, 1737], [0, -2], [-3, -44], [0, -2], [0, -4], [19, -58], [17, -55], [2, -4], [0, -2], [6, -19], [1, -1], [1, -1], [1, 0], [0, -1], [1, 0], [1, 0], [1, 0], [48, 31], [21, 13], [15, 10], [12, 8], [9, 6], [36, 23], [11, 7], [1, 0], [1, 1], [72, 46], [9, 6], [-22, 60], [1, 10], [-15, 3], [-17, 3], [6, 73], [-20, 3], [-7, 0], [-5, 2], [-46, 7], [-10, 2], [-33, 5], [-20, 1], [-31, 10]],[[2959, 8790], [0, 29], [40, 1], [34, 1], [0, -24], [0, -4]],[[3033, 8793], [-74, -3]],[[2939, 7913], [147, -51], [3, -1], [9, -3], [-1, 7], [-2, 16], [-9, 58], [0, 1], [-9, 2], [0, 4], [-97, 32], [-4, -24], [-28, 9]],[[2891, 9466], [63, 81], [7, -11], [9, -15]],[[5714, 684], [-12, 12], [-22, -39], [24, -26], [-2, -5], [10, -11], [14, -15], [22, -24], [37, 68], [-46, 50], [-13, -23], [-12, 13]],[[4103, 4310], [-60, -55], [-16, -14], [-2, -2]],[[4025, 4239], [-17, -16], [25, -17], [16, -11], [3, -2], [2, -1], [2, -1], [3, 0], [2, 0], [3, 0], [2, 0], [2, 0], [3, 1], [2, 1], [2, 2], [2, 2], [2, 1], [38, 37], [1, 1], [1, 2], [1, 2], [1, 2], [1, 2], [0, 2], [1, 2], [0, 2], [1, 2], [0, 3], [0, 2], [0, 2], [-1, 3], [0, 2], [-1, 2], [0, 2], [-1, 2], [-1, 2], [-1, 1], [-16, 37]],[[4987, 1930], [-19, -12], [7, -73], [3, -39], [3, -4], [12, -15], [18, -21], [10, -13], [21, 34], [-10, 13], [-17, 21], [-10, 13], [9, 11]],[[7384, 2971], [0, -3], [-9, 5], [0, 4], [-1, -1]],[[7374, 2976], [-3, 24], [0, 3], [3, 1], [4, 1], [-2, 16], [1, 0], [3, 1], [5, -5], [-7, -12], [3, -4], [7, 13], [4, -5], [3, -3], [1, 0], [-3, -4], [0, -1], [-9, -30]],[[6450, 2251], [4, 16], [3, 5], [0, 1], [33, 58], [2, -2], [2, 4], [10, -12], [-17, -58], [-1, -4], [-3, -9], [-3, -11], [-2, -8], [-3, 3], [-13, 11], [-2, 0], [-10, 6]],[[6910, 1648], [1, 0], [1, 0], [24, 21], [9, 7], [1, 2], [3, 45], [4, 45], [3, 50], [1, 17], [1, 11], [1, 18], [5, 71], [0, 21], [-63, 7], [-38, 5], [-11, 3], [-29, 3], [-2, -15], [-1, -15], [-1, -17], [-1, -14], [0, -2], [-2, -18], [0, -12], [-1, -5], [-1, -17], [-6, -88], [-1, -8], [29, -35], [12, -11], [3, -3], [29, -34], [15, -17], [9, -10], [3, -4], [1, -1], [1, 0], [1, 0]],[[4103, 4310], [-12, 28], [-44, -38], [-18, -15], [-17, -16], [13, -30]],[[8886, 4024], [-20, -42], [6, -4], [105, -80], [48, -37], [3, -3], [7, -6]],[[9035, 3852], [7, 16], [1, 2], [1, 3], [0, 1], [-55, 53]],[[1274, 8574], [-20, 11], [-19, 13], [-19, 13], [-18, 15], [-19, 15], [-108, 101], [7, 27], [0, 1], [28, 108], [209, -74]],[[1315, 8804], [-41, -230]],[[8337, 2359], [35, -9]],[[8372, 2350], [-7, -63], [-7, -7]],[[8358, 2280], [-2, -2], [-5, -5], [-36, 15]],[[8315, 2288], [-2, -8], [-2, -5], [-3, -10], [-1, -4], [0, -1], [-15, -48], [-3, -11], [-6, -18], [0, -3], [-8, -22]],[[8275, 2158], [190, -87], [6, -4]],[[8471, 2067], [0, 1], [2, 9], [1, 1], [56, -23], [8, 57], [8, 62], [-8, 3], [3, 19], [0, 1], [0, 5], [1, 0], [7, 56], [13, -4], [15, 54], [32, -5], [38, -6], [3, 24], [0, 1], [14, 115], [-45, 11], [-56, 13], [-12, 3], [-38, 10], [-18, 4], [-12, 3], [-12, 3], [-68, 16], [-23, 5], [-6, -24], [-3, -9], [-13, -47], [-7, -24], [-2, -6], [-6, -17], [-6, -19]],[[860, 5015], [-4, 23], [0, 3], [-1, 3], [-23, -8], [-46, -15], [3, -24], [1, -4]],[[790, 4993], [70, 22]],[[6757, 1514], [-4, -3], [-155, 178], [8, 7], [116, 96], [35, -40], [21, -23], [1, -1], [31, -36], [4, -4], [2, -3], [30, -33], [30, -34], [-30, -26], [-33, -29], [-50, -43], [0, -1], [-6, -5]],[[5747, 435], [-32, -30], [-10, 3], [-3, 0], [-56, 17], [-35, 10], [-47, 12], [34, 63], [31, 52], [8, -8], [24, -26], [8, -8], [30, -33], [29, -31], [5, -5], [9, -10], [5, -6]],[[4664, 5824], [-3, 0], [0, -1], [-2, 0], [-1, -26], [-4, 1], [0, -1], [-1, 0], [0, -1], [0, -5], [0, -1], [-1, -5], [1, 0], [0, -1], [-1, 0], [0, -5], [1, 0], [-1, -3], [0, -7], [1, 0], [2, 0], [1, -1], [3, 0], [-3, -51], [2, 0], [-1, -9], [16, -2], [3, -1], [0, 1], [6, 0], [2, -1], [0, 8], [3, -1], [14, -1], [1, 13], [2, 0], [1, 12], [1, 24], [-2, 1], [1, 6], [-7, 1], [0, 4], [1, 0], [0, 1], [1, 10], [-6, 1], [0, -2], [-7, 1], [-6, 1], [0, 3], [-1, 0], [-5, 1], [0, 6], [2, 0], [1, 27], [-10, 1], [-4, 0], [0, 2]],[[7799, 2204], [-5, 1], [-13, 12], [-15, 8], [-50, 38], [-12, 11], [-2, 1], [-65, 53]],[[7637, 2328], [-1, -1], [-1, -12], [-4, -25], [-1, -8], [0, -3], [-1, -5], [-2, -13]],[[7627, 2261], [39, -5], [-4, -53], [-1, -7], [-5, -66], [-3, -46], [6, -1], [1, 2], [1, -9], [-2, -41]],[[7659, 2035], [6, -1], [7, -1], [13, -2], [17, -3], [17, -2], [23, -3], [0, -1], [1, 1], [1, 0], [1, 0], [1, 1], [1, 0], [0, 1], [0, 1], [1, 0], [0, 1], [0, 1], [1, 0], [0, 1], [0, 1], [2, 45], [0, 2], [1, 3], [0, 3], [1, 3], [0, 2], [1, 3], [1, 2], [1, 3], [8, 19], [22, 56], [4, 10], [2, 5], [6, 14], [0, 2], [1, 2]],[[7337, 3078], [-3, -6], [10, -61], [-6, -2], [-2, -1], [-3, 18], [-1, 5], [-4, 21]],[[7328, 3052], [1, 0], [-2, 31], [4, 1], [6, -6]],[[768, 7978], [-6, 2], [10, 55]],[[5993, 2689], [26, 45], [5, 9], [3, 5], [4, 6], [2, 4], [2, 3], [15, 27], [3, -3], [3, 6], [4, -4], [-4, -6], [10, -11], [1, -2], [11, -12], [-30, -54], [2, -2], [-4, -6], [-2, 2], [-23, -40], [-27, 32], [-1, 1]],[[4903, 1171], [6, -34], [-7, -2], [-3, -1], [-63, -19], [-76, -22], [0, 2], [-2, 17], [-4, 25], [-5, 52], [0, 1], [0, 1], [0, 1], [0, 1], [1, 1], [0, 1], [1, 0], [1, 1], [1, 0], [18, 6], [49, 16], [56, 17], [8, 2], [14, 4], [0, 1], [1, 0], [1, 0], [1, -1], [1, 0], [1, -1], [1, -1], [1, -1], [0, -1], [0, -1], [1, 0], [0, -1], [0, -1], [0, -1], [0, -1], [0, -1], [0, -1], [0, -1], [0, -1], [-5, -40], [-1, -13], [1, -2], [2, -2]],[[2826, 4562], [-5, -97], [9, -65], [-3, -3], [-3, -4], [-2, -4], [-3, -3], [-3, -4], [-3, -4], [-2, -4], [-3, -3], [-30, -45], [-2, -3], [-51, -99], [-9, 7], [-23, 12], [-48, 58], [-1, 0], [-161, 148], [-2, 4], [-19, 14], [-11, 6], [7, 132], [40, -5], [1, 0], [17, -2], [88, -10], [10, -1], [65, -8], [10, -2], [14, -1], [41, -5], [3, 0], [79, -9]],[[4282, 4046], [-16, -35], [-11, 8], [-6, 5], [-6, 5], [-5, 5], [14, 34], [13, -10], [17, -12]],[[8933, 4172], [-42, -87], [-11, -22], [-2, -5], [-45, 45], [-52, 53], [-50, 58], [-72, 86], [-2, 2], [7, 12]],[[8399, 1978], [-4, -61], [-58, 8], [-12, 2], [-64, 52], [-3, 3], [-1, -3], [-34, 28], [1, 3], [-2, 2], [0, 1], [-1, 0], [0, 1], [-1, 1], [0, 1], [0, 1], [-1, 0], [0, 1], [0, 1], [0, 1], [0, 1], [0, 1], [1, 1], [0, 1], [0, 1], [32, 75], [4, 8], [1, 3], [11, 27]],[[8268, 2138], [143, -66], [-6, -26], [-6, -68]],[[6086, 2202], [-24, 27], [-5, -9], [23, -28], [6, 10]],[[2673, 7880], [-1, 10], [0, 11], [0, 10], [0, 10], [-1, 15], [-38, 13], [1, -15], [0, -9], [0, -11], [1, -10], [0, -9], [1, -17], [37, -13], [0, 15]],[[1908, 4664], [31, -9], [2, -1], [5, -2], [2, 0], [3, -1], [27, -8], [7, -2], [0, 29], [1, 9], [0, 15], [0, 16], [1, 23], [-31, 2], [-5, 0], [-2, 0], [-3, 1], [-1, 0], [-35, 2]],[[5570, 34], [-1, -23], [9, -1], [0, -8], [40, -2], [0, 7], [9, -1], [1, 23], [-9, 1], [0, 10], [-40, 3], [0, -10], [-9, 1]],[[5292, 3239], [-11, -33], [31, -23], [31, -22], [14, 30], [1, 4], [10, 20], [4, 10], [11, 18], [11, 30], [-8, 6], [-8, 6], [-8, 5], [-6, 5], [-1, 1], [-8, 5], [-2, 2], [-30, 21], [-11, -30], [0, -1], [-11, -29], [-7, -20], [-2, -5]],[[4863, 1488], [-69, 63], [-1, 0], [-17, -3], [-12, -2], [-7, -1], [-34, -5], [2, -22], [2, -36], [1, -14], [1, -14], [10, -146], [1, -17], [2, -20], [4, -44], [8, -5], [34, 10], [11, 4], [64, 19], [8, 2], [31, 9], [7, 4], [4, 2], [2, 1], [4, 6], [111, 191], [-3, 4], [-3, 3], [-3, 4], [-3, 4], [-2, 4], [-3, 3], [-2, 4], [-3, 4], [-2, 5], [-40, -66], [-26, 30], [-16, 19], [-8, 9], [-33, -27], [-20, 18]],[[3123, 9258], [-1, 2], [6, 6], [-26, 44], [-5, 10], [-1, 0], [-1, 0], [-5, -5], [-4, -5], [-3, -2], [-6, -7], [-21, -9], [0, -1], [-8, -1], [-1, 0], [0, -1], [-1, 0], [0, -1], [-1, 0], [0, -1], [0, -1], [-1, 0], [0, -1], [1, -28], [0, -45], [0, -28], [1, -1], [0, -1], [1, -1], [0, -1], [1, 0], [1, 0], [1, 0], [1, 0], [1, 0], [0, 1], [11, 12], [27, 30], [20, 24], [1, -2], [12, 13]],[[7211, 1909], [-56, -52], [-2, 2], [1, 4], [2, 5], [1, 5], [1, 5], [1, 5], [1, 5], [1, 5], [1, 5], [1, 5], [0, 6], [1, 6], [0, 5], [1, 6], [0, 3], [0, 4], [1, 7], [1, 13], [1, 2], [2, 29], [5, 68], [20, -3], [1, 0], [93, -12], [17, -2], [24, -4], [1, -1], [0, -1], [1, 0], [0, -1], [0, -1], [0, -1], [0, -1], [-1, -1], [0, -1], [-30, -28], [-4, -5], [-69, -65], [-1, 0], [-16, -16]],[[4610, 4123], [-13, -55], [-49, 25], [8, 31], [6, 24], [48, -25]],[[7887, 1601], [4, -12], [9, -26], [0, -1], [2, 1], [4, -13], [0, -1], [1, -1], [0, -1], [0, -1], [5, -14], [1, -3], [-8, -5], [-9, -6], [-8, -5], [-1, 3], [-41, -26], [-1, -1], [-6, -4], [-2, 8], [-1, 1], [-1, 2], [0, 2], [-1, 2], [-3, 11], [-2, -1], [-1, 2], [0, 1], [-12, 37], [0, 1], [2, 1], [-2, 4], [5, 3], [-1, 2], [0, 2], [-1, 3], [46, 29], [9, 6], [-1, -1], [-1, -1], [1, -3], [1, -3], [2, 1], [11, 7]],[[8268, 2138], [1, 2], [6, 18]],[[8471, 2067], [-10, -44], [88, -36], [7, -4], [43, -17], [33, -4], [157, -19], [0, -3], [-4, 0], [-4, -1], [-4, -1], [-4, -1], [-4, -2], [-4, -2], [-3, -2], [-4, -2], [-3, -3], [-4, -2], [-3, -3], [-3, -4], [-3, -3], [-3, -4], [-3, -4], [-2, -4], [-3, -4], [-2, -5], [-2, -3], [-1, -2], [-2, -3], [-2, -2], [-2, -3], [-2, -1], [-2, -2], [-2, -1], [-3, -2], [-1, 0], [-2, 0], [-1, 0], [-1, 1], [-83, 9], [-74, 10], [-8, 1], [-95, 14], [-14, 2], [4, 61], [-37, 6]],[[5060, 1587], [-9, -7], [-8, -6], [28, -34], [-1, -2], [-2, -3], [-25, -41], [-3, 3], [-3, 4], [-3, 4], [-3, 4], [-3, 4], [-2, 4], [-3, 4], [-2, 5], [-3, 4], [-2, 5], [-2, 5], [-2, 4], [-2, 5], [-2, 5], [-2, 5], [-2, 5], [-1, 4], [-1, 4], [47, 28], [11, -13]],[[5235, 3506], [-4, -10], [-4, -12], [-2, -6], [-2, -6], [-2, -5], [-2, -6], [-2, -5], [-1, -6], [-2, -5], [-1, -3], [-5, 3], [-13, 9], [0, 2], [3, 8], [2, 7], [3, 7], [2, 7], [3, 8], [0, 1], [1, -1], [0, 1], [2, -2], [0, 1], [2, -2], [1, 2], [-1, 1], [1, 1], [2, 6], [0, -1], [1, 3], [5, -3], [1, 5], [1, 3], [-2, 1], [0, 1], [2, 5], [2, 7], [1, 0], [1, -1], [2, -1], [3, -2], [5, -3], [-3, -9]],[[6209, 2369], [-18, -31], [-6, -11], [-10, 11], [-6, 8], [24, 41], [16, -18]],[[1567, 7923], [11, -401], [2, 0], [-2, 69], [-2, 65], [-2, 76], [2, 0], [5, 0], [4, 1], [8, 0], [22, 3], [58, -69], [22, -26], [41, 96], [-7, 8], [-9, 11], [-32, 37], [-21, 26], [-27, 31], [-2, 3], [-7, 8], [-5, 6], [-38, -5], [-8, -1], [-2, 0], [-5, -1], [-2, 0], [-1, 5], [-1, 40]],[[864, 4987], [0, 1], [-3, 18], [-1, 9]],[[790, 4993], [0, -6], [4, -23]],[[794, 4964], [70, 23]],[[6837, 1265], [1, -2], [6, 3], [0, -1], [0, -1], [0, -2], [0, -1], [0, -2], [0, -1], [-1, -1], [0, -1], [0, -2], [-1, -1], [-1, -1], [0, -1], [2, -7], [0, -1], [9, 6], [2, -8], [10, -30], [2, -8], [2, 1], [2, 1], [6, 4], [1, 0], [4, -11], [3, 2], [5, 3], [0, 1], [67, 62], [4, -12], [1, -3], [4, -11], [1, -2], [1, -1], [1, -1], [1, -1], [1, -2], [1, -2], [1, -1], [1, -2], [1, -2], [0, -2], [1, -3], [1, -2], [0, -2], [1, -2], [0, -1], [0, -1], [1, -3], [0, -2], [0, -2], [0, -3], [0, -2], [0, -2], [0, -2], [0, -3], [1, 1], [7, -13], [0, -1], [1, -1], [8, -16], [-2, -2], [-1, -1], [-1, -1], [-1, 0], [0, -1], [-1, -1], [-4, -4], [-3, -3], [-2, -2], [-5, -5], [-1, -1], [0, -1], [-2, -1], [-2, -2], [-5, -5], [-1, -1], [-4, -3], [-1, -2], [-2, -1], [-2, -2], [-5, -4], [-2, -2], [-3, -2], [-5, -5], [-6, -4], [-5, -4], [-6, -4], [-5, -3], [-5, -4], [-6, -3], [0, 1], [-4, -3], [-3, -2], [0, 2], [-63, -41], [-51, 160], [1, 1], [4, 2], [4, 3], [2, 1], [2, 1], [1, 1], [2, 2], [2, 1], [2, 1], [2, 1], [2, 1], [2, 2], [6, 4], [3, 2], [2, 1], [1, 1], [2, 1], [2, 1], [2, 2], [7, 4], [1, 0], [-1, 1], [0, 2], [-2, 5], [-1, 0], [-1, 1], [-1, 0], [-1, 1], [-1, 0], [-1, 1], [0, 1], [-1, 1], [-1, 1], [0, 2], [3, 1], [-1, 3], [-3, -2], [0, 2], [0, 1], [0, 1], [0, 1], [0, 1], [1, 2], [0, 1], [0, 1], [1, 1], [0, 1], [1, 1], [1, 0], [1, 1], [0, 1], [1, 0], [1, 0], [1, 1], [1, 0], [1, 0], [1, 0], [1, -1], [1, -1], [1, 0], [-3, -7]],[[1593, 8972], [4, -3], [9, -6], [1, 0], [4, -2], [3, -2], [4, -1], [4, -1], [4, -2], [4, -1], [4, 0], [4, -1], [4, 0], [4, -1], [4, 0], [4, 0], [5, 1], [4, 0], [4, 1], [4, 0], [4, 1], [4, 2], [3, 1], [4, 2], [4, 1], [4, 2], [4, 2], [20, -81], [24, -90], [0, -1], [0, -1], [0, -1], [0, -1], [0, -1], [-1, -1], [0, -1], [0, -1], [-1, -1], [0, -1], [-1, -1], [0, -1], [-1, 0], [-1, -1], [-1, 0], [-1, -1], [-1, 0], [-1, 0], [-1, 0], [-158, 12], [-11, 0]],[[4711, 4000], [-16, -6], [-3, -6], [-3, -2], [-7, 3], [1, 6], [-12, 4]],[[4671, 3999], [-2, -9], [-3, -14], [35, -10], [15, 0], [-5, 34]],[[9066, 2444], [-53, -107], [-3, -4], [-7, -14], [-20, -37], [-38, 37], [-20, 20], [28, 56], [55, 109], [58, -60]],[[5424, 4280], [-43, -113], [-109, 82], [-15, 11], [-88, 66], [-8, 6], [-103, 77], [26, 68], [3, 10], [4, 16], [4, 16], [10, 43], [9, 72], [113, -28], [6, -1], [100, -24], [16, -4], [1, 0], [46, -11], [19, -5], [58, -15], [-4, -35], [-2, -17], [-4, -31], [1, 0], [22, -19], [-1, -4], [-9, -23], [-4, -11], [-16, -39], [-32, -87]],[[8367, 2607], [2, 4], [0, 2], [0, 1], [0, 1], [0, 2], [0, 1], [0, 1], [0, 1], [0, 1], [-1, 1], [0, 1], [-1, 1], [-1, 1], [0, 1], [-1, 1], [-1, 0], [-4, 2], [-60, 15], [-61, 14], [-70, 18], [-40, 10], [-16, 4], [-45, 11], [-33, 8], [-25, 6], [-3, 1], [-11, -87], [0, -3], [0, -3], [0, -4], [-1, -5], [0, -5], [-1, -6], [-1, -5], [-1, -6], [0, -5], [-2, -6], [0, -5], [-1, -5], [-1, -6], [-1, -5], [-1, -5], [-2, -5], [-1, -5], [-2, -5], [-1, -5], [-2, -5], [-2, -5], [-2, -4], [-1, -5], [-2, -4], [-2, -4], [-2, -4], [-2, -4], [-31, -77], [-21, -50], [-19, -47], [-13, -29], [3, -3], [71, -56], [12, -10], [20, -17], [2, -1], [10, -8], [9, -7], [15, -13], [156, -126], [2, -1], [1, 0], [1, 0], [1, -1], [1, 0], [1, 0], [1, 0], [1, 0], [1, 0], [1, 0], [1, 1], [1, 0], [1, 1], [1, 1], [1, 1], [0, 1], [1, 0], [0, 1], [1, 0], [0, 1], [11, 28], [16, 39], [3, 7], [5, 13], [7, 15], [3, 8], [31, 77], [1, 1], [0, 1], [0, 1], [0, 1], [0, 1], [0, 1], [-1, 1], [0, 1], [-1, 1], [-7, 8], [-3, 3], [-49, 39], [-12, 10], [-10, 7], [-3, 3], [-34, 27], [-20, 16], [22, 191], [3, 21], [0, 6], [1, 0], [188, -45], [19, 64]],[[1093, 7900], [-26, 0], [-20, -6], [-17, -4], [-23, -125], [12, -4], [2, -1], [2, 0], [16, -6], [11, -5], [5, -1], [1, -1], [7, -3]],[[1186, 5240], [6, -28], [6, -28], [7, -28], [6, -26], [0, -1], [7, -28], [3, -9], [-10, -5], [-72, -36], [-28, 122], [6, 21], [22, 80], [6, -4], [31, 11], [10, -41]],[[4118, 8475], [10, -16], [10, -16], [-2, -4], [-13, -15], [-4, -6], [-39, 63], [-2, 4], [2, 2], [4, 6], [12, 16], [2, -3], [20, -31]],[[7593, 1984], [3, -1], [31, -4], [0, 1], [19, -3], [9, -1], [0, -1], [59, -9], [0, -2], [1, -3], [3, 0], [-1, -5], [0, -5], [3, -1], [0, -2], [3, -12], [-12, 1], [-1, -4], [2, -2], [-20, -43], [-3, 2], [-2, -5], [-3, 1], [0, -4], [-29, 4], [-7, 1], [0, -4], [-4, 0], [-22, 4], [-2, 0], [1, 4], [-23, 3], [0, 2], [1, 0], [1, 8], [-10, 1], [-1, 0], [1, 6], [3, 43], [-8, 1], [-2, 7], [-1, 6], [-2, 0], [0, 2], [4, 0], [5, -1], [0, 10], [4, 0], [0, 3], [0, 2]],[[869, 4959], [-1, 2], [-4, 26]],[[794, 4964], [-1, 0], [4, -29]],[[797, 4935], [72, 24]],[[3033, 8793], [0, -5], [1, -25], [-25, -1], [-50, -1], [0, 29]],[[3068, 9917], [-9, -16], [-17, 19], [-11, -15], [-14, 15], [-1, -2], [-13, 15], [11, 16], [13, 17], [12, -16], [12, -14], [1, -1], [16, -18]],[[4711, 4000], [-6, 41], [-10, 13], [-7, -12], [-12, 5], [-6, -8], [-5, 10], [-1, 0], [-3, 2], [-6, -12], [-14, 4], [-2, -8], [-2, -7], [37, -19], [-3, -10]],[[8815, 2143], [1, 5], [4, 46], [7, 57], [-1, 1], [-145, 37], [-3, -36], [-7, -89], [144, -21]],[[2922, 7880], [-77, 27], [-1, -1], [-1, -2], [-1, -1], [-1, 0], [1, -50], [0, -1], [0, -1], [0, -1], [1, 0], [0, -1], [0, -1], [1, -1], [0, -1], [1, 0], [0, -1], [1, 0], [1, -1], [53, -18], [12, -3], [10, 57]],[[663, 5355], [-1, 12], [-5, 36], [-2, 1], [-26, 3], [-3, -47], [-9, -2], [-5, -1], [2, -14], [3, 1], [46, 11]],[[3759, 8283], [5, -8], [3, -5], [2, -4], [2, -4], [2, -4], [3, -4], [2, -4], [2, -4], [10, 11], [5, 7], [7, 7], [5, 6], [6, 7], [7, 8], [6, 7], [9, 10], [-4, 10], [-2, 4], [-12, 27], [-8, -9], [-4, -6], [-7, -7], [-4, -5]],[[7794, 2016], [1, 16], [-2, 1], [3, 32], [1, 1], [1, 17], [1, 5], [1, 5], [1, 5], [1, 2], [32, -5], [2, 28], [2, 38], [0, 3], [-9, 1], [30, 75], [1, 1], [1, 1], [0, 1], [1, 0], [0, 1], [1, 0], [1, 0], [1, 1], [1, 0], [1, 0], [0, -1], [1, 0]],[[7868, 2244], [-6, 4], [-1, 1], [-1, 0], [-1, 0], [-2, 0], [-1, 0], [-1, -1], [0, -1], [-1, -1], [-1, -1], [-30, -73], [-30, -74], [-1, -5], [-1, -5], [-5, -66], [0, -1], [0, -1], [0, -1], [1, -1], [0, -1], [1, 0], [0, -1], [1, 0], [5, 0]],[[8781, 3992], [-18, 17], [-5, 6], [-1, 0], [-14, 14], [-1, 0], [-1, 0], [-1, 0], [-1, 0], [-1, 0], [0, -1], [-1, 0], [-1, -1], [-1, -1], [-1, -1], [-1, -1], [0, -1], [0, -1], [-1, -1], [0, -1], [0, -1], [-1, -2], [0, -12], [-1, -3], [24, -6], [-1, -10], [0, -1], [20, -13], [2, -1], [6, 21]],[[8935, 3135], [8, 71], [-33, 8], [-8, -71], [12, -3], [21, -5]],[[1550, 8749], [-7, 0], [-3, 1], [-1, 0]],[[1415, 8771], [-25, 8], [-71, 24], [-4, 1]],[[1274, 8574], [71, -31], [22, -12]],[[961, 8646], [-7, 2], [-55, 3]],[[6161, 687], [62, 58], [-21, 44], [-61, -58]],[[6141, 731], [-8, -7], [-31, -29]],[[6102, 695], [-23, -21], [-13, -13], [-3, -2], [-1, -1], [-17, -15], [-4, -4], [-21, -20], [-1, -1], [-38, -34], [-52, -49], [-2, -2], [-3, -3], [-3, -3], [-3, -3], [-3, -3], [-4, -3], [14, 7], [-11, -38], [-1, -5], [-2, -5], [-1, -5], [-1, -6], [-1, -5], [-1, -6], [0, -5], [65, 61], [30, 27], [53, 51], [4, 3], [3, 3], [22, 21], [3, 2], [36, 33]],[[6123, 651], [14, 14], [24, 22]],[[6706, 3232], [-19, 12], [0, -1], [0, -1], [-5, -16], [19, -12], [5, 18]],[[7768, 3419], [8, 67], [4, 31]],[[7746, 3525], [-5, -39], [-74, -539], [4, -3], [3, -3], [48, -47], [42, -37], [14, 117], [23, 192]],[[6364, 1309], [65, -74], [-61, -57], [-17, -16], [-39, -37], [-8, -7], [-1, -2], [-65, -61], [-16, -15], [-32, -30], [-1, 0], [-23, 50], [-28, 29], [29, 51], [19, 20], [18, 18], [2, 1], [24, 23], [7, 6], [3, 3], [38, 35], [64, 59], [5, -11], [17, 15]],[[7374, 2976], [-12, -2], [-8, -2], [-6, -1], [0, 1], [-2, 3], [-19, -8], [-13, -6], [-12, -5], [-1, 10], [-5, 25], [0, 4], [-1, 5], [0, 1], [-7, 39], [15, 4], [13, 4], [12, 4]],[[7337, 3078], [8, -7], [4, -3], [7, -6], [8, -7], [10, -8], [8, 26], [1, 2], [1, 0], [5, 21], [5, 12], [6, -4], [10, -6], [-9, -27], [1, -1], [6, -4], [4, -2], [6, -4], [7, -4], [15, -9], [0, -1], [-6, -19], [-3, -12], [-4, -11], [-4, -15], [-1, -3], [-1, -3], [-8, -28], [-13, 7], [-7, 4], [-9, 5]],[[5898, 2860], [-26, 29], [-24, -37], [26, -29], [3, 5], [12, 20], [1, -2], [8, 14]],[[6340, 1336], [-153, 170], [-13, -19], [-26, -42], [-10, -16], [-1, -2], [-37, -58], [75, -85], [-2, -4], [48, -57], [119, 113]],[[7643, 3467], [3, 0], [5, 0], [8, 0], [3, 0], [2, 0], [15, 0], [8, 0], [7, 0], [1, 0], [1, 0], [0, -1], [1, 0], [1, -1], [0, -1], [0, -1], [1, -1], [0, -1], [-1, -49], [-1, -6], [-10, -43], [0, -1], [0, -1], [-1, -1], [0, -1], [-1, -1], [-9, 0], [-1, 0], [-12, 0], [-6, 0], [-8, 0], [-12, 0], [-5, 0], [-8, 0], [-12, 0], [-11, 0], [-2, 0], [-2, 1], [-2, 0], [-1, 1], [-2, 1], [-2, 1], [-7, 4], [-9, 6], [-2, 0], [-11, 7], [0, 1], [0, 1], [0, 2], [14, 53], [19, 52], [0, 1], [1, 0], [0, 1], [1, 0], [1, 0], [1, 0], [5, -3], [6, -3], [4, -3], [4, -2], [9, -6], [4, -2], [4, -2], [3, -1], [3, 0], [3, -1]],[[7681, 3599], [-4, 1], [-3, 1], [-4, 2], [-4, 2], [-9, 5], [-5, 3], [-3, 2], [-2, 2], [-9, 5], [-1, 0], [-1, 0], [-1, 0], [0, -1], [-1, 0], [0, -1], [-1, 0], [-8, -29], [-7, -23], [-16, -53], [0, -1], [0, -1], [0, -1], [1, -1], [0, -1], [1, -1], [11, -7], [3, -2], [6, -3], [9, -6], [3, -1], [1, -1], [2, -1], [1, 0], [1, 0], [2, -1], [1, 0], [3, 1], [13, -1], [2, 0], [2, 0], [14, 0], [12, 0], [1, 0], [11, 0], [1, 0], [1, 0], [1, 1], [1, 0], [0, 1], [1, 0], [0, 1], [1, 0], [0, 1], [1, 0], [0, 1], [0, 1], [2, 10], [6, 44], [5, 41], [1, 1], [0, 1], [0, 1], [-1, 1], [0, 1], [0, 1], [0, 1], [-1, 0], [0, 1], [0, 1], [-1, 0], [0, 1], [-1, 0], [-1, 1], [-1, 0], [-1, 0], [-8, 0], [-4, 0], [-10, 0], [-5, 0], [-2, 0], [-2, 0], [-4, 0]],[[7602, 3338], [4, 0], [6, 0], [4, 0], [5, 0], [15, 0], [8, 0], [6, 0], [14, 0], [8, 0], [7, 0], [19, 0], [-12, -86]],[[7611, 3270], [-21, 13]],[[7590, 3283], [-16, 10]],[[7574, 3293], [-9, 5], [-8, 5], [-15, 9], [0, 1], [1, 3], [12, 41], [4, 2], [8, -6], [6, -3], [9, -5], [3, -2], [3, -2]],[[7588, 3341], [2, -1], [3, -1], [3, 0], [3, 0], [2, -1], [1, 0]],[[7652, 3636], [8, -6], [9, -5], [3, -2], [2, -1], [3, -1], [2, -1], [3, -1], [2, 0], [17, 0], [10, 0], [8, 0], [1, 0]],[[7720, 3619], [16, 0], [1, 0], [0, -1], [8, 56], [-2, 1], [-22, 6]],[[7721, 3681], [-10, 3], [-8, 2], [-5, 1], [-7, 2], [-10, 3], [-10, 3]],[[7671, 3695], [-14, 4], [-2, 0], [-15, -58], [12, -5]],[[5862, 1156], [-26, -45], [-25, 28], [-33, 38], [3, 5], [8, 12], [17, 27], [34, -40], [22, -25]],[[6895, 3391], [-7, -25], [-5, -16], [-16, 9], [-26, 14], [1, 1], [12, 41], [41, -24]],[[4268, 7513], [-2, 5], [-4, 15], [-7, 30], [-22, -11], [-13, -7], [-4, -2], [-13, -7], [-2, -1], [-14, -8], [-15, -8], [-6, -4], [39, -11], [24, -12], [39, 21]],[[5732, 1204], [-16, 18], [9, 16], [-16, 18], [25, 47], [12, -13], [21, -24], [-26, -46], [-9, -16]],[[6690, 3665], [-43, 27], [-3, -8], [-10, -26], [-5, -16], [-7, -17], [-2, -6], [47, -30], [2, 7], [5, 17], [15, 49], [1, 3]],[[7640, 3641], [15, 58], [2, 0], [14, -4], [-19, -59], [-12, 5]],[[2952, 6397], [-20, 17], [-32, 28], [-11, -25], [-10, -24], [-30, 25], [-2, -4], [-19, -44], [-1, -2], [10, -8], [9, -8], [11, -9], [37, -33], [15, -13], [21, 50], [22, 50]],[[5625, 1508], [-17, -31], [-12, 14], [-4, 4], [25, 43], [-16, 19], [-11, 13], [-5, 5], [-12, 15], [-11, 13], [-8, 9], [-16, 20], [26, 43], [1, -1], [47, -54], [47, -54], [-27, -46], [-7, -12]],[[6859, 3547], [-34, 54], [-18, -19], [-2, -2], [-7, -19], [12, -8], [-14, -33], [1, -1], [-3, -12], [-5, -14], [0, -1], [16, -9], [-9, -29], [-5, -19], [16, -9], [25, -14], [9, 27], [15, 53], [10, 34], [1, 1], [0, 1], [0, 1], [0, 1], [0, 1], [0, 1], [-1, 1], [0, 2], [0, 1], [-1, 1], [0, 1], [-6, 9]],[[7282, 1742], [10, 9], [47, 43], [6, 6], [19, 17], [-20, 43], [-13, 26], [-86, -81], [12, -26], [20, -42], [5, 5]],[[4180, 7726], [1, -1], [2, -5], [1, -2], [-35, -34], [-22, 30], [9, 14], [22, 32], [22, -34]],[[2157, 6425], [-18, 6], [-6, 2], [16, -77], [3, 1], [1, 1], [4, 1], [17, 6], [-17, 60]],[[6502, 1481], [-22, 54], [-28, 32]],[[6452, 1567], [21, 17], [33, 27], [29, 24], [1, 1], [49, -56], [-12, -10], [15, -18], [-26, -22], [-24, -20], [-36, -29]],[[6611, 1111], [-56, -53], [-21, 44], [10, 10], [8, 7], [45, 42], [10, 10], [6, 5], [10, 10], [15, 14], [118, 111], [39, 36], [4, 4], [22, -44], [-162, -151], [-48, -45]],[[767, 5162], [0, 1], [-1, 4], [-3, 23], [29, 10], [35, 12], [4, -28]],[[5860, 1563], [13, -15], [32, 57]],[[5905, 1605], [31, -35], [-32, -57], [-11, -20], [-5, -8], [-2, -4], [-14, -25], [-44, 50], [32, 57]],[[7201, 3797], [-2, -5], [-39, 24], [-4, 26], [1, 6], [3, 18], [1, 4], [4, 18], [29, -18], [24, -14], [-5, -18], [-1, -2], [-11, -39]],[[6362, 1651], [26, -29], [3, 4], [10, -11], [-3, -4], [28, -32], [-55, -46], [-2, -2], [-30, -25], [-73, -62], [-61, 68], [-3, 3], [40, 65], [3, 5], [1, 2], [7, 12], [2, 3], [7, 13], [30, -34], [1, 1], [2, 2], [2, 1], [2, 1], [3, 0], [2, 1], [2, 0], [1, 0], [1, 0], [2, -1], [2, 0], [2, -1], [2, -1], [41, 73], [5, -6]],[[6452, 1567], [-6, -5], [-9, -8], [-29, -24], [-13, -11], [-10, -9], [-22, -17], [-3, -3], [-76, -63], [23, -27], [40, -46], [57, 47], [44, 36], [9, 8], [31, 25], [14, 11]],[[6524, 1660], [-65, -54], [-2, 5], [-1, 2], [-1, 2], [-1, 2], [-1, 3], [-1, 2], [-1, 2], [-1, 2], [-1, 3], [-2, 2], [-1, 2], [-1, 2], [-2, 2], [-1, 2], [-1, 2], [-2, 2], [-1, 2], [-1, 2], [-2, 2], [-1, 1], [-2, 2], [-1, 2], [-2, 2], [-1, 1], [-2, 2], [-2, 2], [-1, 1], [-2, 2], [-2, 1], [-1, 2], [-2, 1], [-2, 1], [-1, 2], [-1, 0], [-24, 27], [24, 45], [15, 26], [5, -5], [3, -3], [2, -2], [87, -99]],[[6197, 1689], [6, -7], [3, 5], [39, -45], [2, -2], [-19, -33], [-45, -72], [-46, 51], [3, 5], [47, 84], [9, 15], [1, -1]],[[6126, 2462], [-1, 2], [-32, 34], [0, 1], [-16, -29], [-1, 1], [-7, -13], [0, -1], [-2, -5], [-2, 2], [-23, -39], [1, 0], [40, -46]],[[5860, 1563], [-20, 22], [-32, -56], [-19, 22], [32, 56], [32, 56], [13, -15], [6, -6], [33, -37]],[[8674, 2728], [1, 0], [1, 0], [7, -2], [15, -4], [-14, -114], [-14, 4], [-9, 2], [-23, 6], [-48, 12], [-23, 5], [-24, 6], [-12, 3], [-7, 2], [-28, 7], [-3, 0], [-19, 5], [-7, 1], [-37, 10], [14, 46], [18, 63], [23, -6], [2, 0], [23, -6], [23, -5], [12, -3], [33, -8], [48, -12], [24, -6], [24, -6]],[[8193, 2841], [-30, 9], [-39, 10], [-94, 26], [0, -9], [-2, -23], [-9, -72], [-1, -11], [91, -22], [1, 0], [4, -1], [11, -3], [23, -5], [12, -3], [19, -4], [14, 108]],[[8506, 2505], [26, -6], [34, -9], [39, -9], [20, -5], [17, -4], [4, -1], [20, -6], [1, 0], [7, 57], [4, 30], [-4, 6], [-21, 5], [-6, 2], [-31, 7], [-23, 6], [-16, 4], [-61, 14]],[[8849, 2423], [9, 77], [0, 2], [0, 1], [0, 1], [0, 1], [-1, 1], [0, 1], [0, 1], [-1, 1], [0, 1], [-1, 1], [-1, 1], [0, 1], [-1, 0], [-1, 1], [-1, 0], [-146, 36], [-2, 0], [-1, 1], [-1, 0], [-1, -1], [-1, 0], [0, -1], [-1, 0], [0, -1], [0, -1], [-1, 0], [0, -1], [-6, -56], [-4, -29], [48, -12], [23, -6], [37, -9], [38, -9], [8, -2], [8, 0]],[[8880, 2679], [-13, -115], [-23, 6], [-7, 2], [-51, 12], [-8, 1], [-2, 1], [-11, 2], [15, 114], [11, -2], [6, -2], [3, 0], [17, -4], [20, -5], [21, -5], [22, -5]],[[8935, 2484], [-2, 7], [-8, 2], [-36, 9], [-1, -1], [-1, 0], [-1, -1], [-1, -1], [-1, -1], [0, -2], [-1, -1], [-1, -1], [-5, -57], [35, -7], [23, 54]],[[8902, 2412], [-15, -31], [-7, 2], [-11, 3], [2, 18], [1, 12], [30, -4]],[[6090, 2659], [21, 35], [7, -8], [7, 13], [18, 32], [2, -3], [16, -18], [-25, -44], [0, -1], [-1, 1], [-33, -58], [-15, -27], [-25, 29]],[[1905, 6763], [31, -5], [11, -1]],[[1947, 6757], [4, 67], [2, 20]],[[1953, 6844], [-42, 6]],[[1911, 6850], [-6, -87]],[[797, 4935], [1, -9], [1, -8], [1, -11], [2, 0], [31, 10], [15, 5], [25, 9], [0, 3], [-1, 4], [-2, 15], [-1, 6]],[[1947, 6757], [-4, -58], [-2, -29], [-41, 7], [2, 28], [0, 12], [3, 46]],[[2616, 8607], [0, 30], [-49, -2], [0, -26], [0, -4], [16, 1], [32, 1], [1, 0]],[[828, 8043], [0, 13], [13, 109], [9, 76], [122, -26], [20, -5], [6, -1], [95, -21], [-68, -68], [-49, -38], [-87, -35], [-61, -4]],[[1881, 6377], [16, 5], [19, 7], [-3, 18], [-20, 106], [-20, 107], [0, 1], [0, 1], [-1, 1], [0, 1], [-1, 1], [0, 1], [-1, 0], [-1, 1], [0, 1], [-1, 0], [-1, 1], [-1, 0], [-1, 0], [-1, 1], [-2, 0], [-1, 0], [-1, 0], [-1, -1], [-1, 0], [-2, -1], [-1, 0], [-1, -1], [-1, -1], [-1, -1], [-1, -1], [-10, -30], [-15, -45], [-40, -113], [-1, -3], [-1, -4], [-1, -3], [0, -3], [-1, -4], [0, -3], [1, -4], [0, -3], [0, -4], [1, -3], [11, -58], [56, 22], [14, 5], [-2, 12], [16, 6], [2, -12]],[[5934, 2679], [-21, -36], [-12, 13], [-1, -2], [-5, 4], [1, 2], [22, 37], [16, -18]],[[2869, 6500], [-19, 16], [-1, -2], [-39, 32], [-5, -9], [-4, -9], [59, -50], [7, 16], [1, 3], [1, 2], [0, 1]],[[7509, 4039], [-88, 22], [-45, 13], [-1, 1], [-1, 0], [-1, 0], [0, -1], [-1, 0], [-1, -1], [-1, 0], [0, -1], [-1, -1], [-16, -52], [0, -1], [-12, -40], [-18, -59], [-2, -9], [-99, -338], [123, -80], [5, -3], [59, -37], [11, 36], [160, 533], [-51, 14], [-20, 4]],[[8315, 2288], [7, 24], [4, 12], [7, 23], [2, 6], [2, 6]],[[8372, 2350], [1, 9], [56, -13], [35, -9], [-4, -37], [-7, -54], [-2, -11], [-3, 1], [0, 3], [-34, 15], [-36, 14], [0, 3], [-20, 9]],[[1757, 7386], [-16, 54], [-40, -18]],[[1701, 7422], [-1, 3], [0, 2], [0, 3], [0, 6], [0, 5], [0, 6], [0, 5], [0, 6], [1, 5], [0, 6], [0, 5], [1, 6], [0, 5], [1, 6], [0, 5], [1, 6], [1, 5], [1, 5], [1, 5], [1, 6], [1, 5], [1, 5], [2, 5], [1, 5], [2, 5], [2, 5], [2, 4], [7, 19], [6, 15], [6, 14], [1, 4], [2, 4], [1, 5], [2, 4], [80, -190], [-3, -3], [-3, -2], [-4, -3], [-3, -2], [-3, -3], [-3, -3], [-4, -2], [-3, -3], [-4, -3], [-4, -2], [-3, -2], [-4, -3], [-4, -2], [-3, -2], [-4, -3], [-4, -2], [-4, -2], [-3, -2], [-4, -2]],[[6141, 731], [76, 72], [1, 1], [75, 71], [76, 72], [22, -44], [-77, -72], [-75, -70], [-2, -2], [-76, -72]],[[6161, 687], [-24, -22], [-14, -14], [-21, 44], [31, 29], [8, 7]],[[6540, 2231], [-34, 21], [0, -1], [-12, -40], [-5, -15], [0, -3], [47, -6], [4, 44]],[[1509, 7548], [11, -5], [35, -17], [1, 0], [1, 1], [1, 0], [0, 1], [1, 0], [0, 1], [1, 1], [0, 1], [0, 1], [1, 0], [0, 1], [0, 1], [0, 1], [-1, 17], [0, 31], [-1, 4], [-2, 83], [-50, -3]],[[5516, 936], [-25, -45], [-16, 18], [9, 16], [16, 29], [10, -10], [6, -8]],[[7625, 2739], [26, 188], [-9, 7], [-6, -51], [-8, 2], [-15, 9], [-39, 25], [-12, -40], [-10, -30], [-8, -26], [-4, 2], [-1, 0], [-17, -57], [-8, -11], [-7, -8]],[[1149, 9757], [-15, 9], [-1, 0], [-56, 33], [-3, 2], [-3, 2], [-2, 1], [-13, 7], [-1, 0], [-3, 2], [-38, 22], [-8, 5], [-14, 8]],[[2202, 8965], [40, -83], [7, 0], [0, -40], [8, -18], [-5, -59], [-8, 2], [-13, 3], [-9, 2], [-16, 4], [-1, -4], [-1, -7], [-1, -3], [3, -55], [4, -94], [-19, 4], [-55, 9], [-20, 5], [0, 5], [-43, 11], [-15, 0], [-2, 0], [-37, 4], [-26, 4], [-1, 1], [-1, 0], [-1, 1], [-1, 1], [-1, 1], [-1, 1], [0, 1], [-1, 2], [-1, 1], [0, 1], [-1, 2], [0, 2], [0, 1], [-1, 2], [0, 2], [0, 92], [0, 5], [-1, 6], [0, 5], [0, 5], [0, 6], [0, 5], [-1, 6], [0, 5], [0, 5], [0, 6], [-1, 5], [0, 5], [0, 4], [-1, 4], [-4, 85], [0, 5], [0, 5], [0, 6], [-1, 5], [0, 5], [-1, 6], [0, 5], [0, 5], [-1, 6], [-2, 46], [22, 7], [0, 25], [9, 0], [61, 0], [23, 0], [23, 21]],[[2108, 9070], [0, 23], [-1, 31], [-28, -1], [-33, 0], [-48, -1], [-1, 0], [-1, 0], [-19, 115], [7, 3], [-4, 19], [-3, 16], [-1, 3], [-7, 39], [-1, 5], [-1, 4], [-1, 5], [-1, 5], [-1, 4], [-1, 6], [-1, 5], [-1, 5], [-2, 6], [-1, 5], [-1, 6], [-1, 5], [0, 6], [-1, 5], [-1, 5], [-1, 6], [-1, 5], [-1, 6], [-1, 5], [-1, 6], [0, 5], [-1, 6], [-1, 5], [0, 6], [0, 6], [0, 5], [0, 6], [0, 6], [0, 5], [0, 6], [0, 6], [0, 5], [0, 6], [0, 6], [0, 5], [0, 6], [0, 6], [0, 5], [0, 6], [0, 6], [0, 5], [0, 6], [0, 1], [1, 5], [0, 5], [1, 5], [0, 1], [0, 5], [1, 5], [0, 6], [0, 5], [1, 6]],[[1951, 9590], [0, 3]],[[1951, 9593], [1, 1], [1, 5], [1, 5], [1, 6], [1, 5], [1, 6], [2, 5], [1, 6], [1, 5], [26, -3]],[[2079, 9623], [5, -1], [11, -1], [18, -2], [18, -2], [198, -24], [16, -2], [40, -5], [10, -1], [16, -2], [16, -2], [17, -2], [16, -2], [16, -1]],[[2515, 9511], [-16, -36], [-35, -7], [-9, -2], [-12, -3], [-89, -28], [-3, -42], [-21, 1], [-1, -15], [11, 0], [16, -2], [0, -3], [-10, -82], [-2, -22], [-1, 0], [-4, 0], [-57, -1], [-85, -37], [-2, -1], [0, -10], [2, -69], [5, -187]],[[2405, 9688], [-45, -1], [1, -74], [36, -4], [-1, 56], [9, -1], [0, 24]],[[2238, 9686], [0, 25], [-35, 0], [0, -21], [-1, 0], [0, -3], [0, -55], [18, -2], [18, -2], [0, 58]],[[2299, 9712], [-45, -2], [0, -87], [55, -5], [37, -3], [-1, 85], [-46, -1], [0, 13]],[[2134, 9692], [-23, 3], [-9, 1], [-4, 19], [-4, -2], [-2, -1], [-4, -66], [20, -3], [23, -3], [3, 52]],[[1757, 7386], [-4, -2], [-3, -2], [-4, -1], [-4, -2], [-3, -2], [-4, -1], [-4, -2], [-3, -1], [-4, -2], [-4, -1], [-3, -1], [-2, 5], [-2, 5], [-2, 5], [-2, 5], [-1, 5], [-2, 5], [-1, 5], [-1, 4], [-1, 5], [-1, 4], [-1, 5]],[[7322, 2758], [7, 8], [17, 21], [5, -8], [1, -2], [5, -8], [-12, -35], [0, -2], [-15, 17], [-8, 9]],[[7704, 2708], [1, 2], [3, 4], [3, 4], [3, 4], [3, 4], [3, 4], [3, 3], [3, 4], [4, 3], [3, 3], [4, 3], [3, 2], [4, 3], [4, 2], [4, 2], [3, 2], [4, 2], [4, 2], [4, 1], [4, 1], [4, 1], [4, 0], [4, 1], [4, 0], [4, 0], [4, 0], [4, 0], [4, -1], [4, 0], [4, -1], [3, -1], [46, -11], [3, 0], [60, -16], [17, -4], [48, -11], [-14, -118], [-1, -6], [-1, -5], [-1, -6], [-1, -5], [-1, -6], [-2, -5], [-1, -5], [-2, -6], [-1, -5], [-2, -5], [-2, -5], [-1, -5], [-2, -5], [-2, -5], [-2, -4], [-3, -5], [-2, -5], [-23, -57], [-30, -72], [-22, -58], [-7, -17], [-21, 17], [-4, 3], [-49, 40], [-48, 39], [-6, 4], [-1, 1], [-11, 8], [-58, 48], [0, 1], [-2, 2], [-1, 1], [-1, 2], [-1, 3], [-1, 2], [0, 2], [-1, 3], [0, 2], [0, 3], [-1, 2], [1, 3], [2, 20], [7, 50], [1, 4], [0, 1]],[[7794, 2016], [105, -15], [3, -1], [64, -20], [22, -4], [176, -26], [0, -19], [145, -49], [0, -1], [1, 0], [0, 1], [0, 1], [0, 1], [-4, 2], [-4, 1], [-4, 2], [-3, 2], [-4, 1], [-4, 2], [-3, 2], [-4, 3], [-4, 2], [-3, 2], [-4, 3], [-3, 3], [-4, 2], [-3, 3], [-4, 3], [-3, 3], [-3, 3], [-3, 4], [-3, 3], [-4, 3], [-3, 4], [-32, 39], [-6, -8], [-18, 22], [-76, 61], [-115, 93], [-2, 1], [-34, 28], [-82, 69], [-1, 1], [-1, 0], [0, 1], [-1, 0]],[[7799, 2204], [3, 7], [21, 52], [0, 1], [1, 2], [1, 0], [0, 1], [0, 1], [0, 1], [0, 1], [0, 1], [0, 1], [0, 1], [0, 1], [0, 1], [0, 1], [0, 1], [-1, 1], [0, 1], [-36, 28], [-42, 33], [-15, 12], [-69, 55], [-3, 2], [-1, 0], [0, 1], [-1, 0], [-1, 0], [-1, 0], [-1, 0], [-1, 0], [-1, 0], [-1, -1], [-1, -1], [-1, -1], [-1, -1], [0, -1], [-1, -1], [0, -1], [-9, -68], [-1, -7]],[[7627, 2261], [0, -1], [-13, -94], [-10, -75], [-1, -2], [0, -5], [-2, -11], [0, -3], [0, -2], [0, -3], [0, -2], [1, -2], [0, -3], [1, -2], [1, -2], [1, -2], [1, -2], [1, -2], [2, -1], [1, -2], [2, -1], [1, -1], [2, -1], [1, -1], [2, 0], [4, -1], [2, 0], [35, -5]],[[7602, 2507], [-2, 0], [15, 113], [36, 259], [6, 43], [3, -2], [5, -5], [59, -57], [23, -22], [1, 0], [0, -1], [1, -1], [0, -1], [1, -1], [0, -1], [0, -1], [1, -2], [0, -1], [0, -1], [0, -1], [0, -1], [0, -1], [-1, -2], [0, -1], [0, -1], [-1, -1], [0, -1], [-1, -1], [0, -1], [-1, 0], [-1, -1], [0, -1], [-1, 0], [-1, -1], [-2, -1], [-4, -1], [-3, -2], [-4, -2], [-3, -2], [-4, -2], [-3, -2], [-4, -3], [-3, -3], [-3, -2], [-3, -3], [-4, -3], [-3, -3], [-3, -3], [-3, -4], [-3, -3], [-3, -3], [-3, -4], [-3, -4], [-2, -4], [-3, -3], [-3, -5], [-2, -4], [-3, -4], [-2, -4], [-3, -5], [-2, -4], [-2, -5], [-2, -5], [-2, -5], [-2, -4], [-2, -5], [-2, -5], [-2, -6], [-1, -5], [-2, -4], [-1, -5], [-1, -5], [-1, -5], [-1, -5], [-1, -5], [-1, -5], [-1, -5], [-10, -70], [-6, -46], [-1, -5], [0, -2], [-1, -2], [0, -2], [-1, -2], [-1, -2], [-1, -1], [-1, -2], [-1, -1], [-1, -2], [-2, -1], [-1, -1], [-1, -1], [-2, -1], [-2, -1], [-1, -1], [-2, 0], [-2, 0]],[[7577, 2203], [-3, 3], [-3, 3], [-4, -15], [-5, -16], [-10, -31], [-13, -36], [-16, -33], [-16, -31]],[[7507, 2047], [17, -3], [14, -2], [1, 0], [2, 0], [2, 1], [1, 0], [2, 1], [2, 1], [1, 1], [2, 1], [1, 2], [1, 2], [1, 1], [1, 2], [1, 2], [1, 3], [1, 2], [0, 2], [1, 6], [18, 134]],[[4336, 4130], [-1, -5], [-3, -8], [-17, -57], [-2, -6], [-9, 6], [-19, 15], [-42, 30], [4, 10], [11, 26], [38, -33], [6, 22], [3, 7], [0, 1], [1, 4], [5, -2], [1, 5]],[[1911, 6850], [2, 28], [2, 30], [2, 28], [0, 30], [3, 34], [5, 17], [26, -6], [4, -1], [1, 0], [1, 1], [1, 0], [1, 0], [1, 1], [1, 0], [1, 1], [1, 1], [1, 1], [1, 1], [1, 1], [0, 1], [1, 2], [1, 1], [14, 32], [26, -21], [1, -1], [-13, -32], [-18, -43], [-1, 0], [-11, -27], [-9, -23], [0, -5], [-2, -29], [-1, -16], [-1, -12]],[[2730, 9942], [-12, -28], [-32, 26], [12, 28], [32, -26]],[[6996, 1719], [-35, -29], [12, 163], [17, 227], [50, -8], [1, 0], [5, -1], [5, 0], [60, -9], [3, 0], [4, -1], [35, -6], [-4, -61], [-5, -52], [0, -18], [-1, -6], [0, -5], [-1, -6], [0, -5], [-1, -5], [-1, -6], [-2, -5], [-1, -5], [-1, -5], [-2, -5], [-1, -5], [-2, -5], [-2, -5], [-2, -4], [-2, -5], [-2, -5], [-2, -4], [-3, -4], [-2, -5], [-3, -4], [-2, -4], [-3, -4], [-13, -15], [-3, -2], [-2, -3], [-38, -32], [-25, -21], [-17, -14], [-7, -6], [-7, -5]],[[9212, 2732], [2, 3], [7, 16], [43, 91], [1, 4], [5, 8], [1, 2], [1, 3], [5, 10], [19, 36], [8, 17], [11, 20], [2, 5], [2, 4], [2, 5], [2, 4], [1, 5], [2, 5], [1, 5], [2, 4], [1, 5], [1, 5], [1, 6], [0, 5], [1, 5], [0, 5], [0, 5], [-1, 5], [0, 4], [-1, 5], [-1, 4], [-1, 4], [-1, 4], [-2, 4], [-1, 4], [-3, 3], [-2, 3], [-2, 3], [-8, 8], [-13, 13], [-2, -1], [-8, -15], [-26, -53], [-1, -1], [-23, -45], [-15, -31], [-8, -14], [-1, -2], [-1, -3], [-1, -2], [-13, -26], [-45, -91], [-2, -2]],[[4870, 2346], [3, -36], [3, 0], [16, 3], [24, 4], [3, -28], [1, -18], [1, -9], [1, -18], [1, -10], [-41, -6], [3, -32], [-42, -6], [-11, 157], [-2, 14], [39, 6], [1, -21]],[[6214, 2506], [-8, 8], [-22, -42], [7, -8], [23, 42]],[[7001, 2902], [-14, 10], [-14, 11], [-7, -38], [22, -17], [13, 34]],[[1972, 7472], [1, 2], [2, 5], [2, 5], [1, 4], [2, 4], [1, 4], [2, 3], [2, 4], [2, 4], [1, 4], [3, 5], [2, 4], [2, 5], [2, 5], [2, 4], [2, 5], [3, 4], [2, 5], [2, 4], [0, 1], [2, 4], [2, 5], [2, 5], [3, 4], [2, 5], [2, 4], [2, 5], [2, 5], [2, 3], [0, 1], [3, 5], [2, 4], [0, 2], [2, 3], [12, 23], [-39, 42], [0, -1], [-3, -5], [-2, -4], [-2, -5], [-2, -5], [-2, -4], [-2, -5], [-3, -5], [-2, -4], [-2, -5], [-6, -14], [-3, -7], [-4, -7], [-2, -5], [-2, -5], [-5, -9], [0, -1], [-4, -9], [-3, -5], [-2, -5], [-4, -9], [-3, -5], [0, -1], [-1, -1], [0, -1]],[[4777, 5090], [-13, -5], [1, -3], [-3, -2], [-1, 0], [-1, 0], [0, 1], [-1, 4], [0, 1], [-1, 3], [-4, -2], [-3, -1], [-2, -1], [-5, -2], [-12, -4], [-4, -2], [0, -3], [5, -23], [1, -7], [1, -2], [4, -24], [0, -2], [-1, 0], [-5, -2], [-4, -2], [-2, -1], [-4, -1], [-5, -2], [0, 1], [-1, 5], [-4, 19], [-6, 36], [-1, 1], [0, 2], [0, 2], [-3, 0], [-2, -1], [-4, -2], [-1, 2], [-1, 5], [0, 2], [-1, 5], [0, 1], [-2, 10], [0, 1], [-1, 6], [-1, 2], [0, 1], [0, 3], [-1, 1], [2, 0], [7, 3], [-1, 4], [0, 1], [-4, 20], [0, 1], [-2, 11], [-2, 11], [-4, 19], [7, 2], [2, 1], [1, 1], [2, 0], [7, 3], [23, 9], [0, -1], [3, -12], [0, -4], [14, 6], [6, -30], [-5, -2], [-16, -6], [-11, -5], [-3, -1], [1, -7], [2, -10], [2, -7], [1, -7], [8, 3], [5, 2], [8, 3], [4, 2], [2, 0], [1, 1], [4, 2], [6, 2], [7, 3], [3, 1], [6, -33], [2, -6]],[[7577, 2203], [18, 126], [10, 75], [3, 24], [0, 2], [0, 3], [0, 2], [0, 3], [-1, 2], [0, 2], [-1, 2], [-1, 3], [-1, 2], [-1, 2], [-1, 1], [-7, 6], [-2, 2], [-1, 1], [-4, 3], [-1, 1], [-2, 0], [-5, 4], [-10, 7], [-46, 35], [-4, 2], [-76, 57], [-22, 17], [-65, 48], [-15, 11], [-16, -54], [-32, -107], [-17, -58], [-18, -58], [-2, -8], [-1, -3], [-8, -27], [-1, -2], [-16, -57], [-3, -7], [-32, -107], [-1, -3], [-10, -34], [-5, -17], [0, -4], [68, -10], [55, -8], [12, 14], [19, -3], [14, -2], [8, -1], [2, -3], [6, -12], [76, -13], [31, -7], [11, -3], [3, -1], [11, -3], [3, 0], [8, -1]],[[8837, 3012], [9, 75], [5, 40]],[[8851, 3127], [40, -11], [42, -10], [-12, -91], [-3, -24], [-41, 11], [-40, 10]],[[8867, 2916], [-5, -40], [-2, -17]],[[8935, 3135], [9, 72], [-52, 12], [-9, -71], [13, -4], [19, -4], [20, -5]],[[857, 9654], [-84, 119], [-16, 14], [-14, 11], [-32, 21], [-32, 3], [53, 177], [5, -3], [16, -10], [52, -30], [42, -24], [12, -7], [64, -37]],[[5410, 2494], [-2, 31], [-3, 26], [-19, -3], [1, -19], [3, -39], [1, 0], [19, 4]],[[4230, 4498], [-11, 1], [-2, 0], [-7, 25], [20, 4], [0, -30]],[[7744, 4287], [-13, 3], [-1, 0], [-4, 1], [-9, 2], [-21, 5], [-18, 5], [-5, -45], [13, -3], [13, -3], [13, -3], [13, -3], [1, -1], [12, -3], [6, 45]],[[2728, 7641], [-21, 0], [0, 24], [-2, 2], [6, 34], [1, 4], [6, 30], [13, -5], [12, -3], [-4, -22], [-1, -6], [-1, -7], [-5, -24], [-4, -27]]]}