{"type":"Topology","bbox":[-71.15743238186697, 42.353230950694936, -71.06878340810988, 42.400216786606016],"transform":{"translate": [-71.15743238186697, 42.353230950694936], "scale": [8.865783954104247e-06, 4.699053496457664e-06]},"objects":{"CDD_SpecialPermits":{"type":"GeometryCollection","geometries":[{"type": "Point", "id": 131, "coordinates": [2449, 9443], "properties": {"MapLots": "123A-520", "CaseType": "Planning Board Special Permit", "GlobalID": "{DCE18400-9011-43D7-A5C4-766597B7A82C}", "CaseStatus": "Expired", "ProjectName": "Cornerstone Co Housing", "CaseID": "PB-126", "Longitude": -71.13571169, "ShowOnWeb": 0, "created_date": "2025-09-22", "Latitude": 42.39760674, "last_edited_date": "2025-09-22", "ShowMoreInfoOnWeb": 0, "ProjectAddress": "171 Harvey St"}},{"type": "Point", "id": 146, "coordinates": [8513, 2171], "properties": {"MapLots": "14-50", "CaseType": "Planning Board Special Permit", "GlobalID": "{A568B863-B056-4CD4-9B35-9FA561A3D5B8}", "CaseStatus": "Built", "ProjectName": "Cambridge Research Park", "CaseID": "PB-141", "Longitude": -71.08195469, "ShowOnWeb": 0, "created_date": "2025-09-22", "Latitude": 42.36343679, "last_edited_date": "2025-09-22", "ShowMoreInfoOnWeb": 0, "ProjectAddress": "364 Third St"}},{"type": "Point", "id": 203, "coordinates": [9567, 3701], "properties": {"MapLots": "1A-30", "CaseType": "Planning Board Special Permit", "GlobalID": "{36857A98-6547-4647-84EF-66BCCC64620E}", "CaseStatus": "Built", "ProjectName": "Cambridge Crossing", "CaseID": "PB-179", "Longitude": -71.07260633, "ShowOnWeb": 1, "created_date": "2025-09-22", "Latitude": 42.37062455, "last_edited_date": "2025-09-22", "ShowMoreInfoOnWeb": 1, "ProjectAddress": "441 Morgan Ave"}},{"type": "Point", "id": 260, "coordinates": [1325, 8242], "properties": {"MapLots": "123A-607", "CaseType": "Planning Board Special Permit", "GlobalID": "{3B4D0A53-16C9-407D-A18D-72FB004186A5}", "CaseStatus": "Expired", "CaseID": "PB-227", "Longitude": -71.14567776, "ShowOnWeb": 0, "created_date": "2025-09-22", "Latitude": 42.39196357, "last_edited_date": "2025-09-22", "ShowMoreInfoOnWeb": 0, "ProjectAddress": "70 Fawcett St"}},{"type": "Point", "id": 27, "coordinates": [7625, 3321], "properties": {"MapLots": "39-140", "CaseType": "Planning Board Special Permit", "GlobalID": "{14735CB5-5275-4F78-8794-9FE053874EA5}", "CaseStatus": "Built", "ProjectName": "Linden Park", "CaseID": "PB-022", "Longitude": -71.08982483, "ShowOnWeb": 1, "created_date": "2025-09-22", "Latitude": 42.36884002, "last_edited_date": "2025-09-22", "ShowMoreInfoOnWeb": 1, "ProjectAddress": "7 Cornelius Way"}},{"type": "Point", "id": 355, "coordinates": [4226, 6489], "properties": {"MapLots": "175-75", "CaseType": "Planning Board Special Permit", "GlobalID": "{8A376602-8B06-4BAB-ACA6-D5A826D38A6E}", "CaseStatus": "Withdrawn", "ProjectName": "1718-1720 Massachusetts Avenue", "CaseID": "PB-304", "Longitude": -71.11996311, "ShowOnWeb": 0, "created_date": "2025-09-22", "Latitude": 42.38372762, "last_edited_date": "2025-09-22", "ShowMoreInfoOnWeb": 1, "ProjectAddress": "1718 Massachusetts Ave"}},{"type": "Point", "id": 449, "coordinates": [2004, 9525], "properties": {"MapLots": "269-131", "CaseType": "Planning Board Special Permit", "GlobalID": "{22B6B64D-9619-47CD-A7F7-45204A2E53D2}", "CaseStatus": "Under construction", "ProjectName": "Alewife Park", "CaseID": "PB-387", "Longitude": -71.13965782, "ShowOnWeb": 1, "created_date": "2025-09-22", "Latitude": 42.39799401, "last_edited_date": "2025-09-22", "ShowMoreInfoOnWeb": 1, "ProjectAddress": "2 Alewife Pk"}},{"type": "Point", "id": 472, "coordinates": [6518, 1964], "properties": {"MapLots": "69-159", "CaseType": "Planning Board Special Permit", "GlobalID": "{02D4A0AB-6BFF-403E-A950-B8CEFF46E131}", "CaseStatus": "Permitted", "CaseID": "PB-409", "Longitude": -71.09963656, "ShowOnWeb": 1, "created_date": "2025-09-22", "Latitude": 42.36246003, "last_edited_date": "2025-09-22", "ShowMoreInfoOnWeb": 1, "ProjectAddress": "350 Massachusetts Ave"}},{"type": "Point", "id": 132, "coordinates": [1869, 6862], "properties": {"MapLots": "123A-652", "CaseType": "Planning Board Special Permit", "GlobalID": "{D1507186-FC7D-4B80-88C7-A8DDC9F0E27A}", "CaseStatus": "Built", "ProjectName": "Fresh Pond Mobil", "CaseID": "PB-127", "Longitude": -71.14085922, "ShowOnWeb": 0, "created_date": "2025-09-22", "Latitude": 42.38547748, "last_edited_date": "2025-09-22", "ShowMoreInfoOnWeb": 0, "ProjectAddress": "325 Fresh Pond Pkwy"}},{"type": "Point", "id": 145, "coordinates": [4084, 4267], "properties": {"MapLots": "168-36", "CaseType": "Planning Board Special Permit", "GlobalID": "{5F0C7F38-F071-4405-BC97-223B2E9766A7}", "CaseStatus": "Built", "ProjectName": "One Brattle Square", "CaseID": "PB-140", "Longitude": -71.12122437, "ShowOnWeb": 0, "created_date": "2025-09-22", "Latitude": 42.37328521, "last_edited_date": "2025-09-22", "ShowMoreInfoOnWeb": 0, "ProjectAddress": "1 Brattle St"}},{"type": "Point", "id": 204, "coordinates": [9210, 3895], "properties": {"MapLots": "1A-30", "CaseType": "Planning Board Special Permit", "GlobalID": "{483FA928-3F96-4B40-B3D8-EC993A6964C5}", "CaseStatus": "Permitted", "ProjectName": "Cambridge Crossing", "CaseID": "PB-179", "Longitude": -71.07577156, "ShowOnWeb": 1, "created_date": "2025-09-22", "Latitude": 42.37153517, "last_edited_date": "2025-09-22", "ShowMoreInfoOnWeb": 1, "ProjectAddress": "221 Morgan Ave"}},{"type": "Point", "id": 259, "coordinates": [5789, 1036], "properties": {"MapLots": "123A-582", "CaseType": "Planning Board Special Permit", "GlobalID": "{71B34E22-1C88-4741-A898-9DCC1EA0702E}", "CaseStatus": "Expired", "CaseID": "PB-226", "Longitude": -71.1061004, "ShowOnWeb": 0, "created_date": "2025-09-22", "Latitude": 42.35810321, "last_edited_date": "2025-09-22", "ShowMoreInfoOnWeb": 0, "ProjectAddress": "72 Hamilton Street"}},{"type": "Point", "id": 28, "coordinates": [5251, 3311], "properties": {"MapLots": "121-113", "CaseType": "Planning Board Special Permit", "GlobalID": "{30CE0503-D4A7-41E2-8D7E-02613C4DB7AE}", "CaseStatus": "Built", "ProjectName": "Cambridge College", "CaseID": "PB-023", "Longitude": -71.11087295, "ShowOnWeb": 0, "created_date": "2025-09-22", "Latitude": 42.36879159, "last_edited_date": "2025-09-22", "ShowMoreInfoOnWeb": 0, "ProjectAddress": "1000 Massachusetts Ave"}},{"type": "Point", "id": 356, "coordinates": [6003, 2354], "properties": {"MapLots": "106-122", "CaseType": "Planning Board Special Permit", "GlobalID": "{7B4C2726-6698-4D78-9C1D-0F5E38855B84}", "CaseStatus": "Built", "ProjectName": "Manning Apartments", "CaseID": "PB-305", "Longitude": -71.10420459, "ShowOnWeb": 0, "created_date": "2025-09-22", "Latitude": 42.36429335, "last_edited_date": "2025-09-22", "ShowMoreInfoOnWeb": 1, "ProjectAddress": "270 Green St"}},{"type": "Point", "id": 450, "coordinates": [2193, 9507], "properties": {"MapLots": "269-131", "CaseType": "Planning Board Special Permit", "GlobalID": "{3E210760-0E5C-4961-AA02-63FDEF298910}", "CaseStatus": "Under construction", "ProjectName": "Alewife Park", "CaseID": "PB-387", "Longitude": -71.13798916, "ShowOnWeb": 1, "created_date": "2025-09-22", "Latitude": 42.39790528, "last_edited_date": "2025-09-22", "ShowMoreInfoOnWeb": 1, "ProjectAddress": "4 Alewife Pk"}},{"type": "Point", "id": 471, "coordinates": [2044, 8883], "properties": {"MapLots": "269-138", "CaseType": "Planning Board Special Permit", "GlobalID": "{F6080C2E-42EF-4212-AB0B-8D597E80E510}", "CaseStatus": "Under construction", "ProjectName": "Jerry's Pond Improvements", "CaseID": "PB-408", "Longitude": -71.13930801, "ShowOnWeb": 1, "created_date": "2025-09-22", "Latitude": 42.39497411, "last_edited_date": "2026-04-06", "ShowMoreInfoOnWeb": 1, "ProjectAddress": "Rindge Ave at ABP"}},{"type": "Point", "id": 133, "coordinates": [1512, 6315], "properties": {"MapLots": "266-34", "CaseType": "Planning Board Special Permit", "GlobalID": "{4469ABCC-10AE-4835-9B02-3285108158E8}", "CaseStatus": "Built", "ProjectName": "Water Treatment Plant", "CaseID": "PB-128", "Longitude": -71.14402183, "ShowOnWeb": 0, "created_date": "2025-09-22", "Latitude": 42.38290645, "last_edited_date": "2025-09-22", "ShowMoreInfoOnWeb": 0, "ProjectAddress": "130 Fresh Pond Pkwy"}},{"type": "Point", "id": 148, "coordinates": [4753, 1405], "properties": {"MapLots": "123A-530", "CaseType": "Planning Board Special Permit", "GlobalID": "{4943926E-0B4E-47CE-9B97-4FD03BC0C927}", "CaseStatus": "Withdrawn", "ProjectName": "Polaroid", "CaseID": "PB-143", "Longitude": -71.11528573, "ShowOnWeb": 0, "created_date": "2025-09-22", "Latitude": 42.35983336, "last_edited_date": "2025-09-22", "ShowMoreInfoOnWeb": 0, "ProjectAddress": "784 Memorial Dr"}},{"type": "Point", "id": 201, "coordinates": [9354, 4116], "properties": {"MapLots": "1A-30", "CaseType": "Planning Board Special Permit", "GlobalID": "{C2B0EBFD-BD81-4CBC-B146-80F347AB9069}", "CaseStatus": "Under construction", "ProjectName": "Cambridge Crossing", "CaseID": "PB-179", "Longitude": -71.0744943, "ShowOnWeb": 1, "created_date": "2025-09-22", "Latitude": 42.37257507, "last_edited_date": "2025-09-22", "ShowMoreInfoOnWeb": 1, "ProjectAddress": "222 Water Street"}},{"type": "Point", "id": 25, "coordinates": [7771, 3655], "properties": {"MapLots": "39-140", "CaseType": "Planning Board Special Permit", "GlobalID": "{AF5957F1-7711-45BB-AE8F-ACEC56917663}", "CaseStatus": "Built", "ProjectName": "288 Portland St / Linden Park", "CaseID": "PB-022", "Longitude": -71.08853619, "ShowOnWeb": 1, "created_date": "2025-09-22", "Latitude": 42.37040801, "last_edited_date": "2025-09-22", "ShowMoreInfoOnWeb": 1, "ProjectAddress": "16 James Way"}},{"type": "Point", "id": 310, "coordinates": [2753, 9676], "properties": {"MapLots": "189-102", "CaseType": "Planning Board Special Permit", "GlobalID": "{4083D9BF-721A-48F9-B8CE-6C57A44DA494}", "CaseStatus": "Built", "CaseID": "PB-267", "Longitude": -71.13302468, "ShowOnWeb": 0, "created_date": "2025-09-22", "Latitude": 42.39870325, "last_edited_date": "2025-09-22", "ShowMoreInfoOnWeb": 0, "ProjectAddress": "22/27 Cottage Park Ave"}},{"type": "Point", "id": 357, "coordinates": [558, 5399], "properties": {"MapLots": "256-85", "CaseType": "Planning Board Special Permit", "GlobalID": "{12581060-4F88-470A-B560-99590185D182}", "CaseStatus": "Built", "ProjectName": "136-138 Cushing Street", "CaseID": "PB-306", "Longitude": -71.15248418, "ShowOnWeb": 1, "created_date": "2025-09-22", "Latitude": 42.37860488, "last_edited_date": "2025-09-22", "ShowMoreInfoOnWeb": 1, "ProjectAddress": "136 Cushing St"}},{"type": "Point", "id": 474, "coordinates": [8496, 2569], "properties": {"MapLots": "15-29", "CaseType": "Planning Board Special Permit", "GlobalID": "{64D6BA73-D215-4F47-9B10-8BC680937124}", "CaseStatus": "Built", "ProjectName": "Beal", "CaseID": "PB-151A", "Longitude": -71.08210318, "ShowOnWeb": 0, "created_date": "2025-09-22", "Latitude": 42.36530565, "last_edited_date": "2025-09-22", "ShowMoreInfoOnWeb": 0, "ProjectAddress": "286 Third St"}},{"type": "Point", "id": 100, "coordinates": [4190, 7285], "properties": {"MapLots": "123A-649", "CaseType": "Planning Board Special Permit", "GlobalID": "{2D4CB646-FDF6-404D-ACAE-559EE73FE34A}", "CaseStatus": "Withdrawn", "CaseID": "PB-095", "Longitude": -71.12028358, "ShowOnWeb": 0, "created_date": "2025-09-22", "Latitude": 42.38746787, "last_edited_date": "2025-09-22", "ShowMoreInfoOnWeb": 0, "ProjectAddress": "29 Mount Vernon St"}},{"type": "Point", "id": 134, "coordinates": [4858, 3761], "properties": {"MapLots": "123A-522", "CaseType": "Planning Board Special Permit", "GlobalID": "{A57F2DF3-49A6-42CE-81B6-FAA4EED7F014}", "CaseStatus": "Expired", "CaseID": "PB-129", "Longitude": -71.1143584, "ShowOnWeb": 0, "created_date": "2025-09-22", "Latitude": 42.37090604, "last_edited_date": "2025-09-22", "ShowMoreInfoOnWeb": 0, "ProjectAddress": "0 Arrow St"}},{"type": "Point", "id": 147, "coordinates": [5832, 1158], "properties": {"MapLots": "96-127", "CaseType": "Planning Board Special Permit", "GlobalID": "{889E3F74-417F-4BA1-98C4-99E860BFC86E}", "CaseStatus": "Built", "CaseID": "PB-142", "Longitude": -71.10572533, "ShowOnWeb": 0, "created_date": "2025-09-22", "Latitude": 42.3586749, "last_edited_date": "2025-09-22", "ShowMoreInfoOnWeb": 0, "ProjectAddress": "100 Erie St"}},{"type": "Point", "id": 202, "coordinates": [9668, 3897], "properties": {"MapLots": "1A-30", "CaseType": "Planning Board Special Permit", "GlobalID": "{610B17A8-8C58-4361-993A-22788E57F6B4}", "CaseStatus": "Built", "ProjectName": "Cambridge Crossing", "CaseID": "PB-179", "Longitude": -71.07171539, "ShowOnWeb": 1, "created_date": "2025-09-22", "Latitude": 42.37154446, "last_edited_date": "2025-09-22", "ShowMoreInfoOnWeb": 1, "ProjectAddress": "20 Child St"}},{"type": "Point", "id": 26, "coordinates": [7695, 3672], "properties": {"MapLots": "39-140", "CaseType": "Planning Board Special Permit", "GlobalID": "{3BBF00CE-2E25-4E5C-AC5C-FB7429002C0C}", "CaseStatus": "Built", "ProjectName": "Linden Park", "CaseID": "PB-022", "Longitude": -71.08920219, "ShowOnWeb": 1, "created_date": "2025-09-22", "Latitude": 42.37048854, "last_edited_date": "2025-09-22", "ShowMoreInfoOnWeb": 1, "ProjectAddress": "2 James Way"}},{"type": "Point", "id": 309, "coordinates": [2588, 9888], "properties": {"MapLots": "189-8", "CaseType": "Planning Board Special Permit", "GlobalID": "{4E58E2E1-4EF0-434D-8DE4-2EDBE72C0A82}", "CaseStatus": "Built", "CaseID": "PB-266", "Longitude": -71.1344834, "ShowOnWeb": 0, "created_date": "2025-09-22", "Latitude": 42.39969704, "last_edited_date": "2025-09-22", "ShowMoreInfoOnWeb": 0, "ProjectAddress": "11 Brookford St"}},{"type": "Point", "id": 358, "coordinates": [2789, 6543], "properties": {"MapLots": "229-122", "CaseType": "Planning Board Special Permit", "GlobalID": "{D9A3ADEC-D5EC-4252-8548-E8C816CBE002}", "CaseStatus": "Built", "CaseID": "PB-307", "Longitude": -71.1326974, "ShowOnWeb": 0, "created_date": "2025-09-22", "Latitude": 42.38397779, "last_edited_date": "2025-09-22", "ShowMoreInfoOnWeb": 1, "ProjectAddress": "9 Donnell St"}},{"type": "Point", "id": 473, "coordinates": [1065, 4896], "properties": {"MapLots": "123A-446", "CaseType": "Planning Board Special Permit", "GlobalID": "{F67E2B83-1BBC-4266-8900-B9CBD93D7D70}", "CaseStatus": "Expired", "ProjectName": "37, 39, 43 Homer Ave", "CaseID": "PB-012a", "Longitude": -71.14798782, "ShowOnWeb": 0, "created_date": "2025-09-22", "Latitude": 42.37623815, "last_edited_date": "2025-09-22", "ShowMoreInfoOnWeb": 0, "ProjectAddress": "39 Homer Ave"}},{"type": "Point", "id": 99, "coordinates": [2936, 9508], "properties": {"MapLots": "123A-630", "CaseType": "Planning Board Special Permit", "GlobalID": "{15D93F99-C53E-4109-A2BA-2C23F28C2773}", "CaseStatus": "Denied", "CaseID": "PB-094", "Longitude": -71.13140185, "ShowOnWeb": 0, "created_date": "2025-09-22", "Latitude": 42.39791108, "last_edited_date": "2025-09-22", "ShowMoreInfoOnWeb": 0, "ProjectAddress": "2440 Massachusetts Ave"}},{"type": "Point", "id": 135, "coordinates": [4302, 4246], "properties": {"MapLots": "160-69", "CaseType": "Planning Board Special Permit", "GlobalID": "{A541FE41-B01B-4FAD-8240-B84DF90A6902}", "CaseStatus": "Built", "ProjectName": "Cambridge Savings Bank", "CaseID": "PB-130", "Longitude": -71.1192884, "ShowOnWeb": 0, "created_date": "2025-09-22", "Latitude": 42.37318656, "last_edited_date": "2025-09-22", "ShowMoreInfoOnWeb": 0, "ProjectAddress": "1380 Massachusetts Ave"}},{"type": "Point", "id": 142, "coordinates": [6117, 2375], "properties": {"MapLots": "123A-802", "CaseType": "Planning Board Special Permit", "GlobalID": "{A0DE2663-8BED-4A4E-9CB6-16D0E48171BF}", "CaseStatus": "Denied", "CaseID": "PB-137", "Longitude": -71.10320029, "ShowOnWeb": 0, "created_date": "2025-09-22", "Latitude": 42.36439132, "last_edited_date": "2025-09-22", "ShowMoreInfoOnWeb": 0, "ProjectAddress": "580 Massachusetts Ave"}},{"type": "Point", "id": 179, "coordinates": [6730, 2180], "properties": {"MapLots": "123A-549", "CaseType": "Planning Board Special Permit", "GlobalID": "{FB8949E5-94BD-4DAE-97E0-A928E84835EA}", "CaseStatus": "Expired", "ProjectName": "Nightstage Site", "CaseID": "PB-169", "Longitude": -71.09776459, "ShowOnWeb": 0, "created_date": "2025-09-22", "Latitude": 42.36347727, "last_edited_date": "2025-09-22", "ShowMoreInfoOnWeb": 0, "ProjectAddress": "823 Main St"}},{"type": "Point", "id": 207, "coordinates": [4853, 3744], "properties": {"MapLots": "133-36", "CaseType": "Planning Board Special Permit", "GlobalID": "{F82265F6-BB0E-4970-A8AD-FB1CEEFFEDAB}", "CaseStatus": "Built", "ProjectName": "Theater", "CaseID": "PB-180", "Longitude": -71.11439814, "ShowOnWeb": 0, "created_date": "2025-09-22", "Latitude": 42.37082852, "last_edited_date": "2025-09-22", "ShowMoreInfoOnWeb": 0, "ProjectAddress": "0 Arrow St"}},{"type": "Point", "id": 23, "coordinates": [7109, 2520], "properties": {"MapLots": "73-124", "CaseType": "Planning Board Special Permit", "GlobalID": "{50D97E76-9E85-40E5-B62D-8185C0B0DA89}", "CaseStatus": "Built", "ProjectName": "Washington Elms", "CaseID": "PB-021", "Longitude": -71.09440343, "ShowOnWeb": 0, "created_date": "2025-09-22", "Latitude": 42.36507366, "last_edited_date": "2025-09-22", "ShowMoreInfoOnWeb": 0, "ProjectAddress": "130 Harvard St"}},{"type": "Point", "id": 351, "coordinates": [7884, 1935], "properties": {"MapLots": "48-129", "CaseType": "Planning Board Special Permit", "GlobalID": "{9F796C6C-E1DB-4542-8367-A6074D4DEF95}", "CaseStatus": "Permitted", "ProjectName": "MIT Kendall Square SoMa", "CaseID": "PB-303", "Longitude": -71.08753291, "ShowOnWeb": 1, "created_date": "2025-09-22", "Latitude": 42.36232791, "last_edited_date": "2025-09-22", "ShowMoreInfoOnWeb": 1, "ProjectAddress": "360 Main St"}},{"type": "Point", "id": 440, "coordinates": [6081, 2212], "properties": {"MapLots": "93-47", "CaseType": "Planning Board Special Permit", "GlobalID": "{D5A8AF1D-881A-4B5A-AB14-42CC8A02F2DE}", "CaseStatus": "Built", "CaseID": "PB-380", "Longitude": -71.10351812, "ShowOnWeb": 1, "created_date": "2025-09-22", "Latitude": 42.36362689, "last_edited_date": "2025-09-22", "ShowMoreInfoOnWeb": 1, "ProjectAddress": "48 Pearl St."}},{"type": "Point", "id": 476, "coordinates": [8916, 2744], "properties": {"MapLots": "10-16", "CaseType": "Planning Board Special Permit", "GlobalID": "{B176CA53-73E4-4D65-A1BE-99B50D47BBF7}", "CaseStatus": "Built", "ProjectName": "Bent Street Development", "CaseID": "PB-231A", "Longitude": -71.07838176, "ShowOnWeb": 1, "created_date": "2025-09-22", "Latitude": 42.36612619, "last_edited_date": "2025-09-22", "ShowMoreInfoOnWeb": 1, "ProjectAddress": "159 First St"}},{"type": "Point", "id": 136, "coordinates": [2949, 9511], "properties": {"MapLots": "189-100", "CaseType": "Planning Board Special Permit", "GlobalID": "{977A35A5-395C-4741-B4DE-1E38D8D4D71D}", "CaseStatus": "Withdrawn", "CaseID": "PB-131", "Longitude": -71.13127884, "ShowOnWeb": 0, "created_date": "2025-09-22", "Latitude": 42.39792617, "last_edited_date": "2025-09-22", "ShowMoreInfoOnWeb": 0, "ProjectAddress": "2440 Massachusetts Ave"}},{"type": "Point", "id": 141, "coordinates": [5895, 1521], "properties": {"MapLots": "94-158", "CaseType": "Planning Board Special Permit", "GlobalID": "{DE24DBFF-8345-49D3-9927-AB5B09F9813E}", "CaseStatus": "Built", "CaseID": "PB-136", "Longitude": -71.10516692, "ShowOnWeb": 0, "created_date": "2025-09-22", "Latitude": 42.36038088, "last_edited_date": "2025-09-22", "ShowMoreInfoOnWeb": 0, "ProjectAddress": "155 Brookline St"}},{"type": "Point", "id": 180, "coordinates": [4664, 5777], "properties": {"MapLots": "144-1", "CaseType": "Planning Board Special Permit", "GlobalID": "{66E9D1B7-410C-4EE7-A8C3-0165EA88583A}", "CaseStatus": "Built", "ProjectName": "Harvard Data Center", "CaseID": "PB-170", "Longitude": -71.11607839, "ShowOnWeb": 0, "created_date": "2025-09-22", "Latitude": 42.38037827, "last_edited_date": "2025-09-22", "ShowMoreInfoOnWeb": 0, "ProjectAddress": "60 Oxford St"}},{"type": "Point", "id": 208, "coordinates": [7428, 1964], "properties": {"MapLots": "53-61", "CaseType": "Planning Board Special Permit", "GlobalID": "{ADBA8290-99AF-484D-A5F5-144A54034D4B}", "CaseStatus": "Built", "ProjectName": "MIT Brain & Cognitive Center", "CaseID": "PB-181", "Longitude": -71.09156911, "ShowOnWeb": 0, "created_date": "2025-09-22", "Latitude": 42.36246277, "last_edited_date": "2025-09-22", "ShowMoreInfoOnWeb": 0, "ProjectAddress": "43 Amherst St"}},{"type": "Point", "id": 24, "coordinates": [7686, 3467], "properties": {"MapLots": "39-140", "CaseType": "Planning Board Special Permit", "GlobalID": "{230FB614-86CC-4FF3-8373-63EFA53A11C4}", "CaseStatus": "Built", "ProjectName": "288 Portland St / Linden Park", "CaseID": "PB-022", "Longitude": -71.08928477, "ShowOnWeb": 0, "created_date": "2025-09-22", "Latitude": 42.36952636, "last_edited_date": "2025-09-22", "ShowMoreInfoOnWeb": 0, "ProjectAddress": "288 Cardinal Medeiros Ave"}},{"type": "Point", "id": 352, "coordinates": [8197, 1823], "properties": {"MapLots": "48-129", "CaseType": "Planning Board Special Permit", "GlobalID": "{231EA89F-A90A-4D98-B2FF-4ADE4732400F}", "CaseStatus": "Built", "ProjectName": "MIT Kendall Square SoMa", "CaseID": "PB-303", "Longitude": -71.08475655, "ShowOnWeb": 1, "created_date": "2025-09-22", "Latitude": 42.36179766, "last_edited_date": "2025-09-22", "ShowMoreInfoOnWeb": 1, "ProjectAddress": "238 Main St"}},{"type": "Point", "id": 439, "coordinates": [8996, 3149], "properties": {"MapLots": "18-65", "CaseType": "Planning Board Special Permit", "GlobalID": "{827948C1-184F-46D3-BEFF-33AABC4C05E9}", "CaseStatus": "Permitting", "ProjectName": "Ivy League Technologies, LLC", "CaseID": "PB-379", "Longitude": -71.07766712, "ShowOnWeb": 1, "created_date": "2025-09-22", "Latitude": 42.36803208, "last_edited_date": "2025-09-22", "ShowMoreInfoOnWeb": 1, "ProjectAddress": "95 First St"}},{"type": "Point", "id": 475, "coordinates": [8832, 2936], "properties": {"MapLots": "10-16", "CaseType": "Planning Board Special Permit", "GlobalID": "{7C33E396-05EF-4C4B-B9B3-A01C32D8F45A}", "CaseStatus": "Built", "ProjectName": "Bent Street Development", "CaseID": "PB-231A", "Longitude": -71.07912096, "ShowOnWeb": 1, "created_date": "2025-09-22", "Latitude": 42.3670293, "last_edited_date": "2025-09-22", "ShowMoreInfoOnWeb": 1, "ProjectAddress": "150 Second St"}},{"type": "Point", "id": 137, "coordinates": [2765, 8921], "properties": {"MapLots": "193-147", "CaseType": "Planning Board Special Permit", "GlobalID": "{7526C82C-BCFD-4915-95B8-459CE4ED65D6}", "CaseStatus": "Built", "CaseID": "PB-132", "Longitude": -71.13290994, "ShowOnWeb": 0, "created_date": "2025-09-22", "Latitude": 42.39515546, "last_edited_date": "2025-09-22", "ShowMoreInfoOnWeb": 0, "ProjectAddress": "55 Montgomery St"}},{"type": "Point", "id": 144, "coordinates": [4084, 8511], "properties": {"MapLots": "180-15", "CaseType": "Planning Board Special Permit", "GlobalID": "{56A097F1-F253-4A40-B5B1-7E8AF12541B8}", "CaseStatus": "Built", "CaseID": "PB-139", "Longitude": -71.12122039, "ShowOnWeb": 0, "created_date": "2025-09-22", "Latitude": 42.39322887, "last_edited_date": "2025-09-22", "ShowMoreInfoOnWeb": 0, "ProjectAddress": "48 Russell St"}},{"type": "Point", "id": 205, "coordinates": [9052, 4064], "properties": {"MapLots": "1A-30", "CaseType": "Planning Board Special Permit", "GlobalID": "{6466B925-0827-4C61-BD4D-98912387F2C8}", "CaseStatus": "Under construction", "ProjectName": "Cambridge Crossing", "CaseID": "PB-179", "Longitude": -71.07717867, "ShowOnWeb": 1, "created_date": "2025-09-22", "Latitude": 42.37233187, "last_edited_date": "2025-09-22", "ShowMoreInfoOnWeb": 1, "ProjectAddress": "121 Morgan Ave"}},{"type": "Point", "id": 21, "coordinates": [3897, 8021], "properties": {"MapLots": "200-90", "CaseType": "Planning Board Special Permit", "GlobalID": "{BEACF9C6-B403-4AD2-B084-A35E7CEDB4C1}", "CaseStatus": "Built", "ProjectName": "2050 Mass Ave", "CaseID": "PB-019", "Longitude": -71.12287412, "ShowOnWeb": 0, "created_date": "2025-09-22", "Latitude": 42.39092266, "last_edited_date": "2025-09-22", "ShowMoreInfoOnWeb": 0, "ProjectAddress": "2050 Massachusetts Ave"}},{"type": "Point", "id": 353, "coordinates": [8100, 1693], "properties": {"MapLots": "48-129", "CaseType": "Planning Board Special Permit", "GlobalID": "{20CC14C5-F9E0-4E58-BC7A-FB23BF864E52}", "CaseStatus": "Built", "ProjectName": "MIT Kendall Square SoMa", "CaseID": "PB-303", "Longitude": -71.08561203, "ShowOnWeb": 1, "created_date": "2025-09-22", "Latitude": 42.36119025, "last_edited_date": "2025-09-22", "ShowMoreInfoOnWeb": 1, "ProjectAddress": "25 Hayward St"}},{"type": "Point", "id": 478, "coordinates": [8991, 3180], "properties": {"MapLots": "10-16", "CaseType": "Planning Board Special Permit", "GlobalID": "{E14BAF59-A7A9-4C8B-91E3-FC2021FA49EF}", "CaseStatus": "Under construction", "ProjectName": "Bent Street Development", "CaseID": "PB-231A", "Longitude": -71.07771187, "ShowOnWeb": 1, "created_date": "2025-09-22", "Latitude": 42.36817855, "last_edited_date": "2025-09-22", "ShowMoreInfoOnWeb": 1, "ProjectAddress": "85 First St"}},{"type": "Point", "id": 500, "coordinates": [8756, 4038], "properties": {"MapLots": "21-121", "CaseType": "Planning Board Special Permit", "GlobalID": "{9580B022-1EF3-46DC-BFA5-7E2F74B19B08}", "CaseStatus": "Under construction", "ProjectName": "8 Winter Street", "CaseID": "PB-411", "Longitude": -71.07980159, "ShowOnWeb": 1, "created_date": "2026-08-14", "Latitude": 42.37220882, "last_edited_date": "2026-10-05", "ShowMoreInfoOnWeb": 1, "ProjectAddress": "1 Third St"}},{"type": "Point", "id": 138, "coordinates": [6031, 2506], "properties": {"MapLots": "106-105", "CaseType": "Planning Board Special Permit", "GlobalID": "{63D08E66-CCC3-4592-A59F-072ED4809887}", "CaseStatus": "Built", "ProjectName": "Holmes Trust", "CaseID": "PB-133", "Longitude": -71.10395786, "ShowOnWeb": 0, "created_date": "2025-09-22", "Latitude": 42.36501033, "last_edited_date": "2025-09-22", "ShowMoreInfoOnWeb": 0, "ProjectAddress": "622 Massachusetts Ave"}},{"type": "Point", "id": 143, "coordinates": [5602, 0], "properties": {"MapLots": "274-1F", "CaseType": "Planning Board Special Permit", "GlobalID": "{3DC3FE28-7443-4376-8AFB-D8C2C9E569E0}", "CaseStatus": "Built", "ProjectName": "BU Boathouse", "CaseID": "PB-138", "Longitude": -71.10775788, "ShowOnWeb": 0, "created_date": "2025-09-22", "Latitude": 42.35323095, "last_edited_date": "2025-09-22", "ShowMoreInfoOnWeb": 0, "ProjectAddress": "BU Boathouse"}},{"type": "Point", "id": 206, "coordinates": [9171, 4076], "properties": {"MapLots": "1A-30", "CaseType": "Planning Board Special Permit", "GlobalID": "{7D0649B2-9415-4AC5-A2C0-3562C9018238}", "CaseStatus": "Built", "ProjectName": "Cambridge Crossing", "CaseID": "PB-179", "Longitude": -71.07611878, "ShowOnWeb": 1, "created_date": "2025-09-22", "Latitude": 42.3723845, "last_edited_date": "2025-09-22", "ShowMoreInfoOnWeb": 1, "ProjectAddress": "124 & 144 Morgan Ave"}},{"type": "Point", "id": 22, "coordinates": [3807, 4200], "properties": {"MapLots": "165-53", "CaseType": "Planning Board Special Permit", "GlobalID": "{6C8C3C80-5767-42C0-86F6-C9FAA60997FE}", "CaseStatus": "Built", "ProjectName": "124 Mount Auburn", "CaseID": "PB-020", "Longitude": -71.12367708, "ShowOnWeb": 0, "created_date": "2025-09-22", "Latitude": 42.37296754, "last_edited_date": "2025-09-22", "ShowMoreInfoOnWeb": 0, "ProjectAddress": "124 Mount Auburn St"}},{"type": "Point", "id": 354, "coordinates": [8095, 1865], "properties": {"MapLots": "48-129", "CaseType": "Planning Board Special Permit", "GlobalID": "{C4775E3F-F7D6-4624-89D4-628651163E30}", "CaseStatus": "Built", "ProjectName": "MIT Kendall Square SoMa", "CaseID": "PB-303", "Longitude": -71.08565548, "ShowOnWeb": 1, "created_date": "2025-09-22", "Latitude": 42.36199706, "last_edited_date": "2025-09-22", "ShowMoreInfoOnWeb": 1, "ProjectAddress": "290 Main St"}},{"type": "Point", "id": 477, "coordinates": [8962, 2945], "properties": {"MapLots": "10-16", "CaseType": "Planning Board Special Permit", "GlobalID": "{FBE8575E-A4AF-437D-87E8-2C9D969093C3}", "CaseStatus": "Under construction", "ProjectName": "Bent Street Development", "CaseID": "PB-231A", "Longitude": -71.07796852, "ShowOnWeb": 1, "created_date": "2025-09-22", "Latitude": 42.36707044, "last_edited_date": "2025-09-22", "ShowMoreInfoOnWeb": 1, "ProjectAddress": "121 First St"}},{"type": "Point", "id": 499, "coordinates": [1112, 8414], "properties": {"MapLots": "Numerous (~39)", "CaseType": "Planning Board Special Permit", "GlobalID": "{BB65CDBC-38B8-4DD5-B209-618227FC9880}", "CaseStatus": "Permitted", "ProjectName": "Healthpeak PUD", "CaseID": "PB-410", "Longitude": -71.147568, "ShowOnWeb": 1, "created_date": "2026-04-06", "Latitude": 42.392769, "last_edited_date": "2026-10-05", "ShowMoreInfoOnWeb": 1, "ProjectAddress": "125 Fawcett St"}},{"type": "Point", "id": 139, "coordinates": [2410, 9448], "properties": {"MapLots": "190-248", "CaseType": "Planning Board Special Permit", "GlobalID": "{952DE548-B35D-4BCC-8CC0-A44726D9093D}", "CaseStatus": "Built", "ProjectName": "Cornerstone Co Housing", "CaseID": "PB-134", "Longitude": -71.13606228, "ShowOnWeb": 0, "created_date": "2025-09-22", "Latitude": 42.39763148, "last_edited_date": "2025-09-22", "ShowMoreInfoOnWeb": 1, "ProjectAddress": "171 Harvey St"}},{"type": "Point", "id": 175, "coordinates": [6236, 1413], "properties": {"MapLots": "67-44", "CaseType": "Planning Board Special Permit", "GlobalID": "{FEA56394-D4AF-4BF0-9719-DED9C2D4DCD5}", "CaseStatus": "Built", "ProjectName": "MIT Graduate Dorm", "CaseID": "PB-165", "Longitude": -71.10213964, "ShowOnWeb": 0, "created_date": "2025-09-22", "Latitude": 42.35987313, "last_edited_date": "2025-09-22", "ShowMoreInfoOnWeb": 0, "ProjectAddress": "70 Pacific St"}},{"type": "Point", "id": 252, "coordinates": [8729, 3231], "properties": {"MapLots": "123A-577", "CaseType": "Planning Board Special Permit", "GlobalID": "{7CC25206-83C8-4274-A08E-9E9B492AF531}", "CaseStatus": "Expired", "ProjectName": "Campbell Lofts", "CaseID": "PB-219", "Longitude": -71.08003596, "ShowOnWeb": 0, "created_date": "2025-09-22", "Latitude": 42.36841566, "last_edited_date": "2025-09-22", "ShowMoreInfoOnWeb": 0, "ProjectAddress": "77 Hurley Street"}},{"type": "Point", "id": 304, "coordinates": [1816, 4766], "properties": {"MapLots": "123A-611", "CaseType": "Planning Board Special Permit", "GlobalID": "{6C51C36E-ED36-4499-8DA2-817827C65009}", "CaseStatus": "Expired", "ProjectName": "Brattle Circle", "CaseID": "PB-261", "Longitude": -71.14133162, "ShowOnWeb": 0, "created_date": "2025-09-22", "Latitude": 42.37562765, "last_edited_date": "2025-09-22", "ShowMoreInfoOnWeb": 0, "ProjectAddress": "2-10 Brattle Circle"}},{"type": "Point", "id": 436, "coordinates": [4142, 4025], "properties": {"MapLots": "162-54", "CaseType": "Planning Board Special Permit", "GlobalID": "{18AA3316-DC5C-43EF-A765-FC6EEE94F5BC}", "CaseStatus": "Permitted", "ProjectName": "Blue Enterprises HSMA, LLC", "CaseID": "PB-376", "Longitude": -71.1207041, "ShowOnWeb": 1, "created_date": "2025-09-22", "Latitude": 42.3721469, "last_edited_date": "2025-09-22", "ShowMoreInfoOnWeb": 1, "ProjectAddress": "57 JFK St"}},{"type": "Point", "id": 441, "coordinates": [6203, 2357], "properties": {"MapLots": "93-74", "CaseType": "Planning Board Special Permit", "GlobalID": "{45FBCD23-B222-4A18-B059-129BD9F43759}", "CaseStatus": "Permitted", "ProjectName": "544-550 Mass Ave", "CaseID": "PB-381", "Longitude": -71.1024351, "ShowOnWeb": 1, "created_date": "2025-09-22", "Latitude": 42.36430854, "last_edited_date": "2025-09-22", "ShowMoreInfoOnWeb": 1, "ProjectAddress": "544-550 Massachusetts Ave"}},{"type": "Point", "id": 480, "coordinates": [8899, 3113], "properties": {"MapLots": "10-16", "CaseType": "Planning Board Special Permit", "GlobalID": "{76E32AC0-BA0A-442A-B99B-EF3BF31E4383}", "CaseStatus": "Built", "ProjectName": "Bent Street Development", "CaseID": "PB-231A", "Longitude": -71.07853061, "ShowOnWeb": 1, "created_date": "2025-09-22", "Latitude": 42.36785948, "last_edited_date": "2025-09-22", "ShowMoreInfoOnWeb": 1, "ProjectAddress": "22 Hurley St"}},{"type": "Point", "id": 498, "coordinates": [703, 8212], "properties": {"MapLots": "Numerous (~39)", "CaseType": "Planning Board Special Permit", "GlobalID": "{506C6228-5993-490F-A292-675C66D4BC67}", "CaseStatus": "Permitted", "ProjectName": "Healthpeak PUD", "CaseID": "PB-410", "Longitude": -71.151196, "ShowOnWeb": 1, "created_date": "2026-04-06", "Latitude": 42.391823, "last_edited_date": "2026-10-05", "ShowMoreInfoOnWeb": 1, "ProjectAddress": "49 Smith Pl"}},{"type": "Point", "id": 94, "coordinates": [5979, 2860], "properties": {"MapLots": "123A-501", "CaseType": "Planning Board Special Permit", "GlobalID": "{3CF64E73-7D2C-4536-9A0F-E1E36E60233D}", "CaseStatus": "Expired", "CaseID": "PB-089", "Longitude": -71.10441551, "ShowOnWeb": 0, "created_date": "2025-09-22", "Latitude": 42.36667242, "last_edited_date": "2025-09-22", "ShowMoreInfoOnWeb": 0, "ProjectAddress": "7 Temple St"}},{"type": "Point", "id": 140, "coordinates": [2168, 8683], "properties": {"MapLots": "123A-636", "CaseType": "Planning Board Special Permit", "GlobalID": "{EC8D5B24-B15F-483A-9C2B-B98D48F0327B}", "CaseStatus": "Withdrawn", "ProjectName": "Police Field Station", "CaseID": "PB-135", "Longitude": -71.13820819, "ShowOnWeb": 0, "created_date": "2025-09-22", "Latitude": 42.39403585, "last_edited_date": "2025-09-22", "ShowMoreInfoOnWeb": 0, "ProjectAddress": "NE Service Center/Rindge Ave"}},{"type": "Point", "id": 176, "coordinates": [6928, 1162], "properties": {"MapLots": "57-171", "CaseType": "Planning Board Special Permit", "GlobalID": "{E8BC378F-667C-4C73-BBEB-D6A70FFC1CF3}", "CaseStatus": "Built", "ProjectName": "MIT Athletic Center", "CaseID": "PB-166", "Longitude": -71.09600753, "ShowOnWeb": 0, "created_date": "2025-09-22", "Latitude": 42.35869393, "last_edited_date": "2025-09-22", "ShowMoreInfoOnWeb": 0, "ProjectAddress": "100 Vassar St"}},{"type": "Point", "id": 251, "coordinates": [8627, 3850], "properties": {"MapLots": "21-18", "CaseType": "Planning Board Special Permit", "GlobalID": "{0F31173E-BEEE-4D76-A417-F9E0424ACC08}", "CaseStatus": "Built", "CaseID": "PB-218", "Longitude": -71.08094585, "ShowOnWeb": 0, "created_date": "2025-09-22", "Latitude": 42.37132395, "last_edited_date": "2025-09-22", "ShowMoreInfoOnWeb": 0, "ProjectAddress": "303 Cambridge Street"}},{"type": "Point", "id": 303, "coordinates": [5850, 2587], "properties": {"MapLots": "105-61", "CaseType": "Planning Board Special Permit", "GlobalID": "{A39F8066-EE26-4D54-89C8-70F7A2788A76}", "CaseStatus": "Built", "ProjectName": "CHA", "CaseID": "PB-260", "Longitude": -71.10556686, "ShowOnWeb": 0, "created_date": "2025-09-22", "Latitude": 42.36538753, "last_edited_date": "2025-09-22", "ShowMoreInfoOnWeb": 0, "ProjectAddress": "362 Green St"}},{"type": "Point", "id": 435, "coordinates": [7258, 1983], "properties": {"MapLots": "71-46", "CaseType": "Planning Board Special Permit", "GlobalID": "{DF3E47A7-A394-412C-9B5E-09DE8A2982FD}", "CaseStatus": "Built", "ProjectName": "The Ragon Institute", "CaseID": "PB-375", "Longitude": -71.09307887, "ShowOnWeb": 1, "created_date": "2025-09-22", "Latitude": 42.3625535, "last_edited_date": "2025-09-22", "ShowMoreInfoOnWeb": 1, "ProjectAddress": "600-624 Main St"}},{"type": "Point", "id": 442, "coordinates": [865, 8323], "properties": {"MapLots": "267.4-307", "CaseType": "Planning Board Special Permit", "GlobalID": "{BBB2B65B-61D1-4488-A15B-5C86AABD08B2}", "CaseStatus": "Built", "CaseID": "PB-382", "Longitude": -71.14975658, "ShowOnWeb": 1, "created_date": "2025-09-22", "Latitude": 42.39234474, "last_edited_date": "2025-09-22", "ShowMoreInfoOnWeb": 1, "ProjectAddress": "10 Wilson Rd"}},{"type": "Point", "id": 479, "coordinates": [8924, 3041], "properties": {"MapLots": "10-16", "CaseType": "Planning Board Special Permit", "GlobalID": "{FD69045D-6341-4E4E-B6C9-599E9A9E9CE6}", "CaseStatus": "Built", "ProjectName": "Bent Street Development", "CaseID": "PB-231A", "Longitude": -71.0783093, "ShowOnWeb": 1, "created_date": "2025-09-22", "Latitude": 42.36752137, "last_edited_date": "2025-09-22", "ShowMoreInfoOnWeb": 1, "ProjectAddress": "21 Charles St"}},{"type": "Point", "id": 497, "coordinates": [4239, 6665], "properties": {"MapLots": "175-37", "CaseType": "Planning Board Advisory Consultation", "GlobalID": "{3B683EF8-309D-4546-A317-57C686C5A6F9}", "CaseStatus": "Under construction", "ProjectName": "1740 Massachusetts Ave", "CaseID": "PBAC-002", "Longitude": -71.119843, "ShowOnWeb": 1, "created_date": "2026-03-23", "Latitude": 42.384549, "last_edited_date": "2026-08-14", "ShowMoreInfoOnWeb": 1, "ProjectAddress": "1740 Massachusetts Ave"}},{"type": "Point", "id": 93, "coordinates": [1953, 9624], "properties": {"MapLots": "123A-882", "CaseType": "Planning Board Special Permit", "GlobalID": "{7B47E192-D9D1-4669-AD97-5D69F0871EC2}", "CaseStatus": "Expired", "ProjectName": "One Alewife Center", "CaseID": "PB-088", "Longitude": -71.14010924, "ShowOnWeb": 0, "created_date": "2025-09-22", "Latitude": 42.39845524, "last_edited_date": "2025-09-22", "ShowMoreInfoOnWeb": 0, "ProjectAddress": "130 Whittemore Ave"}},{"type": "Point", "id": 177, "coordinates": [4673, 4036], "properties": {"MapLots": "133-51", "CaseType": "Planning Board Special Permit", "GlobalID": "{69E70BFF-4F5A-4CBC-80B4-036022613A4F}", "CaseStatus": "Built", "ProjectName": "One Bow Street", "CaseID": "PB-167", "Longitude": -71.11599784, "ShowOnWeb": 0, "created_date": "2025-09-22", "Latitude": 42.37219803, "last_edited_date": "2025-09-22", "ShowMoreInfoOnWeb": 0, "ProjectAddress": "1230 Massachusetts Ave"}},{"type": "Point", "id": 209, "coordinates": [7567, 2613], "properties": {"MapLots": "41-26", "CaseType": "Planning Board Special Permit", "GlobalID": "{3EDA34E4-FDD0-4B45-9FCD-E757338571BC}", "CaseStatus": "Built", "ProjectName": "Draper Expansion", "CaseID": "PB-182", "Longitude": -71.09034125, "ShowOnWeb": 0, "created_date": "2025-09-22", "Latitude": 42.36551101, "last_edited_date": "2025-09-22", "ShowMoreInfoOnWeb": 0, "ProjectAddress": "1 Hampshire St"}},{"type": "Point", "id": 254, "coordinates": [4277, 5545], "properties": {"MapLots": "157-69", "CaseType": "Planning Board Special Permit", "GlobalID": "{E96DA66E-A4A1-4021-9D9D-D9E25F8B0E76}", "CaseStatus": "Built", "ProjectName": "Harvard Law School", "CaseID": "PB-221", "Longitude": -71.11950857, "ShowOnWeb": 0, "created_date": "2025-09-22", "Latitude": 42.3792919, "last_edited_date": "2025-09-22", "ShowMoreInfoOnWeb": 0, "ProjectAddress": "1587 Massachusetts Avenue"}},{"type": "Point", "id": 302, "coordinates": [3985, 4485], "properties": {"MapLots": "168-64", "CaseType": "Planning Board Special Permit", "GlobalID": "{634D3090-A665-4A7A-98AF-2D84E13988C4}", "CaseStatus": "Built", "ProjectName": "One Story", "CaseID": "PB-259", "Longitude": -71.12209891, "ShowOnWeb": 0, "created_date": "2025-09-22", "Latitude": 42.37430845, "last_edited_date": "2025-09-22", "ShowMoreInfoOnWeb": 0, "ProjectAddress": "52 Brattle St"}},{"type": "Point", "id": 438, "coordinates": [4551, 4153], "properties": {"MapLots": "160-48", "CaseType": "Planning Board Special Permit", "GlobalID": "{FDE94D88-C141-476B-A274-B6617AD9763A}", "CaseStatus": "Withdrawn", "ProjectName": "Santander Bank", "CaseID": "PB-378", "Longitude": -71.11708394, "ShowOnWeb": 0, "created_date": "2025-09-22", "Latitude": 42.37274841, "last_edited_date": "2025-09-22", "ShowMoreInfoOnWeb": 0, "ProjectAddress": "1290 Massachusetts Ave"}},{"type": "Point", "id": 443, "coordinates": [8448, 2304], "properties": {"MapLots": "14-46", "CaseType": "Planning Board Special Permit", "GlobalID": "{3CFEB2A5-8BD1-4B12-A97E-61040A1521C1}", "CaseStatus": "Under construction", "ProjectName": "585 Third", "CaseID": "PB-383", "Longitude": -71.0825282, "ShowOnWeb": 1, "created_date": "2025-09-22", "Latitude": 42.3640593, "last_edited_date": "2025-09-22", "ShowMoreInfoOnWeb": 1, "ProjectAddress": "320 Third St"}},{"type": "Point", "id": 496, "coordinates": [0, 8764], "properties": {"MapLots": "267.3-28", "CaseType": "Affordable Housing Overlay Design Review", "GlobalID": "{438253FD-73CC-4747-B3AD-29621115E0DD}", "CaseStatus": "Under construction", "ProjectName": "87-101 Blanchard Road", "CaseID": "AHO-007", "AHOWebLink": "https://www.cambridgema.gov/CDD/Projects/Housing/87101blanchardroad", "ShowOnWeb": 1, "Longitude": -71.15809947, "created_date": "2025-09-22", "Latitude": 42.39436454, "last_edited_date": "2026-06-24", "ShowMoreInfoOnWeb": 0, "ProjectAddress": "99 Blanchard Rd"}},{"type": "Point", "id": 92, "coordinates": [4047, 4032], "properties": {"MapLots": "162-65", "CaseType": "Planning Board Special Permit", "GlobalID": "{463EAD96-8BC8-4EA9-ABF9-B684CE2EA158}", "CaseStatus": "Built", "ProjectName": "12-18 Eliot St", "CaseID": "PB-087", "Longitude": -71.12154853, "ShowOnWeb": 0, "created_date": "2025-09-22", "Latitude": 42.37218104, "last_edited_date": "2025-09-22", "ShowMoreInfoOnWeb": 0, "ProjectAddress": "14 Eliot St"}},{"type": "Point", "id": 178, "coordinates": [7899, 1533], "properties": {"MapLots": "48-129", "CaseType": "Planning Board Special Permit", "GlobalID": "{1B0C3996-9211-4350-911F-A55D3F3ADB0F}", "CaseStatus": "Built", "ProjectName": "MIT Media Center", "CaseID": "PB-168", "Longitude": -71.08739789, "ShowOnWeb": 0, "created_date": "2025-09-22", "Latitude": 42.36043485, "last_edited_date": "2025-09-22", "ShowMoreInfoOnWeb": 0, "ProjectAddress": "81 Amherst St"}},{"type": "Point", "id": 210, "coordinates": [4072, 4050], "properties": {"MapLots": "162-18", "CaseType": "Planning Board Special Permit", "GlobalID": "{901476B3-B4A1-4CB3-8AF5-DDCC91E44404}", "CaseStatus": "Built", "ProjectName": "Restaurant", "CaseID": "PB-183", "Longitude": -71.12132756, "ShowOnWeb": 0, "created_date": "2025-09-22", "Latitude": 42.37226293, "last_edited_date": "2025-09-22", "ShowMoreInfoOnWeb": 0, "ProjectAddress": "98 Winthrop St"}},{"type": "Point", "id": 253, "coordinates": [4290, 5914], "properties": {"MapLots": "156-26", "CaseType": "Planning Board Special Permit", "GlobalID": "{223F2174-2A5B-46AD-97FA-F03A770C21E4}", "CaseStatus": "Built", "ProjectName": "Harvard Law School", "CaseID": "PB-220", "Longitude": -71.11939593, "ShowOnWeb": 0, "created_date": "2025-09-22", "Latitude": 42.38102229, "last_edited_date": "2025-09-22", "ShowMoreInfoOnWeb": 0, "ProjectAddress": "1637 Massachusetts Avenue"}},{"type": "Point", "id": 301, "coordinates": [2595, 9476], "properties": {"MapLots": "190-270", "CaseType": "Planning Board Special Permit", "GlobalID": "{288E1F02-5B68-448E-A9B1-437EFEEC806C}", "CaseStatus": "Built", "ProjectName": "Young Investments", "CaseID": "PB-258", "Longitude": -71.13442478, "ShowOnWeb": 0, "created_date": "2025-09-22", "Latitude": 42.39775973, "last_edited_date": "2025-09-22", "ShowMoreInfoOnWeb": 0, "ProjectAddress": "119-135 Harvey St"}},{"type": "Point", "id": 437, "coordinates": [731, 5037], "properties": {"MapLots": "254-29", "CaseType": "Planning Board Special Permit", "GlobalID": "{E05D5225-3EE2-4194-8624-9B785E68337F}", "CaseStatus": "Under construction", "ProjectName": "88 Holworthy St", "CaseID": "PB-377", "Longitude": -71.15094263, "ShowOnWeb": 1, "created_date": "2025-09-22", "Latitude": 42.37690323, "last_edited_date": "2025-09-22", "ShowMoreInfoOnWeb": 1, "ProjectAddress": "88 Holworthy St"}},{"type": "Point", "id": 444, "coordinates": [4083, 4076], "properties": {"MapLots": "162-18", "CaseType": "Planning Board Special Permit", "GlobalID": "{479A1F39-E8F6-43BF-B3F0-8330DF6ABA01}", "CaseStatus": "Built", "CaseID": "PB-384", "Longitude": -71.12122577, "ShowOnWeb": 1, "created_date": "2025-09-22", "Latitude": 42.37238582, "last_edited_date": "2025-09-22", "ShowMoreInfoOnWeb": 1, "ProjectAddress": "98 Winthrop St"}},{"type": "Point", "id": 495, "coordinates": [3168, 7621], "properties": {"MapLots": "203B-66", "CaseType": "Affordable Housing Overlay Design Review", "GlobalID": "{DFB8BC66-D00C-4074-A269-DADEAF5A1174}", "CaseStatus": "Under construction", "ProjectName": "Walden Square II", "CaseID": "AHO-003", "AHOWebLink": "https://www.cambridgema.gov/CDD/Projects/Housing/waldensquareii", "ShowOnWeb": 1, "Longitude": -71.12933972, "created_date": "2025-09-22", "Latitude": 42.38904335, "last_edited_date": "2026-08-14", "ShowMoreInfoOnWeb": 0, "ProjectAddress": "21 Walden Square Rd"}},{"type": "Point", "id": 91, "coordinates": [1534, 8750], "properties": {"MapLots": "265D-50", "CaseType": "Planning Board Special Permit", "GlobalID": "{E2EF0B4E-58D7-4931-B74B-FB23752C47F7}", "CaseStatus": "Built", "CaseID": "PB-086", "Longitude": -71.14382947, "ShowOnWeb": 0, "created_date": "2025-09-22", "Latitude": 42.39434816, "last_edited_date": "2025-09-22", "ShowMoreInfoOnWeb": 0, "ProjectAddress": "54 CambridgePark Drive"}},{"type": "Point", "id": 150, "coordinates": [3002, 9577], "properties": {"MapLots": "123A-574", "CaseType": "Planning Board Special Permit", "GlobalID": "{EBC6C897-DA2A-4807-8427-74C8773F2C88}", "CaseStatus": "Denied", "CaseID": "PB-145", "Longitude": -71.13081423, "ShowOnWeb": 0, "created_date": "2025-09-22", "Latitude": 42.39823515, "last_edited_date": "2025-09-22", "ShowMoreInfoOnWeb": 0, "ProjectAddress": "2443 Massachusetts Ave"}},{"type": "Point", "id": 171, "coordinates": [4756, 1360], "properties": {"MapLots": "128-70", "CaseType": "Planning Board Special Permit", "GlobalID": "{14F97E0F-D731-4513-B2AE-0D72CB51FD69}", "CaseStatus": "Built", "ProjectName": "Polaroid", "CaseID": "PB-161", "Longitude": -71.11526382, "ShowOnWeb": 0, "created_date": "2025-09-22", "Latitude": 42.35962255, "last_edited_date": "2025-09-22", "ShowMoreInfoOnWeb": 0, "ProjectAddress": "784 Memorial Drive"}},{"type": "Point", "id": 256, "coordinates": [4789, 1135], "properties": {"MapLots": "100-68", "CaseType": "Planning Board Special Permit", "GlobalID": "{934C2EC8-E13A-4518-BDF8-BD12F05B439F}", "CaseStatus": "Expired", "ProjectName": "Radisson", "CaseID": "PB-223", "Longitude": -71.11497168, "ShowOnWeb": 0, "created_date": "2025-09-22", "Latitude": 42.3585674, "last_edited_date": "2025-09-22", "ShowMoreInfoOnWeb": 0, "ProjectAddress": "777 Memorial Drive"}},{"type": "Point", "id": 308, "coordinates": [6942, 1805], "properties": {"MapLots": "71-55", "CaseType": "Planning Board Special Permit", "GlobalID": "{5ACB7E1B-4EBD-4F28-A593-CE0B70F24165}", "CaseStatus": "Built", "ProjectName": "Novartis Expansion", "CaseID": "PB-265", "Longitude": -71.0958807, "ShowOnWeb": 0, "created_date": "2025-09-22", "Latitude": 42.36171286, "last_edited_date": "2025-09-22", "ShowMoreInfoOnWeb": 1, "ProjectAddress": "181 Massachusetts Ave"}},{"type": "Point", "id": 359, "coordinates": [3230, 9520], "properties": {"MapLots": "183-114", "CaseType": "Planning Board Special Permit", "GlobalID": "{7F2F7886-6268-4A0B-ABB6-3EF02754F8C5}", "CaseStatus": "Built", "CaseID": "PB-308", "Longitude": -71.12878839, "ShowOnWeb": 1, "created_date": "2025-09-22", "Latitude": 42.39796766, "last_edited_date": "2025-09-22", "ShowMoreInfoOnWeb": 1, "ProjectAddress": "95 Elmwood St"}},{"type": "Point", "id": 432, "coordinates": [713, 5208], "properties": {"MapLots": "254-23", "CaseType": "Planning Board Special Permit", "GlobalID": "{DC659C7F-FE52-4C1C-BAA7-995C657ECACF}", "CaseStatus": "Built", "CaseID": "PB-372", "Longitude": -71.15110391, "ShowOnWeb": 1, "created_date": "2025-09-22", "Latitude": 42.37770805, "last_edited_date": "2025-09-22", "ShowMoreInfoOnWeb": 1, "ProjectAddress": "118 Holworthy St"}},{"type": "Point", "id": 445, "coordinates": [4266, 4107], "properties": {"MapLots": "160-11", "CaseType": "Planning Board Special Permit", "GlobalID": "{A903406A-365C-4E28-BE79-9AB3F54A8409}", "CaseStatus": "Under construction", "ProjectName": "The Garage", "CaseID": "PB-386", "Longitude": -71.1196028, "ShowOnWeb": 1, "created_date": "2025-09-22", "Latitude": 42.37253407, "last_edited_date": "2025-09-22", "ShowMoreInfoOnWeb": 1, "ProjectAddress": "81-93 Mt Auburn St"}},{"type": "Point", "id": 494, "coordinates": [1985, 7403], "properties": {"MapLots": "273-47", "CaseType": "Affordable Housing Overlay Design Review", "GlobalID": "{65FD9AD4-FB49-4CB6-8758-5AA3553DB62D}", "CaseStatus": "Built", "ProjectName": "52 New Street", "CaseID": "AHO-001", "AHOWebLink": "https://www.cambridgema.gov/CDD/Projects/Housing/52newstreet", "ShowOnWeb": 1, "Longitude": -71.13993575, "created_date": "2025-09-22", "Latitude": 42.38795995, "last_edited_date": "2026-10-05", "ShowMoreInfoOnWeb": 0, "ProjectAddress": "52 New St"}},{"type": "Point", "id": 98, "coordinates": [4466, 3884], "properties": {"MapLots": "123A-629", "CaseType": "Planning Board Special Permit", "GlobalID": "{A6DAEA1E-25B7-4EE9-AA57-1450BAFF772F}", "CaseStatus": "Denied", "CaseID": "PB-093", "Longitude": -71.11783159, "ShowOnWeb": 0, "created_date": "2025-09-22", "Latitude": 42.37148587, "last_edited_date": "2025-09-22", "ShowMoreInfoOnWeb": 0, "ProjectAddress": "2 Holyoke Place"}},{"type": "Point", "id": 149, "coordinates": [7367, 2185], "properties": {"MapLots": "43A-21", "CaseType": "Planning Board Special Permit", "GlobalID": "{E3A7E801-1E3C-4B4E-B467-8B5B52083279}", "CaseStatus": "Built", "ProjectName": "Technology Square", "CaseID": "PB-144", "Longitude": -71.09211264, "ShowOnWeb": 0, "created_date": "2025-09-22", "Latitude": 42.36350126, "last_edited_date": "2025-09-22", "ShowMoreInfoOnWeb": 0, "ProjectAddress": "Tech Square"}},{"type": "Point", "id": 172, "coordinates": [7975, 3012], "properties": {"MapLots": "31-21", "CaseType": "Planning Board Special Permit", "GlobalID": "{2DB05DFF-339B-456B-9FE6-2D009965DCF3}", "CaseStatus": "Built", "CaseID": "PB-162", "Longitude": -71.08672524, "ShowOnWeb": 0, "created_date": "2025-09-22", "Latitude": 42.36738886, "last_edited_date": "2025-09-22", "ShowMoreInfoOnWeb": 0, "ProjectAddress": "300 Bent Street"}},{"type": "Point", "id": 255, "coordinates": [8878, 4184], "properties": {"MapLots": "123A-596", "CaseType": "Planning Board Special Permit", "GlobalID": "{D21082E4-EC97-4044-9D8E-F5F30DE6A7F9}", "CaseStatus": "Expired", "ProjectName": "Macgray", "CaseID": "PB-222", "Longitude": -71.07872178, "ShowOnWeb": 0, "created_date": "2025-09-22", "Latitude": 42.37289398, "last_edited_date": "2025-09-22", "ShowMoreInfoOnWeb": 0, "ProjectAddress": "22 Water Street"}},{"type": "Point", "id": 307, "coordinates": [1827, 4763], "properties": {"MapLots": "246A-59", "CaseType": "Planning Board Special Permit", "GlobalID": "{3652D7B7-829B-41C4-B250-6EBBE4422098}", "CaseStatus": "Built", "ProjectName": "Brattle Circle", "CaseID": "PB-264", "Longitude": -71.14123226, "ShowOnWeb": 0, "created_date": "2025-09-22", "Latitude": 42.37561582, "last_edited_date": "2025-09-22", "ShowMoreInfoOnWeb": 0, "ProjectAddress": "2-10 Brattle Circle"}},{"type": "Point", "id": 360, "coordinates": [1236, 8311], "properties": {"MapLots": "267F-284", "CaseType": "Planning Board Special Permit", "GlobalID": "{12626102-E155-498D-96EC-1E6AA5F2143F}", "CaseStatus": "Built", "ProjectName": "95 Fawcett Street", "CaseID": "PB-309", "Longitude": -71.14647047, "ShowOnWeb": 1, "created_date": "2025-09-22", "Latitude": 42.39228935, "last_edited_date": "2025-09-22", "ShowMoreInfoOnWeb": 1, "ProjectAddress": "87 Fawcett St"}},{"type": "Point", "id": 431, "coordinates": [6073, 607], "properties": {"MapLots": "61-11", "CaseType": "Planning Board Special Permit", "GlobalID": "{B56D6DEB-C673-4C1E-A9FA-485C2775C49C}", "CaseStatus": "Built", "ProjectName": "MIT West Campus Graduate Dorm", "CaseID": "PB-371", "Longitude": -71.10358728, "ShowOnWeb": 1, "created_date": "2025-09-22", "Latitude": 42.35608602, "last_edited_date": "2025-09-22", "ShowMoreInfoOnWeb": 1, "ProjectAddress": "269 Vassar St"}},{"type": "Point", "id": 446, "coordinates": [1978, 9649], "properties": {"MapLots": "269-131", "CaseType": "Planning Board Special Permit", "GlobalID": "{8D49B535-FEEC-40F8-A64F-59F2074324FF}", "CaseStatus": "Built", "ProjectName": "Alewife Park", "CaseID": "PB-387", "Longitude": -71.13989065, "ShowOnWeb": 1, "created_date": "2025-09-22", "Latitude": 42.39857352, "last_edited_date": "2025-09-22", "ShowMoreInfoOnWeb": 1, "ProjectAddress": "1 Alewife Park"}},{"type": "Point", "id": 493, "coordinates": [8976, 3236], "properties": {"MapLots": "10-16", "CaseType": "Planning Board Special Permit", "GlobalID": "{2764A458-7020-4C63-9C36-18F088658890}", "CaseStatus": "Under construction", "ProjectName": "Bent Street Development", "CaseID": "PB-231A", "Longitude": -71.07784739, "ShowOnWeb": 1, "created_date": "2025-09-22", "Latitude": 42.3684395, "last_edited_date": "2026-08-14", "ShowMoreInfoOnWeb": 1, "ProjectAddress": "75 First St"}},{"type": "Point", "id": 97, "coordinates": [8352, 2152], "properties": {"MapLots": "123A-661", "CaseType": "Planning Board Special Permit", "GlobalID": "{9FCC88EF-0590-43F6-92E2-C937123C51D2}", "CaseStatus": "Expired", "CaseID": "PB-092", "Longitude": -71.08338121, "ShowOnWeb": 0, "created_date": "2025-09-22", "Latitude": 42.3633437, "last_edited_date": "2025-09-22", "ShowMoreInfoOnWeb": 0, "ProjectAddress": "386 Third St"}},{"type": "Point", "id": 173, "coordinates": [6537, 1550], "properties": {"MapLots": "68-76", "CaseType": "Planning Board Special Permit", "GlobalID": "{64C3F42F-D39E-46CD-977D-2927DFA26258}", "CaseStatus": "Built", "ProjectName": "University Park", "CaseID": "PB-163", "Longitude": -71.09947152, "ShowOnWeb": 0, "created_date": "2025-09-22", "Latitude": 42.36051734, "last_edited_date": "2025-09-22", "ShowMoreInfoOnWeb": 0, "ProjectAddress": "40 Landsdowne St"}},{"type": "Point", "id": 258, "coordinates": [8438, 1713], "properties": {"MapLots": "47-90", "CaseType": "Planning Board Special Permit", "GlobalID": "{B0583811-C60A-4786-BC3D-EF0A0E106E0A}", "CaseStatus": "Built", "ProjectName": "Sloan School", "CaseID": "PB-225", "Longitude": -71.08261526, "ShowOnWeb": 0, "created_date": "2025-09-22", "Latitude": 42.36128112, "last_edited_date": "2025-09-22", "ShowMoreInfoOnWeb": 0, "ProjectAddress": "100 Main Street"}},{"type": "Point", "id": 29, "coordinates": [4315, 4185], "properties": {"MapLots": "160-59", "CaseType": "Planning Board Special Permit", "GlobalID": "{B76AF70D-2A6E-4BBD-80E6-DE8E9D4B0DBC}", "CaseStatus": "Built", "CaseID": "PB-024", "Longitude": -71.11917251, "ShowOnWeb": 0, "created_date": "2025-09-22", "Latitude": 42.37290083, "last_edited_date": "2025-09-22", "ShowMoreInfoOnWeb": 0, "ProjectAddress": "11 Dunster St"}},{"type": "Point", "id": 306, "coordinates": [6592, 3974], "properties": {"MapLots": "87-37", "CaseType": "Planning Board Special Permit", "GlobalID": "{B70F4D33-8CB5-41BD-8DA9-831BFC502C89}", "CaseStatus": "Withdrawn", "ProjectName": "KFC Site", "CaseID": "PB-263", "Longitude": -71.09898487, "ShowOnWeb": 0, "created_date": "2025-09-22", "Latitude": 42.37190505, "last_edited_date": "2025-09-22", "ShowMoreInfoOnWeb": 0, "ProjectAddress": "174 Hampshire St"}},{"type": "Point", "id": 434, "coordinates": [2541, 8670], "properties": {"MapLots": "193-54", "CaseType": "Planning Board Special Permit", "GlobalID": "{87F1BA76-F8F1-487D-8AD9-CA1B95BF5892}", "CaseStatus": "Built", "ProjectName": "9-11 Jackson St", "CaseID": "PB-374", "Longitude": -71.13490384, "ShowOnWeb": 1, "created_date": "2025-09-22", "Latitude": 42.39397191, "last_edited_date": "2025-09-22", "ShowMoreInfoOnWeb": 1, "ProjectAddress": "9 Jackson St"}},{"type": "Point", "id": 447, "coordinates": [2068, 9637], "properties": {"MapLots": "269-131", "CaseType": "Planning Board Special Permit", "GlobalID": "{81F18F69-58E2-450B-B0A9-A96FEC112CD1}", "CaseStatus": "Under construction", "ProjectName": "Alewife Park", "CaseID": "PB-387", "Longitude": -71.1390948, "ShowOnWeb": 1, "created_date": "2025-09-22", "Latitude": 42.39851886, "last_edited_date": "2025-09-22", "ShowMoreInfoOnWeb": 1, "ProjectAddress": "3 Alewife Pk"}},{"type": "Point", "id": 492, "coordinates": [2987, 9993], "properties": {"MapLots": "184-44", "CaseType": "Planning Board Special Permit", "GlobalID": "{2FC029BC-17D4-4578-BA49-6613843FAD9D}", "CaseStatus": "Built", "CaseID": "PB-398", "Longitude": -71.13095012, "ShowOnWeb": 1, "created_date": "2025-09-22", "Latitude": 42.40019281, "last_edited_date": "2026-06-24", "ShowMoreInfoOnWeb": 1, "ProjectAddress": "55 Washburn Ave"}},{"type": "Point", "id": 96, "coordinates": [1639, 7810], "properties": {"MapLots": "123A-648", "CaseType": "Planning Board Special Permit", "GlobalID": "{4D058DB1-6BE7-4777-913B-D2CAF55F694D}", "CaseStatus": "Built", "CaseID": "PB-091", "Longitude": -71.14289845, "ShowOnWeb": 0, "created_date": "2025-09-22", "Latitude": 42.38993123, "last_edited_date": "2025-09-22", "ShowMoreInfoOnWeb": 0, "ProjectAddress": "199 Alewife Brook Pkwy"}},{"type": "Point", "id": 174, "coordinates": [3903, 4328], "properties": {"MapLots": "168-22", "CaseType": "Planning Board Special Permit", "GlobalID": "{395E7885-9929-418F-93A3-CF36879A9657}", "CaseStatus": "Built", "ProjectName": "Harvard Square Post Office", "CaseID": "PB-164", "Longitude": -71.12282384, "ShowOnWeb": 0, "created_date": "2025-09-22", "Latitude": 42.37357047, "last_edited_date": "2025-09-22", "ShowMoreInfoOnWeb": 0, "ProjectAddress": "125 Mt. Auburn St"}},{"type": "Point", "id": 257, "coordinates": [8151, 3958], "properties": {"MapLots": "123A-580", "CaseType": "Planning Board Special Permit", "GlobalID": "{75C4C1E6-F2CC-41D9-92C7-6D3D3EC34DA8}", "CaseStatus": "Expired", "CaseID": "PB-224", "Longitude": -71.08516202, "ShowOnWeb": 0, "created_date": "2025-09-22", "Latitude": 42.37183011, "last_edited_date": "2025-09-22", "ShowMoreInfoOnWeb": 0, "ProjectAddress": "545 Cambridge Street"}},{"type": "Point", "id": 30, "coordinates": [3865, 8171], "properties": {"MapLots": "181-88", "CaseType": "Planning Board Special Permit", "GlobalID": "{03BCBBF8-D828-418D-A851-BA4AE549542C}", "CaseStatus": "Built", "ProjectName": "Henderson Carriage", "CaseID": "PB-025", "Longitude": -71.12316501, "ShowOnWeb": 0, "created_date": "2025-09-22", "Latitude": 42.3916295, "last_edited_date": "2025-09-22", "ShowMoreInfoOnWeb": 0, "ProjectAddress": "2067 Massachusetts Ave"}},{"type": "Point", "id": 305, "coordinates": [9999, 3497], "properties": {"MapLots": "1A-172", "CaseType": "Planning Board Special Permit", "GlobalID": "{8E637E1E-BA81-4F2F-9D7A-62F613193744}", "CaseStatus": "Built", "ProjectName": "EF International", "CaseID": "PB-262", "Longitude": -71.06878341, "ShowOnWeb": 0, "created_date": "2025-09-22", "Latitude": 42.36966594, "last_edited_date": "2025-09-22", "ShowMoreInfoOnWeb": 0, "ProjectAddress": "8 Education St"}},{"type": "Point", "id": 433, "coordinates": [5923, 2672], "properties": {"MapLots": "105-81", "CaseType": "Planning Board Special Permit", "GlobalID": "{5950C2C3-0C17-4BA1-9486-96751082A7CA}", "CaseStatus": "Built", "CaseID": "PB-373", "Longitude": -71.1049138, "ShowOnWeb": 1, "created_date": "2025-09-22", "Latitude": 42.36579055, "last_edited_date": "2025-09-22", "ShowMoreInfoOnWeb": 1, "ProjectAddress": "698 Massachusetts Ave"}},{"type": "Point", "id": 448, "coordinates": [2227, 9620], "properties": {"MapLots": "269-131", "CaseType": "Planning Board Special Permit", "GlobalID": "{C1D0501B-6779-43D7-BE9F-A493691E6A89}", "CaseStatus": "Under construction", "ProjectName": "Alewife Park", "CaseID": "PB-387", "Longitude": -71.13768209, "ShowOnWeb": 1, "created_date": "2025-09-22", "Latitude": 42.39843852, "last_edited_date": "2025-09-22", "ShowMoreInfoOnWeb": 1, "ProjectAddress": "5 Alewife Pk"}},{"type": "Point", "id": 491, "coordinates": [844, 8630], "properties": {"MapLots": "267.4-284", "CaseType": "Planning Board Special Permit", "GlobalID": "{02FD7E8A-97B2-463C-AC3D-1E87392E719C}", "CaseStatus": "Expired", "CaseID": "PB-385", "Longitude": -71.14994788, "ShowOnWeb": 0, "created_date": "2025-09-22", "Latitude": 42.39378571, "last_edited_date": "2026-08-14", "ShowMoreInfoOnWeb": 0, "ProjectAddress": "180 Fawcett St"}},{"type": "Point", "id": 95, "coordinates": [1583, 7834], "properties": {"MapLots": "123A-647", "CaseType": "Planning Board Special Permit", "GlobalID": "{781A6500-FFFA-4475-B5DC-66DD23A321AD}", "CaseStatus": "Denied", "CaseID": "PB-090", "Longitude": -71.14339108, "ShowOnWeb": 0, "created_date": "2025-09-22", "Latitude": 42.39004718, "last_edited_date": "2025-09-22", "ShowMoreInfoOnWeb": 0, "ProjectAddress": "199 Alewife Brook Pkwy"}},{"type": "Point", "id": 1, "coordinates": [8755, 1898], "properties": {"MapLots": "13-23", "CaseType": "Planning Board Special Permit", "GlobalID": "{DC94EFAD-3D65-48B9-919E-13FD7D94F8FE}", "CaseStatus": "Built", "ProjectName": "Broad Canal Phase 1", "CaseID": "PB-001", "Longitude": -71.07981133, "ShowOnWeb": 0, "created_date": "2025-09-22", "Latitude": 42.36215343, "last_edited_date": "2025-09-22", "ShowMoreInfoOnWeb": 0, "ProjectAddress": "67-111 Main St"}},{"type": "Point", "id": 110, "coordinates": [4210, 6762], "properties": {"MapLots": "176-53", "CaseType": "Planning Board Special Permit", "GlobalID": "{04EA7765-F200-4CDB-BC7B-CB9B1384B5BA}", "CaseStatus": "Built", "ProjectName": "3-5 Linnaean St", "CaseID": "PB-105", "Longitude": -71.12009964, "ShowOnWeb": 0, "created_date": "2025-09-22", "Latitude": 42.38500994, "last_edited_date": "2025-09-22", "ShowMoreInfoOnWeb": 0, "ProjectAddress": "3 Linnaean St"}},{"type": "Point", "id": 124, "coordinates": [3361, 7737], "properties": {"MapLots": "202-131", "CaseType": "Planning Board Special Permit", "GlobalID": "{93752F0B-294C-459C-91A8-BC231D39A2DA}", "CaseStatus": "Built", "ProjectName": "Cambridge Cohousing", "CaseID": "PB-119", "Longitude": -71.12763266, "ShowOnWeb": 0, "created_date": "2025-09-22", "Latitude": 42.38958865, "last_edited_date": "2025-09-22", "ShowMoreInfoOnWeb": 0, "ProjectAddress": "129 Richdale Ave"}},{"type": "Point", "id": 14, "coordinates": [3889, 4054], "properties": {"MapLots": "165-55", "CaseType": "Planning Board Special Permit", "GlobalID": "{B7CAEB00-68C8-49B5-B1F4-00DB60E95DEB}", "CaseStatus": "Built", "ProjectName": "Charles Square", "CaseID": "PB-012", "Longitude": -71.12294649, "ShowOnWeb": 0, "created_date": "2025-09-22", "Latitude": 42.37228476, "last_edited_date": "2025-09-22", "ShowMoreInfoOnWeb": 0, "ProjectAddress": "Charles Square"}},{"type": "Point", "id": 153, "coordinates": [6006, 2861], "properties": {"MapLots": "123A-534", "CaseType": "Planning Board Special Permit", "GlobalID": "{079270C6-771F-4E8A-ABD8-6EF2F9E73B63}", "CaseStatus": "Denied", "ProjectName": "YWCA", "CaseID": "PB-148", "Longitude": -71.10418384, "ShowOnWeb": 0, "created_date": "2025-09-22", "Latitude": 42.36667943, "last_edited_date": "2025-09-22", "ShowMoreInfoOnWeb": 0, "ProjectAddress": "7 Temple St"}},{"type": "Point", "id": 182, "coordinates": [4983, 4766], "properties": {"MapLots": "137-42", "CaseType": "Planning Board Special Permit", "GlobalID": "{0BD9E30C-2056-4435-B61F-F4DDF1A26DFF}", "CaseStatus": "Built", "ProjectName": "CGIS", "CaseID": "PB-171", "Longitude": -71.1132486, "ShowOnWeb": 0, "created_date": "2025-09-22", "Latitude": 42.37563012, "last_edited_date": "2025-09-22", "ShowMoreInfoOnWeb": 0, "ProjectAddress": "1737 Cambridge St"}},{"type": "Point", "id": 216, "coordinates": [8304, 2441], "properties": {"MapLots": "29-34", "CaseType": "Planning Board Special Permit", "GlobalID": "{5FCB0A05-8255-4C55-ADAE-6F1BF808C81A}", "CaseStatus": "Built", "ProjectName": "Extell Housing", "CaseID": "PB-189", "Longitude": -71.08380349, "ShowOnWeb": 0, "created_date": "2025-09-22", "Latitude": 42.36470223, "last_edited_date": "2025-09-22", "ShowMoreInfoOnWeb": 1, "ProjectAddress": "303 Third St"}},{"type": "Point", "id": 247, "coordinates": [8732, 3246], "properties": {"MapLots": "123A-583", "CaseType": "Planning Board Special Permit", "GlobalID": "{0AB2629E-B9B6-41B3-ADB9-482B458F94BE}", "CaseStatus": "Withdrawn", "ProjectName": "Campbell Lofts", "CaseID": "PB-214", "Longitude": -71.08001138, "ShowOnWeb": 0, "created_date": "2025-09-22", "Latitude": 42.3684871, "last_edited_date": "2025-09-22", "ShowMoreInfoOnWeb": 0, "ProjectAddress": "77 Hurley Street"}},{"type": "Point", "id": 261, "coordinates": [4917, 3793], "properties": {"MapLots": "134-7", "CaseType": "Planning Board Special Permit", "GlobalID": "{8D0766A9-19AF-4C11-9385-8B55EA859BCF}", "CaseStatus": "Built", "CaseID": "PB-228", "Longitude": -71.11383365, "ShowOnWeb": 0, "created_date": "2025-09-22", "Latitude": 42.37105645, "last_edited_date": "2025-09-22", "ShowMoreInfoOnWeb": 0, "ProjectAddress": "1131 Massachusetts Ave"}},{"type": "Point", "id": 40, "coordinates": [1112, 7775], "properties": {"MapLots": "123A-628", "CaseType": "Planning Board Special Permit", "GlobalID": "{3E4FD443-118B-4C8B-8EA0-F9DC52E6955B}", "CaseStatus": "Denied", "CaseID": "PB-034", "Longitude": -71.1475721, "ShowOnWeb": 0, "created_date": "2025-09-22", "Latitude": 42.38976991, "last_edited_date": "2025-09-22", "ShowMoreInfoOnWeb": 0, "ProjectAddress": "10 Moulton St"}},{"type": "Point", "id": 63, "coordinates": [4082, 4477], "properties": {"MapLots": "169-85", "CaseType": "Planning Board Special Permit", "GlobalID": "{E0ED6457-A5CD-45B2-8943-9031A0152DCC}", "CaseStatus": "Built", "ProjectName": "59-63 Church St", "CaseID": "PB-057", "Longitude": -71.12123714, "ShowOnWeb": 0, "created_date": "2025-09-22", "Latitude": 42.37427126, "last_edited_date": "2025-09-22", "ShowMoreInfoOnWeb": 0, "ProjectAddress": "61 Church St"}},{"type": "Point", "id": 89, "coordinates": [9669, 3600], "properties": {"MapLots": "1A-109", "CaseType": "Planning Board Special Permit", "GlobalID": "{677FB24E-FDBA-48A6-8DEF-378323EC4216}", "CaseStatus": "Built", "CaseID": "PB-085", "Longitude": -71.07170275, "ShowOnWeb": 0, "created_date": "2025-09-22", "Latitude": 42.37014836, "last_edited_date": "2025-09-22", "ShowMoreInfoOnWeb": 0, "ProjectAddress": "8 Museum Way"}},{"type": "Point", "id": 319, "coordinates": [2623, 9601], "properties": {"MapLots": "189-104", "CaseType": "Planning Board Special Permit", "GlobalID": "{53E47274-2FCF-4359-BEB8-349FEE4CFDD8}", "CaseStatus": "Built", "ProjectName": "Tyler Green", "CaseID": "PB-276", "Longitude": -71.13417404, "ShowOnWeb": 0, "created_date": "2025-09-22", "Latitude": 42.39834846, "last_edited_date": "2025-09-22", "ShowMoreInfoOnWeb": 1, "ProjectAddress": "33 Cottage Park Ave"}},{"type": "Point", "id": 322, "coordinates": [1368, 8606], "properties": {"MapLots": "267.4-320", "CaseType": "Planning Board Special Permit", "GlobalID": "{8D08710A-5BD7-44CA-BDC9-4F08F0DC1039}", "CaseStatus": "Built", "ProjectName": "130 Cambridgepark Drive", "CaseID": "PB-279", "Longitude": -71.14529555, "ShowOnWeb": 0, "created_date": "2025-09-22", "Latitude": 42.39367145, "last_edited_date": "2025-09-22", "ShowMoreInfoOnWeb": 1, "ProjectAddress": "130 Cambridgepark Dr"}},{"type": "Point", "id": 348, "coordinates": [8426, 2006], "properties": {"MapLots": "14-31", "CaseType": "Planning Board Special Permit", "GlobalID": "{879638BC-EB91-4C97-92D0-DB3995F37C38}", "CaseStatus": "Built", "ProjectName": "MIT Kendall Square NoMa", "CaseID": "PB-302", "Longitude": -71.08272227, "ShowOnWeb": 1, "created_date": "2025-09-22", "Latitude": 42.36265986, "last_edited_date": "2025-09-22", "ShowMoreInfoOnWeb": 1, "ProjectAddress": "165 Main St"}},{"type": "Point", "id": 384, "coordinates": [4227, 6762], "properties": {"MapLots": "176-53", "CaseType": "Planning Board Special Permit", "GlobalID": "{8CA39607-E532-471B-B71D-358D39FB25D4}", "CaseStatus": "Built", "ProjectName": "3-5 Linnaean", "CaseID": "PB-329", "Longitude": -71.11994854, "ShowOnWeb": 1, "created_date": "2025-09-22", "Latitude": 42.38500652, "last_edited_date": "2025-09-22", "ShowMoreInfoOnWeb": 1, "ProjectAddress": "3 Linnaean St"}},{"type": "Point", "id": 405, "coordinates": [6742, 2063], "properties": {"MapLots": "70-85", "CaseType": "Planning Board Special Permit", "GlobalID": "{29CA6AB7-EA0A-4430-B975-3023BCEEB259}", "CaseStatus": "Built", "CaseID": "PB-350", "Longitude": -71.09765045, "ShowOnWeb": 1, "created_date": "2025-09-22", "Latitude": 42.36292844, "last_edited_date": "2025-09-22", "ShowMoreInfoOnWeb": 1, "ProjectAddress": "810 Main St"}},{"type": "Point", "id": 109, "coordinates": [3849, 7563], "properties": {"MapLots": "201-112", "CaseType": "Planning Board Special Permit", "GlobalID": "{ADB0470C-EB73-482F-B9E8-D3593626B212}", "CaseStatus": "Built", "ProjectName": "Payne Elevator Building", "CaseID": "PB-104", "Longitude": -71.12330102, "ShowOnWeb": 0, "created_date": "2025-09-22", "Latitude": 42.38877408, "last_edited_date": "2025-09-22", "ShowMoreInfoOnWeb": 0, "ProjectAddress": "75 Richdale Ave"}},{"type": "Point", "id": 123, "coordinates": [8368, 2768], "properties": {"MapLots": "28-33", "CaseType": "Planning Board Special Permit", "GlobalID": "{4B879EDC-CD50-4E0A-88E6-E4C8C423CF2A}", "CaseStatus": "Built", "ProjectName": "Worthington Place", "CaseID": "PB-118", "Longitude": -71.08324074, "ShowOnWeb": 0, "created_date": "2025-09-22", "Latitude": 42.36623818, "last_edited_date": "2025-09-22", "ShowMoreInfoOnWeb": 1, "ProjectAddress": "246 Third St"}},{"type": "Point", "id": 13, "coordinates": [3771, 8344], "properties": {"MapLots": "181-196", "CaseType": "Planning Board Special Permit", "GlobalID": "{ABE48517-48E7-40BA-B2C8-A80952D9AB0C}", "CaseStatus": "Built", "ProjectName": "Russell Place", "CaseID": "PB-011", "Longitude": -71.12399713, "ShowOnWeb": 0, "created_date": "2025-09-22", "Latitude": 42.3924405, "last_edited_date": "2025-09-22", "ShowMoreInfoOnWeb": 0, "ProjectAddress": "2143  Massachusetts Ave"}},{"type": "Point", "id": 154, "coordinates": [1786, 6465], "properties": {"MapLots": "234-178", "CaseType": "Planning Board Special Permit", "GlobalID": "{05EA5F71-0B1F-4AF8-A46B-854E1E978C11}", "CaseStatus": "Built", "ProjectName": "Car Dealership", "CaseID": "PB-149", "Longitude": -71.14159413, "ShowOnWeb": 0, "created_date": "2025-09-22", "Latitude": 42.3836148, "last_edited_date": "2025-09-22", "ShowMoreInfoOnWeb": 0, "ProjectAddress": "275 Fresh Pond Pkwy"}},{"type": "Point", "id": 181, "coordinates": [4994, 4640], "properties": {"MapLots": "137-42", "CaseType": "Planning Board Special Permit", "GlobalID": "{96C618E7-D675-4CE4-8833-CCAFED8DA5A0}", "CaseStatus": "Built", "ProjectName": "CGIS", "CaseID": "PB-171", "Longitude": -71.1131483, "ShowOnWeb": 0, "created_date": "2025-09-22", "Latitude": 42.37503465, "last_edited_date": "2025-09-22", "ShowMoreInfoOnWeb": 0, "ProjectAddress": "1730 Cambridge St"}},{"type": "Point", "id": 2, "coordinates": [3850, 4058], "properties": {"MapLots": "123A-435", "CaseType": "Planning Board Special Permit", "GlobalID": "{FF84ABBE-4434-470E-9927-76F23BBD7E49}", "CaseStatus": "Expired", "ProjectName": "Charles Square", "CaseID": "PB-002", "Longitude": -71.12329816, "ShowOnWeb": 0, "created_date": "2025-09-22", "Latitude": 42.3723002, "last_edited_date": "2025-09-22", "ShowMoreInfoOnWeb": 0, "ProjectAddress": "Charles Square"}},{"type": "Point", "id": 215, "coordinates": [4236, 4050], "properties": {"MapLots": "162-68", "CaseType": "Planning Board Special Permit", "GlobalID": "{789C75BA-B11B-4197-ADAE-4830002BFDBD}", "CaseStatus": "Built", "ProjectName": "Library", "CaseID": "PB-188", "Longitude": -71.11986831, "ShowOnWeb": 0, "created_date": "2025-09-22", "Latitude": 42.37226494, "last_edited_date": "2025-09-22", "ShowMoreInfoOnWeb": 0, "ProjectAddress": "90 Mount Auburn St"}},{"type": "Point", "id": 248, "coordinates": [6333, 1198], "properties": {"MapLots": "67-49", "CaseType": "Planning Board Special Permit", "GlobalID": "{510154AA-4D0C-4CBA-82E1-7229A7DDE544}", "CaseStatus": "Built", "ProjectName": "Graduate Housing", "CaseID": "PB-215", "Longitude": -71.10128234, "ShowOnWeb": 0, "created_date": "2025-09-22", "Latitude": 42.35886191, "last_edited_date": "2025-09-22", "ShowMoreInfoOnWeb": 0, "ProjectAddress": "235 Albany St"}},{"type": "Point", "id": 262, "coordinates": [7215, 3839], "properties": {"MapLots": "80-178", "CaseType": "Planning Board Special Permit", "GlobalID": "{0154DC9E-FFC1-4447-A341-1BF13D88952B}", "CaseStatus": "Built", "ProjectName": "Just-A-Start Housing", "CaseID": "PB-229", "Longitude": -71.09346297, "ShowOnWeb": 0, "created_date": "2025-09-22", "Latitude": 42.3712725, "last_edited_date": "2025-09-22", "ShowMoreInfoOnWeb": 0, "ProjectAddress": "424-430 Windsor Street"}},{"type": "Point", "id": 39, "coordinates": [1366, 8831], "properties": {"MapLots": "123A-462", "CaseType": "Planning Board Special Permit", "GlobalID": "{7041B6BF-F8DD-4BF7-A777-88C3CBA667BD}", "CaseStatus": "Built", "ProjectName": "Genetics Institute", "CaseID": "PB-033", "Longitude": -71.14531325, "ShowOnWeb": 0, "created_date": "2025-09-22", "Latitude": 42.39473272, "last_edited_date": "2025-09-22", "ShowMoreInfoOnWeb": 0, "ProjectAddress": "CambridgePark Drive"}},{"type": "Point", "id": 64, "coordinates": [3339, 7738], "properties": {"MapLots": "123A-642", "CaseType": "Planning Board Special Permit", "GlobalID": "{701CFE5E-EAEF-4CA7-BF00-5BC0FF91F43E}", "CaseStatus": "Built", "ProjectName": "129, 194 Richdale Ave", "CaseID": "PB-058", "Longitude": -71.12782382, "ShowOnWeb": 0, "created_date": "2025-09-22", "Latitude": 42.38959334, "last_edited_date": "2025-09-22", "ShowMoreInfoOnWeb": 0, "ProjectAddress": "129 Richdale Ave"}},{"type": "Point", "id": 90, "coordinates": [9787, 3566], "properties": {"MapLots": "1A-109", "CaseType": "Planning Board Special Permit", "GlobalID": "{612CB347-5632-4461-BBF2-546AA3041AAD}", "CaseStatus": "Built", "CaseID": "PB-085", "Longitude": -71.07066112, "ShowOnWeb": 0, "created_date": "2025-09-22", "Latitude": 42.36998916, "last_edited_date": "2025-09-22", "ShowMoreInfoOnWeb": 0, "ProjectAddress": "1 Education St"}},{"type": "Point", "id": 320, "coordinates": [5037, 2908], "properties": {"MapLots": "122-199", "CaseType": "Planning Board Special Permit", "GlobalID": "{78FA3D53-A438-4699-A54A-273C979F5DCA}", "CaseStatus": "Built", "ProjectName": "King School", "CaseID": "PB-277", "Longitude": -71.1127699, "ShowOnWeb": 0, "created_date": "2025-09-22", "Latitude": 42.36689809, "last_edited_date": "2025-09-22", "ShowMoreInfoOnWeb": 1, "ProjectAddress": "100 Putnam Ave"}},{"type": "Point", "id": 321, "coordinates": [5810, 750], "properties": {"MapLots": "66-152", "CaseType": "Planning Board Special Permit", "GlobalID": "{1943F537-EB13-457E-B0CC-8D754857AF37}", "CaseStatus": "Built", "ProjectName": "Residences at 240 Sidney Street", "CaseID": "PB-278", "Longitude": -71.10591467, "ShowOnWeb": 0, "created_date": "2025-09-22", "Latitude": 42.35675577, "last_edited_date": "2025-09-22", "ShowMoreInfoOnWeb": 1, "ProjectAddress": "240 Sidney St"}},{"type": "Point", "id": 347, "coordinates": [8487, 2872], "properties": {"MapLots": "27-97", "CaseType": "Planning Board Special Permit", "GlobalID": "{1C5E4CC9-5110-4BA6-B722-2898D5E8360D}", "CaseStatus": "Built", "ProjectName": "Equity Development", "CaseID": "PB-301", "Longitude": -71.08217977, "ShowOnWeb": 1, "created_date": "2025-09-22", "Latitude": 42.36673117, "last_edited_date": "2025-09-22", "ShowMoreInfoOnWeb": 1, "ProjectAddress": "249 Third St"}},{"type": "Point", "id": 383, "coordinates": [9780, 3786], "properties": {"MapLots": "1A-78", "CaseType": "Planning Board Special Permit", "GlobalID": "{02D2F6B8-11A6-4328-922A-718ED75A5E8E}", "CaseStatus": "Built", "ProjectName": "EF III", "CaseID": "PB-328", "Longitude": -71.07072082, "ShowOnWeb": 0, "created_date": "2025-09-22", "Latitude": 42.37102558, "last_edited_date": "2025-09-22", "ShowMoreInfoOnWeb": 1, "ProjectAddress": "10 North Blvd"}},{"type": "Point", "id": 406, "coordinates": [6198, 2472], "properties": {"MapLots": "90-125", "CaseType": "Planning Board Special Permit", "GlobalID": "{5079C0CE-C628-41D3-A011-EB7978C80661}", "CaseStatus": "Built", "ProjectName": "567 Massachusetts Ave", "CaseID": "PB-351", "Longitude": -71.10247977, "ShowOnWeb": 1, "created_date": "2025-09-22", "Latitude": 42.36484801, "last_edited_date": "2025-09-22", "ShowMoreInfoOnWeb": 1, "ProjectAddress": "567 Massachusetts Ave"}},{"type": "Point", "id": 12, "coordinates": [8292, 4009], "properties": {"MapLots": "123A-443", "CaseType": "Planning Board Special Permit", "GlobalID": "{73565DB2-6C6F-41BC-9DEB-DFD1A51F8058}", "CaseStatus": "Expired", "CaseID": "PB-010", "Longitude": -71.08391573, "ShowOnWeb": 0, "created_date": "2025-09-22", "Latitude": 42.37207117, "last_edited_date": "2025-09-22", "ShowMoreInfoOnWeb": 0, "ProjectAddress": "130 Gore St"}},{"type": "Point", "id": 122, "coordinates": [3851, 8060], "properties": {"MapLots": "200-22", "CaseType": "Planning Board Special Permit", "GlobalID": "{650D2054-E66F-4356-9AFA-5E733BA4C3B9}", "CaseStatus": "Built", "ProjectName": "Kentucky Fried Chicken", "CaseID": "PB-117", "Longitude": -71.1232878, "ShowOnWeb": 0, "created_date": "2025-09-22", "Latitude": 42.39110724, "last_edited_date": "2025-09-22", "ShowMoreInfoOnWeb": 0, "ProjectAddress": "2072 Massachusetts Ave"}},{"type": "Point", "id": 151, "coordinates": [304, 8013], "properties": {"MapLots": "123A-532", "CaseType": "Planning Board Special Permit", "GlobalID": "{290C745A-B4D0-4031-86BF-7C53702930D7}", "CaseStatus": "Denied", "CaseID": "PB-146", "Longitude": -71.15473609, "ShowOnWeb": 0, "created_date": "2025-09-22", "Latitude": 42.39088811, "last_edited_date": "2025-09-22", "ShowMoreInfoOnWeb": 0, "ProjectAddress": "773 Concord Ave"}},{"type": "Point", "id": 184, "coordinates": [6726, 1700], "properties": {"MapLots": "68-47", "CaseType": "Planning Board Special Permit", "GlobalID": "{3E697FF3-6ECE-4B50-86D1-C3C268B06449}", "CaseStatus": "Built", "ProjectName": "NECCO/Novartis", "CaseID": "PB-173", "Longitude": -71.09780041, "ShowOnWeb": 0, "created_date": "2025-09-22", "Latitude": 42.36122392, "last_edited_date": "2025-09-22", "ShowMoreInfoOnWeb": 0, "ProjectAddress": "250 Massachusetts Ave"}},{"type": "Point", "id": 218, "coordinates": [4601, 5167], "properties": {"MapLots": "157-69", "CaseType": "Planning Board Special Permit", "GlobalID": "{B3A4EA4C-ABAE-4E6D-9D41-DBB3F14DB88A}", "CaseStatus": "Built", "ProjectName": "LISE", "CaseID": "PB-191", "Longitude": -71.11663259, "ShowOnWeb": 0, "created_date": "2025-09-22", "Latitude": 42.37751116, "last_edited_date": "2025-09-22", "ShowMoreInfoOnWeb": 0, "ProjectAddress": "15 Oxford St"}},{"type": "Point", "id": 245, "coordinates": [5810, 2621], "properties": {"MapLots": "123A-572", "CaseType": "Planning Board Special Permit", "GlobalID": "{FCE96E5A-EE6C-4918-8A65-4BCE1B948505}", "CaseStatus": "Expired", "ProjectName": "Church In Cambridge, Inc.", "CaseID": "PB-212", "Longitude": -71.10591868, "ShowOnWeb": 0, "created_date": "2025-09-22", "Latitude": 42.36555171, "last_edited_date": "2025-09-22", "ShowMoreInfoOnWeb": 0, "ProjectAddress": "380 Green St"}},{"type": "Point", "id": 263, "coordinates": [1717, 7522], "properties": {"MapLots": "265A-43", "CaseType": "Planning Board Special Permit", "GlobalID": "{59573761-5BA0-4A77-9AE0-269128B5B4AD}", "CaseStatus": "Built", "ProjectName": "Hotel Tria", "CaseID": "PB-230", "Longitude": -71.14220335, "ShowOnWeb": 0, "created_date": "2025-09-22", "Latitude": 42.38857933, "last_edited_date": "2025-09-22", "ShowMoreInfoOnWeb": 0, "ProjectAddress": "220 Alewife Brook Parkway"}},{"type": "Point", "id": 289, "coordinates": [6175, 604], "properties": {"MapLots": "123A-634", "CaseType": "Planning Board Special Permit", "GlobalID": "{BC69094A-A759-4736-8F3C-DF733F5D5CB9}", "CaseStatus": "Expired", "ProjectName": "Wind Turbine", "CaseID": "PB-246", "Longitude": -71.10267979, "ShowOnWeb": 0, "created_date": "2025-09-22", "Latitude": 42.35607347, "last_edited_date": "2025-09-22", "ShowMoreInfoOnWeb": 0, "ProjectAddress": "296 or 196 Vassar St"}},{"type": "Point", "id": 3, "coordinates": [4116, 7485], "properties": {"MapLots": "123A-436", "CaseType": "Planning Board Special Permit", "GlobalID": "{0B874AAE-2F37-4EE9-B317-CDAEDEE93B4E}", "CaseStatus": "Expired", "ProjectName": "1-11 Richdale Ave", "CaseID": "PB-003", "Longitude": -71.12093882, "ShowOnWeb": 0, "created_date": "2025-09-22", "Latitude": 42.38840486, "last_edited_date": "2025-09-22", "ShowMoreInfoOnWeb": 0, "ProjectAddress": "5 Richdale Ave"}},{"type": "Point", "id": 324, "coordinates": [4475, 6082], "properties": {"MapLots": "156-66", "CaseType": "Planning Board Special Permit", "GlobalID": "{92804B4C-362A-4EFE-ACDE-6CDC3B4988E9}", "CaseStatus": "Built", "ProjectName": "Wendell Terrace", "CaseID": "PB-280", "Longitude": -71.1177514, "ShowOnWeb": 0, "created_date": "2025-09-22", "Latitude": 42.38181418, "last_edited_date": "2025-09-22", "ShowMoreInfoOnWeb": 1, "ProjectAddress": "19-21 Wendell St"}},{"type": "Point", "id": 346, "coordinates": [4060, 4012], "properties": {"MapLots": "162-26", "CaseType": "Planning Board Special Permit", "GlobalID": "{865F0387-B3FE-45FC-8A97-F20505D8AF4C}", "CaseStatus": "Expired", "ProjectName": "Eliot Street Residential", "CaseID": "PB-300", "Longitude": -71.12143019, "ShowOnWeb": 0, "created_date": "2025-09-22", "Latitude": 42.37208665, "last_edited_date": "2026-04-01", "ShowMoreInfoOnWeb": 1, "ProjectAddress": "16 Eliot St"}},{"type": "Point", "id": 61, "coordinates": [9010, 2600], "properties": {"MapLots": "11-43", "CaseType": "Planning Board Special Permit", "GlobalID": "{BB4B6DA3-CAF0-4AAA-AB34-C0F8EF94A027}", "CaseStatus": "Built", "ProjectName": "Rivercourt", "CaseID": "PB-055", "Longitude": -71.07754317, "ShowOnWeb": 0, "created_date": "2025-09-22", "Latitude": 42.36545002, "last_edited_date": "2025-09-22", "ShowMoreInfoOnWeb": 0, "ProjectAddress": "160 First St"}},{"type": "Point", "id": 382, "coordinates": [739, 4955], "properties": {"MapLots": "254-32", "CaseType": "Planning Board Special Permit", "GlobalID": "{762B96FA-1EFB-4486-B032-371846140F43}", "CaseStatus": "Built", "ProjectName": "74 Holworthy St", "CaseID": "PB-327", "Longitude": -71.1508767, "ShowOnWeb": 1, "created_date": "2025-09-22", "Latitude": 42.37651754, "last_edited_date": "2025-09-22", "ShowMoreInfoOnWeb": 1, "ProjectAddress": "74 Holworthy St"}},{"type": "Point", "id": 407, "coordinates": [4202, 4523], "properties": {"MapLots": "169-67", "CaseType": "Planning Board Special Permit", "GlobalID": "{43778670-6BB8-4319-87EA-6AF89AC98597}", "CaseStatus": "Built", "ProjectName": "31 Church Street", "CaseID": "PB-352", "Longitude": -71.12017578, "ShowOnWeb": 1, "created_date": "2025-09-22", "Latitude": 42.37448932, "last_edited_date": "2025-09-22", "ShowMoreInfoOnWeb": 1, "ProjectAddress": "31 Church St"}},{"type": "Point", "id": 429, "coordinates": [6114, 2449], "properties": {"MapLots": "106-124", "CaseType": "Planning Board Special Permit", "GlobalID": "{B0685F14-A01D-4C43-88F9-CFA983628544}", "CaseStatus": "Expired", "CaseID": "PB-369", "Longitude": -71.1032198, "ShowOnWeb": 0, "created_date": "2025-09-22", "Latitude": 42.36474161, "last_edited_date": "2026-04-01", "ShowMoreInfoOnWeb": 1, "ProjectAddress": "600 Massachusetts Ave"}},{"type": "Point", "id": 460, "coordinates": [6439, 2393], "properties": {"MapLots": "91-180", "CaseType": "Planning Board Special Permit", "GlobalID": "{4B89C480-D899-45A3-AE3D-45A4B3A3E5E7}", "CaseStatus": "Withdrawn", "ProjectName": "48-50 Bishop Allen Drive", "CaseID": "PB-396", "Longitude": -71.10034156, "ShowOnWeb": 0, "created_date": "2025-09-22", "Latitude": 42.36447708, "last_edited_date": "2025-09-22", "ShowMoreInfoOnWeb": 1, "ProjectAddress": "48-50 Bishop Allen Dr"}},{"type": "Point", "id": 11, "coordinates": [7370, 3040], "properties": {"MapLots": "40-212", "CaseType": "Planning Board Special Permit", "GlobalID": "{F52CF229-623C-489D-B6DA-4FD0C74B98AF}", "CaseStatus": "Permitting", "ProjectName": "Lilac Court", "CaseID": "PB-009", "Longitude": -71.09209025, "ShowOnWeb": 1, "created_date": "2025-09-22", "Latitude": 42.36751891, "last_edited_date": "2025-09-22", "ShowMoreInfoOnWeb": 1, "ProjectAddress": "6 Lilac Court"}},{"type": "Point", "id": 121, "coordinates": [2094, 6427], "properties": {"MapLots": "233-189", "CaseType": "Planning Board Special Permit", "GlobalID": "{3ACC0FDA-D311-46E0-8FA6-9E23148944A4}", "CaseStatus": "Built", "CaseID": "PB-116", "Longitude": -71.13885934, "ShowOnWeb": 0, "created_date": "2025-09-22", "Latitude": 42.38343455, "last_edited_date": "2025-09-22", "ShowMoreInfoOnWeb": 0, "ProjectAddress": "152 Vassal Lane"}},{"type": "Point", "id": 152, "coordinates": [7777, 2580], "properties": {"MapLots": "30-42", "CaseType": "Planning Board Special Permit", "GlobalID": "{7C3E3199-0F95-417D-B08E-CA30E536E458}", "CaseStatus": "Built", "ProjectName": "Biogen", "CaseID": "PB-147", "Longitude": -71.08847982, "ShowOnWeb": 0, "created_date": "2025-09-22", "Latitude": 42.36535783, "last_edited_date": "2025-09-22", "ShowMoreInfoOnWeb": 0, "ProjectAddress": "15 Cambridge Center"}},{"type": "Point", "id": 183, "coordinates": [6717, 3233], "properties": {"MapLots": "86-99", "CaseType": "Planning Board Special Permit", "GlobalID": "{FAB1BAD8-1E96-480D-A2F8-FCB7693D6269}", "CaseStatus": "Built", "CaseID": "PB-172", "Longitude": -71.09787636, "ShowOnWeb": 0, "created_date": "2025-09-22", "Latitude": 42.36842768, "last_edited_date": "2025-09-22", "ShowMoreInfoOnWeb": 0, "ProjectAddress": "56 Elm St"}},{"type": "Point", "id": 217, "coordinates": [1861, 6741], "properties": {"MapLots": "260-74", "CaseType": "Planning Board Special Permit", "GlobalID": "{01FA09B9-2CBF-4E80-BAD4-3F262973E82F}", "CaseStatus": "Built", "ProjectName": "Mobil Auto Repair", "CaseID": "PB-190", "Longitude": -71.14092684, "ShowOnWeb": 0, "created_date": "2025-09-22", "Latitude": 42.38490878, "last_edited_date": "2025-09-22", "ShowMoreInfoOnWeb": 0, "ProjectAddress": "317-325 Fresh Pond Pkwy"}},{"type": "Point", "id": 246, "coordinates": [2686, 7760], "properties": {"MapLots": "123A-573", "CaseType": "Planning Board Special Permit", "GlobalID": "{0EF1C2FB-79D0-44EA-A3B0-066E71F91105}", "CaseStatus": "Expired", "ProjectName": "16-18 Bellis Circle", "CaseID": "PB-213", "Longitude": -71.13361478, "ShowOnWeb": 0, "created_date": "2025-09-22", "Latitude": 42.3896977, "last_edited_date": "2025-09-22", "ShowMoreInfoOnWeb": 0, "ProjectAddress": "16 Bellis Circle"}},{"type": "Point", "id": 264, "coordinates": [8874, 2927], "properties": {"MapLots": "123A-585", "CaseType": "Planning Board Special Permit", "GlobalID": "{E88FA471-096B-4399-85F9-40D749105456}", "CaseStatus": "Superseded", "ProjectName": "Bent Street Development", "CaseID": "PB-231", "Longitude": -71.07875213, "ShowOnWeb": 0, "created_date": "2025-09-22", "Latitude": 42.36698742, "last_edited_date": "2025-09-22", "ShowMoreInfoOnWeb": 0, "ProjectAddress": "65 Bent, 29 Charles, 159 1st"}},{"type": "Point", "id": 290, "coordinates": [8898, 4213], "properties": {"MapLots": "7-113", "CaseType": "Planning Board Special Permit", "GlobalID": "{1E30F5E4-CE97-4DA6-85CD-C4BDEFABEAD6}", "CaseStatus": "Built", "ProjectName": "Zn", "CaseID": "PB-247", "Longitude": -71.07853959, "ShowOnWeb": 0, "created_date": "2025-09-22", "Latitude": 42.37302909, "last_edited_date": "2025-09-22", "ShowMoreInfoOnWeb": 1, "ProjectAddress": "22 Water St"}},{"type": "Point", "id": 323, "coordinates": [1266, 8643], "properties": {"MapLots": "267.4-320", "CaseType": "Planning Board Special Permit", "GlobalID": "{1AC39EDE-4DAA-49EC-B2A5-62C4A9EB0FB9}", "CaseStatus": "Built", "ProjectName": "130 Cambridgepark Drive", "CaseID": "PB-279", "Longitude": -71.14620619, "ShowOnWeb": 0, "created_date": "2025-09-22", "Latitude": 42.39384902, "last_edited_date": "2025-09-22", "ShowMoreInfoOnWeb": 1, "ProjectAddress": "140 Cambridgepark Dr"}},{"type": "Point", "id": 345, "coordinates": [2660, 9999], "properties": {"MapLots": "186-84", "CaseType": "Planning Board Special Permit", "GlobalID": "{F393E614-2080-4D2A-956D-4C5DB759DF35}", "CaseStatus": "Withdrawn", "ProjectName": "2551 Mass. Ave. LLC", "CaseID": "PB-299", "Longitude": -71.13384701, "ShowOnWeb": 0, "created_date": "2025-09-22", "Latitude": 42.40021679, "last_edited_date": "2025-09-22", "ShowMoreInfoOnWeb": 1, "ProjectAddress": "2551 Massachusetts Ave"}},{"type": "Point", "id": 4, "coordinates": [1884, 4713], "properties": {"MapLots": "246A-57", "CaseType": "Planning Board Special Permit", "GlobalID": "{973864EF-340E-42EE-A359-36F708773B37}", "CaseStatus": "Built", "ProjectName": "457-459 Mount Auburn", "CaseID": "PB-004", "Longitude": -71.14072873, "ShowOnWeb": 0, "created_date": "2025-09-22", "Latitude": 42.37538014, "last_edited_date": "2025-09-22", "ShowMoreInfoOnWeb": 0, "ProjectAddress": "457 Mount Auburn St"}},{"type": "Point", "id": 62, "coordinates": [7848, 3546], "properties": {"MapLots": "33-105", "CaseType": "Planning Board Special Permit", "GlobalID": "{E7B9803F-F737-49DA-B687-2B7BDAB6CB1C}", "CaseStatus": "Built", "CaseID": "PB-056", "Longitude": -71.08785365, "ShowOnWeb": 0, "created_date": "2025-09-22", "Latitude": 42.36989817, "last_edited_date": "2025-09-22", "ShowMoreInfoOnWeb": 0, "ProjectAddress": "71 Fulkerson St"}},{"type": "Point", "id": 381, "coordinates": [841, 9827], "properties": {"MapLots": "267.1-275", "CaseType": "Planning Board Special Permit", "GlobalID": "{E9FBD120-9C73-4E34-A09E-79D6B088700A}", "CaseStatus": "Built", "ProjectName": "The Residences at Alewife Sta.", "CaseID": "PB-326", "Longitude": -71.14997008, "ShowOnWeb": 1, "created_date": "2025-09-22", "Latitude": 42.39941296, "last_edited_date": "2025-09-22", "ShowMoreInfoOnWeb": 1, "ProjectAddress": "203 Concord Tpke"}},{"type": "Point", "id": 408, "coordinates": [1879, 7489], "properties": {"MapLots": "273-35", "CaseType": "Planning Board Special Permit", "GlobalID": "{5F4DC29E-D6CF-4422-A9F7-956C4CF5B0D6}", "CaseStatus": "Permitted", "ProjectName": "51 New Street", "CaseID": "PB-353", "Longitude": -71.14077128, "ShowOnWeb": 1, "created_date": "2025-09-22", "Latitude": 42.38842385, "last_edited_date": "2025-09-22", "ShowMoreInfoOnWeb": 1, "ProjectAddress": "51 New St"}},{"type": "Point", "id": 430, "coordinates": [7339, 1800], "properties": {"MapLots": "52A-31", "CaseType": "Planning Board Special Permit", "GlobalID": "{F522F165-17AF-4D6D-A9FF-4D16E7C26D68}", "CaseStatus": "Built", "ProjectName": "MIT SCC", "CaseID": "PB-370", "Longitude": -71.09236354, "ShowOnWeb": 1, "created_date": "2025-09-22", "Latitude": 42.3616922, "last_edited_date": "2025-09-22", "ShowMoreInfoOnWeb": 1, "ProjectAddress": "51 Vassar St"}},{"type": "Point", "id": 459, "coordinates": [6393, 2271], "properties": {"MapLots": "91-207", "CaseType": "Planning Board Special Permit", "GlobalID": "{CB956440-62AC-46A0-9590-8B6C1813479A}", "CaseStatus": "Built", "ProjectName": "Crumbl Cookies", "CaseID": "PB-395", "Longitude": -71.10074756, "ShowOnWeb": 1, "created_date": "2025-09-22", "Latitude": 42.36390463, "last_edited_date": "2025-09-22", "ShowMoreInfoOnWeb": 1, "ProjectAddress": "425 Massachusetts Ave"}},{"type": "Point", "id": 128, "coordinates": [8988, 3964], "properties": {"MapLots": "1A-6", "CaseType": "Planning Board Special Permit", "GlobalID": "{F858CD01-46D4-4677-A428-045CD484F395}", "CaseStatus": "Expired", "ProjectName": "Glass Factory", "CaseID": "PB-123", "Longitude": -71.07774319, "ShowOnWeb": 0, "created_date": "2025-09-22", "Latitude": 42.3718601, "last_edited_date": "2025-09-22", "ShowMoreInfoOnWeb": 0, "ProjectAddress": "169 Monsignor O'Brien Hwy"}},{"type": "Point", "id": 157, "coordinates": [6372, 1411], "properties": {"MapLots": "68-75", "CaseType": "Planning Board Special Permit", "GlobalID": "{839825E7-5F08-4342-9D47-6A9F867EBA21}", "CaseStatus": "Built", "ProjectName": "University Park", "CaseID": "PB-152", "Longitude": -71.10093115, "ShowOnWeb": 0, "created_date": "2025-09-22", "Latitude": 42.35986219, "last_edited_date": "2025-09-22", "ShowMoreInfoOnWeb": 0, "ProjectAddress": "100 Landsdowne St"}},{"type": "Point", "id": 18, "coordinates": [573, 7965], "properties": {"MapLots": "267D-285", "CaseType": "Planning Board Special Permit", "GlobalID": "{86244C18-A287-4478-8B19-A753FD4D3B4A}", "CaseStatus": "Built", "CaseID": "PB-016", "Longitude": -71.15235034, "ShowOnWeb": 0, "created_date": "2025-09-22", "Latitude": 42.39066129, "last_edited_date": "2025-09-22", "ShowMoreInfoOnWeb": 0, "ProjectAddress": "725 Concord Ave"}},{"type": "Point", "id": 186, "coordinates": [9500, 3573], "properties": {"MapLots": "1A-86", "CaseType": "Planning Board Special Permit", "GlobalID": "{093535AA-BE84-4357-BE18-2C47D3B52B7C}", "CaseStatus": "Built", "ProjectName": "Smith Residential", "CaseID": "PB-175", "Longitude": -71.07319973, "ShowOnWeb": 1, "created_date": "2025-09-22", "Latitude": 42.37002198, "last_edited_date": "2025-09-22", "ShowMoreInfoOnWeb": 1, "ProjectAddress": "1 Leighton St"}},{"type": "Point", "id": 212, "coordinates": [7544, 2929], "properties": {"MapLots": "123A-559", "CaseType": "Planning Board Special Permit", "GlobalID": "{239F266E-F406-4A7D-B21C-5DA66C8B4DFD}", "CaseStatus": "Withdrawn", "CaseID": "PB-185", "Longitude": -71.09054841, "ShowOnWeb": 0, "created_date": "2025-09-22", "Latitude": 42.36699776, "last_edited_date": "2025-09-22", "ShowMoreInfoOnWeb": 0, "ProjectAddress": "One Kendall Square"}},{"type": "Point", "id": 229, "coordinates": [838, 9545], "properties": {"MapLots": "267.2-230", "CaseType": "Planning Board Special Permit", "GlobalID": "{07B3647D-B45D-46F7-B3EF-F4C3DBAA42F8}", "CaseStatus": "Built", "ProjectName": "Discovery Park", "CaseID": "PB-198", "Longitude": -71.14999591, "ShowOnWeb": 0, "created_date": "2025-09-22", "Latitude": 42.39808501, "last_edited_date": "2025-09-22", "ShowMoreInfoOnWeb": 1, "ProjectAddress": "100 Acorn Park Dr"}},{"type": "Point", "id": 243, "coordinates": [3957, 8086], "properties": {"MapLots": "181-80", "CaseType": "Planning Board Special Permit", "GlobalID": "{F247F58B-21CC-4D4D-B59B-8CA63C99A812}", "CaseStatus": "Built", "ProjectName": "Hess Gas Station", "CaseID": "PB-210", "Longitude": -71.12234798, "ShowOnWeb": 0, "created_date": "2025-09-22", "Latitude": 42.39122839, "last_edited_date": "2025-09-22", "ShowMoreInfoOnWeb": 0, "ProjectAddress": "2055 Massachusetts Ave"}},{"type": "Point", "id": 265, "coordinates": [7705, 1920], "properties": {"MapLots": "52A-22", "CaseType": "Planning Board Special Permit", "GlobalID": "{C0726BC7-A5F0-4DA3-8EAD-1BD965BD92DA}", "CaseStatus": "Built", "ProjectName": "MIT Cancer Research", "CaseID": "PB-232", "Longitude": -71.08911789, "ShowOnWeb": 0, "created_date": "2025-09-22", "Latitude": 42.36225505, "last_edited_date": "2025-09-22", "ShowMoreInfoOnWeb": 0, "ProjectAddress": "500 Main Street"}},{"type": "Point", "id": 326, "coordinates": [5500, 909], "properties": {"MapLots": "97-18", "CaseType": "Planning Board Special Permit", "GlobalID": "{EF955853-EAF8-4CCB-B89B-23AEA1A42F35}", "CaseStatus": "Built", "CaseID": "PB-282", "Longitude": -71.108664, "ShowOnWeb": 0, "created_date": "2025-09-22", "Latitude": 42.35750473, "last_edited_date": "2025-09-22", "ShowMoreInfoOnWeb": 1, "ProjectAddress": "533 Putnam Ave"}},{"type": "Point", "id": 344, "coordinates": [5329, 3237], "properties": {"MapLots": "120-40", "CaseType": "Planning Board Special Permit", "GlobalID": "{8FC8ABB1-7586-4D9D-A362-AABE7F053F96}", "CaseStatus": "Built", "ProjectName": "Usable Green Roof Installation", "CaseID": "PB-298", "Longitude": -71.11018355, "ShowOnWeb": 0, "created_date": "2025-09-22", "Latitude": 42.36844446, "last_edited_date": "2025-09-22", "ShowMoreInfoOnWeb": 1, "ProjectAddress": "950 Massachusetts Ave"}},{"type": "Point", "id": 5, "coordinates": [4099, 7480], "properties": {"MapLots": "178-52", "CaseType": "Planning Board Special Permit", "GlobalID": "{9D9B3B08-7A10-4D4F-9C33-7D055A2EAA23}", "CaseStatus": "Built", "ProjectName": "1-11 Richdale Ave", "CaseID": "PB-005", "Longitude": -71.12109039, "ShowOnWeb": 0, "created_date": "2025-09-22", "Latitude": 42.3883829, "last_edited_date": "2025-09-22", "ShowMoreInfoOnWeb": 0, "ProjectAddress": "7 Richdale Ave"}},{"type": "Point", "id": 67, "coordinates": [2912, 9704], "properties": {"MapLots": "123A-483", "CaseType": "Planning Board Special Permit", "GlobalID": "{E5158114-4C9E-48F6-AF1B-D3BFEE99DA4C}", "CaseStatus": "Expired", "CaseID": "PB-061", "Longitude": -71.13161118, "ShowOnWeb": 0, "created_date": "2025-09-22", "Latitude": 42.39883362, "last_edited_date": "2025-09-22", "ShowMoreInfoOnWeb": 0, "ProjectAddress": "2465 Massachusetts Ave"}},{"type": "Point", "id": 370, "coordinates": [7122, 4370], "properties": {"MapLots": "81-20", "CaseType": "Planning Board Special Permit", "GlobalID": "{72666308-C154-4334-A253-5E0AE3DF5269}", "CaseStatus": "Built", "ProjectName": "305 Webster Avenue", "CaseID": "PB-316", "Longitude": -71.09428581, "ShowOnWeb": 1, "created_date": "2025-09-22", "Latitude": 42.37377051, "last_edited_date": "2025-09-22", "ShowMoreInfoOnWeb": 1, "ProjectAddress": "305 Webster Ave"}},{"type": "Point", "id": 388, "coordinates": [6393, 4122], "properties": {"MapLots": "110-12", "CaseType": "Planning Board Special Permit", "GlobalID": "{0994CCC0-E893-47F7-B601-64407BDBD5A3}", "CaseStatus": "Built", "CaseID": "PB-333", "Longitude": -71.10075254, "ShowOnWeb": 1, "created_date": "2025-09-22", "Latitude": 42.37260261, "last_edited_date": "2025-09-22", "ShowMoreInfoOnWeb": 1, "ProjectAddress": "114 Inman St"}},{"type": "Point", "id": 401, "coordinates": [430, 5391], "properties": {"MapLots": "256-34", "CaseType": "Planning Board Special Permit", "GlobalID": "{E3C76D4D-803B-4DBE-834F-CACBF9EDA545}", "CaseStatus": "Built", "ProjectName": "23 May Street", "CaseID": "PB-346", "Longitude": -71.15361254, "ShowOnWeb": 1, "created_date": "2025-09-22", "Latitude": 42.37856735, "last_edited_date": "2025-09-22", "ShowMoreInfoOnWeb": 1, "ProjectAddress": "23 May St"}},{"type": "Point", "id": 489, "coordinates": [7010, 2899], "properties": {"MapLots": "76-49", "CaseType": "Affordable Housing Overlay Design Review", "GlobalID": "{B8180DE0-8F7A-4231-AA4C-C1FB2046C787}", "CaseStatus": "Reviewed", "ProjectName": "Broadway Park", "CaseID": "AHO-011", "AHOWebLink": "https://www.cambridgema.gov/CDD/Projects/Housing/240broadwaybroadwaypark", "ShowOnWeb": 1, "Longitude": -71.09527921, "created_date": "2026-04-06", "Latitude": 42.36685697, "last_edited_date": "2026-04-06", "ShowMoreInfoOnWeb": 0, "ProjectAddress": "240 Broadway"}},{"type": "Point", "id": 127, "coordinates": [6133, 2403], "properties": {"MapLots": "106-103", "CaseType": "Planning Board Special Permit", "GlobalID": "{64293D04-23F8-4C51-A26C-AE404B7AE2D8}", "CaseStatus": "Built", "CaseID": "PB-122", "Longitude": -71.10305715, "ShowOnWeb": 0, "created_date": "2025-09-22", "Latitude": 42.36452625, "last_edited_date": "2025-09-22", "ShowMoreInfoOnWeb": 0, "ProjectAddress": "580 Massachusetts Ave"}},{"type": "Point", "id": 158, "coordinates": [6211, 1602], "properties": {"MapLots": "68-75", "CaseType": "Planning Board Special Permit", "GlobalID": "{01B3455D-2AF0-417B-B443-68483F1BC26F}", "CaseStatus": "Built", "ProjectName": "University Park", "CaseID": "PB-152", "Longitude": -71.10236118, "ShowOnWeb": 0, "created_date": "2025-09-22", "Latitude": 42.3607604, "last_edited_date": "2025-09-22", "ShowMoreInfoOnWeb": 0, "ProjectAddress": "91 Sidney St"}},{"type": "Point", "id": 17, "coordinates": [3486, 7798], "properties": {"MapLots": "199-147", "CaseType": "Planning Board Special Permit", "GlobalID": "{7328BDEA-3F55-42D4-99B2-2CBB170AD58F}", "CaseStatus": "Built", "ProjectName": "41-47 Cogswell Ave", "CaseID": "PB-015", "Longitude": -71.12652612, "ShowOnWeb": 0, "created_date": "2025-09-22", "Latitude": 42.38987542, "last_edited_date": "2025-09-22", "ShowMoreInfoOnWeb": 0, "ProjectAddress": "45 Cogswell Ave"}},{"type": "Point", "id": 185, "coordinates": [7912, 2919], "properties": {"MapLots": "31-13", "CaseType": "Planning Board Special Permit", "GlobalID": "{26F6024A-C4E9-48A1-8536-6D375AEFC52C}", "CaseStatus": "Built", "ProjectName": "320Bent/301 Binney", "CaseID": "PB-174", "Longitude": -71.08728463, "ShowOnWeb": 0, "created_date": "2025-09-22", "Latitude": 42.36695119, "last_edited_date": "2025-09-22", "ShowMoreInfoOnWeb": 0, "ProjectAddress": "320 Bent St"}},{"type": "Point", "id": 211, "coordinates": [8814, 2357], "properties": {"MapLots": "123A-558", "CaseType": "Planning Board Special Permit", "GlobalID": "{A033A27C-2D9F-4BB8-921F-C54E31ED5883}", "CaseStatus": "No decision", "ProjectName": "Atheneaum Parking Lot", "CaseID": "PB-184", "Longitude": -71.07928754, "ShowOnWeb": 0, "created_date": "2025-09-22", "Latitude": 42.36430939, "last_edited_date": "2025-09-22", "ShowMoreInfoOnWeb": 0, "ProjectAddress": "195 First St"}},{"type": "Point", "id": 230, "coordinates": [985, 9563], "properties": {"MapLots": "267.2-230", "CaseType": "Planning Board Special Permit", "GlobalID": "{AFC90E3D-807E-4A78-8848-12C25754583B}", "CaseStatus": "Built", "ProjectName": "Discovery Park", "CaseID": "PB-198", "Longitude": -71.14869765, "ShowOnWeb": 0, "created_date": "2025-09-22", "Latitude": 42.3981718, "last_edited_date": "2025-09-22", "ShowMoreInfoOnWeb": 1, "ProjectAddress": "60 Acorn Park Dr"}},{"type": "Point", "id": 244, "coordinates": [5625, 1565], "properties": {"MapLots": "103-113", "CaseType": "Planning Board Special Permit", "GlobalID": "{84D0E1D0-91D9-4498-8BE9-C9C017FA1CF4}", "CaseStatus": "Built", "ProjectName": "Blessed Sacrament", "CaseID": "PB-211", "Longitude": -71.10755968, "ShowOnWeb": 0, "created_date": "2025-09-22", "Latitude": 42.36058723, "last_edited_date": "2025-09-22", "ShowMoreInfoOnWeb": 0, "ProjectAddress": "173 Pearl St"}},{"type": "Point", "id": 266, "coordinates": [5029, 1924], "properties": {"MapLots": "127-132", "CaseType": "Planning Board Special Permit", "GlobalID": "{E988488D-E49A-4264-9C80-5E89DB649B94}", "CaseStatus": "Built", "ProjectName": "Townhouse", "CaseID": "PB-233", "Longitude": -71.1128381, "ShowOnWeb": 0, "created_date": "2025-09-22", "Latitude": 42.36227499, "last_edited_date": "2025-09-22", "ShowMoreInfoOnWeb": 0, "ProjectAddress": "280-290 River St"}},{"type": "Point", "id": 325, "coordinates": [4814, 3978], "properties": {"MapLots": "134-1", "CaseType": "Planning Board Special Permit", "GlobalID": "{BE39303F-90E2-434F-B506-B37C0579583D}", "CaseStatus": "Built", "CaseID": "PB-281", "Longitude": -71.11474954, "ShowOnWeb": 0, "created_date": "2025-09-22", "Latitude": 42.3719254, "last_edited_date": "2025-09-22", "ShowMoreInfoOnWeb": 0, "ProjectAddress": "1201 Massachusetts Ave"}},{"type": "Point", "id": 343, "coordinates": [8959, 2916], "properties": {"MapLots": "10-37", "CaseType": "Planning Board Special Permit", "GlobalID": "{491370D2-5AE7-40C0-9E0D-CC8227886277}", "CaseStatus": "Withdrawn", "ProjectName": "First Street PUD", "CaseID": "PB-297", "Longitude": -71.07800319, "ShowOnWeb": 0, "created_date": "2025-09-22", "Latitude": 42.36693425, "last_edited_date": "2025-09-22", "ShowMoreInfoOnWeb": 1, "ProjectAddress": "139 First St"}},{"type": "Point", "id": 6, "coordinates": [3902, 8136], "properties": {"MapLots": "123A-439", "CaseType": "Planning Board Special Permit", "GlobalID": "{0838655A-1D18-49C4-AD49-A98CCA776D6F}", "CaseStatus": "Built", "ProjectName": "Henderson Carriage", "CaseID": "PB-006", "Longitude": -71.12283018, "ShowOnWeb": 0, "created_date": "2025-09-22", "Latitude": 42.39146623, "last_edited_date": "2025-09-22", "ShowMoreInfoOnWeb": 0, "ProjectAddress": "2067  Massachusetts Ave"}},{"type": "Point", "id": 68, "coordinates": [5618, 482], "properties": {"MapLots": "65-45", "CaseType": "Planning Board Special Permit", "GlobalID": "{865F9215-8AD7-400D-845E-3DBDDE914830}", "CaseStatus": "Built", "CaseID": "PB-062", "Longitude": -71.10762182, "ShowOnWeb": 0, "created_date": "2025-09-22", "Latitude": 42.35549596, "last_edited_date": "2025-09-22", "ShowMoreInfoOnWeb": 0, "ProjectAddress": "300 Sidney St"}},{"type": "Point", "id": 369, "coordinates": [7819, 2422], "properties": {"MapLots": "43-71", "CaseType": "Planning Board Special Permit", "GlobalID": "{8C9997FD-906C-42D9-8FE2-984D50CE2A53}", "CaseStatus": "Under construction", "ProjectName": "MXD Infill", "CaseID": "PB-315", "Longitude": -71.08810426, "ShowOnWeb": 1, "created_date": "2025-09-22", "Latitude": 42.3646155, "last_edited_date": "2025-09-22", "ShowMoreInfoOnWeb": 1, "ProjectAddress": "135 Broadway"}},{"type": "Point", "id": 387, "coordinates": [6714, 1205], "properties": {"MapLots": "55-25", "CaseType": "Planning Board Special Permit", "GlobalID": "{A6C00C04-98A2-4D7F-861B-89769C775F98}", "CaseStatus": "Built", "ProjectName": "Vassar Street Residence Hall", "CaseID": "PB-332", "Longitude": -71.09790414, "ShowOnWeb": 1, "created_date": "2025-09-22", "Latitude": 42.35889705, "last_edited_date": "2025-09-22", "ShowMoreInfoOnWeb": 1, "ProjectAddress": "121-169 Vassar St"}},{"type": "Point", "id": 402, "coordinates": [717, 5181], "properties": {"MapLots": "254-24", "CaseType": "Planning Board Special Permit", "GlobalID": "{AF78ED3A-75B8-4760-9D04-4EA59C2FEC56}", "CaseStatus": "Built", "CaseID": "PB-347", "Longitude": -71.1510749, "ShowOnWeb": 1, "created_date": "2025-09-22", "Latitude": 42.37757974, "last_edited_date": "2025-09-22", "ShowMoreInfoOnWeb": 1, "ProjectAddress": "112 Holworthy St"}},{"type": "Point", "id": 490, "coordinates": [7924, 2701], "properties": {"MapLots": "43-71", "CaseType": "Planning Board Special Permit", "GlobalID": "{5150CD29-4F6C-407D-BAFF-AD9081F52534}", "CaseStatus": "Built", "ProjectName": "MXD Infill", "CaseID": "PB-315", "Longitude": -71.08717706, "ShowOnWeb": 1, "created_date": "2025-09-22", "Latitude": 42.36592705, "last_edited_date": "2026-06-24", "ShowMoreInfoOnWeb": 1, "ProjectAddress": "290 Binney St"}},{"type": "Point", "id": 126, "coordinates": [4057, 8039], "properties": {"MapLots": "181-61", "CaseType": "Planning Board Special Permit", "GlobalID": "{1B33456E-9608-4273-B2A0-AD792452EECE}", "CaseStatus": "Built", "CaseID": "PB-121", "Longitude": -71.12145798, "ShowOnWeb": 0, "created_date": "2025-09-22", "Latitude": 42.39100839, "last_edited_date": "2025-09-22", "ShowMoreInfoOnWeb": 0, "ProjectAddress": "2013 Massachusetts Ave"}},{"type": "Point", "id": 155, "coordinates": [7619, 2818], "properties": {"MapLots": "41-28", "CaseType": "Planning Board Special Permit", "GlobalID": "{C19FD310-D5EF-46D3-B47A-6E1B8AF04648}", "CaseStatus": "Built", "ProjectName": "Amgen", "CaseID": "PB-150", "Longitude": -71.08988387, "ShowOnWeb": 1, "created_date": "2025-09-22", "Latitude": 42.36647606, "last_edited_date": "2026-04-01", "ShowMoreInfoOnWeb": 1, "ProjectAddress": "One Kendall Sq"}},{"type": "Point", "id": 16, "coordinates": [5669, 726], "properties": {"MapLots": "96-131", "CaseType": "Planning Board Special Permit", "GlobalID": "{38F65000-D61D-4768-94C5-E76E8A33E87E}", "CaseStatus": "Built", "ProjectName": "585-589 Putnam Ave", "CaseID": "PB-014", "Longitude": -71.10716435, "ShowOnWeb": 0, "created_date": "2025-09-22", "Latitude": 42.35664294, "last_edited_date": "2025-09-22", "ShowMoreInfoOnWeb": 0, "ProjectAddress": "587 Putnam Ave"}},{"type": "Point", "id": 170, "coordinates": [4745, 5130], "properties": {"MapLots": "144-1", "CaseType": "Planning Board Special Permit", "GlobalID": "{B34E032E-0428-491B-AB8B-6F0F302694B2}", "CaseStatus": "Built", "ProjectName": "Harvard North Yard", "CaseID": "PB-160", "Longitude": -71.11535793, "ShowOnWeb": 0, "created_date": "2025-09-22", "Latitude": 42.37734041, "last_edited_date": "2025-09-22", "ShowMoreInfoOnWeb": 0, "ProjectAddress": "12 Oxford St"}},{"type": "Point", "id": 188, "coordinates": [9304, 3724], "properties": {"MapLots": "1A-86", "CaseType": "Planning Board Special Permit", "GlobalID": "{122B9D11-B458-40D6-B7AF-BDB060617322}", "CaseStatus": "Built", "ProjectName": "Smith Residential", "CaseID": "PB-175", "Longitude": -71.07494499, "ShowOnWeb": 1, "created_date": "2025-09-22", "Latitude": 42.37073361, "last_edited_date": "2025-09-22", "ShowMoreInfoOnWeb": 1, "ProjectAddress": "3 Glassworks Ave"}},{"type": "Point", "id": 199, "coordinates": [9134, 3997], "properties": {"MapLots": "1A-30", "CaseType": "Planning Board Special Permit", "GlobalID": "{19677C05-8489-4157-BBB5-169E74AFB151}", "CaseStatus": "Under construction", "ProjectName": "Cambridge Crossing", "CaseID": "PB-179", "Longitude": -71.07645148, "ShowOnWeb": 1, "created_date": "2025-09-22", "Latitude": 42.37201604, "last_edited_date": "2025-09-22", "ShowMoreInfoOnWeb": 1, "ProjectAddress": "181 Morgan Ave"}},{"type": "Point", "id": 214, "coordinates": [5867, 1607], "properties": {"MapLots": "94-38", "CaseType": "Planning Board Special Permit", "GlobalID": "{54AF785C-C9EC-496D-9773-EEBD65DBE7AD}", "CaseStatus": "Built", "CaseID": "PB-187", "Longitude": -71.10541531, "ShowOnWeb": 0, "created_date": "2025-09-22", "Latitude": 42.36078238, "last_edited_date": "2025-09-22", "ShowMoreInfoOnWeb": 0, "ProjectAddress": "10 Decatur St"}},{"type": "Point", "id": 241, "coordinates": [2730, 9428], "properties": {"MapLots": "190-244", "CaseType": "Planning Board Special Permit", "GlobalID": "{DB82ACD5-9F0D-4AA0-8DBE-143019DB8F67}", "CaseStatus": "Built", "ProjectName": "95 Harvey Street", "CaseID": "PB-208", "Longitude": -71.1332264, "ShowOnWeb": 0, "created_date": "2025-09-22", "Latitude": 42.39753749, "last_edited_date": "2025-09-22", "ShowMoreInfoOnWeb": 0, "ProjectAddress": "95 Harvey Street"}},{"type": "Point", "id": 267, "coordinates": [1880, 6982], "properties": {"MapLots": "260-46", "CaseType": "Planning Board Special Permit", "GlobalID": "{A413C96E-AF89-4F36-BB6C-2C9C296CBC54}", "CaseStatus": "Built", "ProjectName": "Fresh Pond Retail", "CaseID": "PB-234", "Longitude": -71.14075982, "ShowOnWeb": 0, "created_date": "2025-09-22", "Latitude": 42.38604077, "last_edited_date": "2025-09-22", "ShowMoreInfoOnWeb": 0, "ProjectAddress": "345-355 Fresh Pond Pkwy"}},{"type": "Point", "id": 60, "coordinates": [2602, 7946], "properties": {"MapLots": "271-55", "CaseType": "Planning Board Special Permit", "GlobalID": "{7FD17176-287B-4F1E-92EA-0EBF1972B81B}", "CaseStatus": "Built", "CaseID": "PB-054", "Longitude": -71.13436111, "ShowOnWeb": 0, "created_date": "2025-09-22", "Latitude": 42.39057332, "last_edited_date": "2025-09-22", "ShowMoreInfoOnWeb": 0, "ProjectAddress": "39 Bellis Circle"}},{"type": "Point", "id": 65, "coordinates": [3012, 9564], "properties": {"MapLots": "123A-481", "CaseType": "Planning Board Special Permit", "GlobalID": "{CD27F4F0-3F91-4F84-BCD9-7FBB6A4A9D64}", "CaseStatus": "Denied", "CaseID": "PB-059", "Longitude": -71.13072814, "ShowOnWeb": 0, "created_date": "2025-09-22", "Latitude": 42.39817558, "last_edited_date": "2025-09-22", "ShowMoreInfoOnWeb": 0, "ProjectAddress": "2441 Massachusetts Ave"}},{"type": "Point", "id": 7, "coordinates": [5435, 5073], "properties": {"MapLots": "123A-440", "CaseType": "Planning Board Special Permit", "GlobalID": "{81330FA9-82B2-49B4-8AD4-3367CE67A1F1}", "CaseStatus": "Denied", "ProjectName": "Cambridge Housing Authority", "CaseID": "PB-007", "Longitude": -71.10924172, "ShowOnWeb": 0, "created_date": "2025-09-22", "Latitude": 42.37706955, "last_edited_date": "2025-09-22", "ShowMoreInfoOnWeb": 0, "ProjectAddress": "118 Trowbridge St"}},{"type": "Point", "id": 328, "coordinates": [3971, 7526], "properties": {"MapLots": "178-122", "CaseType": "Planning Board Special Permit", "GlobalID": "{1A46C4D9-4FF2-46F0-87ED-12473AF56F42}", "CaseStatus": "Built", "CaseID": "PB-284", "Longitude": -71.1222221, "ShowOnWeb": 0, "created_date": "2025-09-22", "Latitude": 42.38859783, "last_edited_date": "2025-09-22", "ShowMoreInfoOnWeb": 1, "ProjectAddress": "33 Richdale Ave"}},{"type": "Point", "id": 339, "coordinates": [7121, 4349], "properties": {"MapLots": "81-20", "CaseType": "Planning Board Special Permit", "GlobalID": "{F195E6DA-8867-4903-BC67-6FCDFB73D2B9}", "CaseStatus": "Expired", "CaseID": "PB-295", "Longitude": -71.09429516, "ShowOnWeb": 0, "created_date": "2025-09-22", "Latitude": 42.37366795, "last_edited_date": "2025-09-22", "ShowMoreInfoOnWeb": 0, "ProjectAddress": "305 Webster Ave"}},{"type": "Point", "id": 342, "coordinates": [8948, 3079], "properties": {"MapLots": "10-37", "CaseType": "Planning Board Special Permit", "GlobalID": "{D09BCEE7-AAF1-44B4-ACF4-3B9E7CF61B66}", "CaseStatus": "Withdrawn", "ProjectName": "First Street PUD", "CaseID": "PB-297", "Longitude": -71.07809268, "ShowOnWeb": 0, "created_date": "2025-09-22", "Latitude": 42.36769987, "last_edited_date": "2025-09-22", "ShowMoreInfoOnWeb": 1, "ProjectAddress": "105 First St"}},{"type": "Point", "id": 386, "coordinates": [6402, 4392], "properties": {"MapLots": "83-7", "CaseType": "Planning Board Special Permit", "GlobalID": "{0D529A6C-E777-4C69-B633-3F5101A23234}", "CaseStatus": "Built", "ProjectName": "Commonwealth Alternative Care", "CaseID": "PB-331", "Longitude": -71.1006706, "ShowOnWeb": 1, "created_date": "2025-09-22", "Latitude": 42.37387303, "last_edited_date": "2025-09-22", "ShowMoreInfoOnWeb": 1, "ProjectAddress": "1385 Cambridge St"}},{"type": "Point", "id": 403, "coordinates": [6155, 2426], "properties": {"MapLots": "106-103", "CaseType": "Planning Board Special Permit", "GlobalID": "{0DC4CE30-9231-40CD-8B74-76E48901937B}", "CaseStatus": "Built", "CaseID": "PB-348", "Longitude": -71.10285712, "ShowOnWeb": 1, "created_date": "2025-09-22", "Latitude": 42.36463464, "last_edited_date": "2025-09-22", "ShowMoreInfoOnWeb": 1, "ProjectAddress": "580 Massachusetts Ave"}},{"type": "Point", "id": 125, "coordinates": [4099, 4126], "properties": {"MapLots": "162-74", "CaseType": "Planning Board Special Permit", "GlobalID": "{FE9B5036-2CE5-4197-8934-5277874E4006}", "CaseStatus": "Built", "ProjectName": "Winthrop Square", "CaseID": "PB-120", "Longitude": -71.1210833, "ShowOnWeb": 0, "created_date": "2025-09-22", "Latitude": 42.37262048, "last_edited_date": "2025-09-22", "ShowMoreInfoOnWeb": 0, "ProjectAddress": "100 Mount Auburn St"}},{"type": "Point", "id": 15, "coordinates": [9203, 2671], "properties": {"MapLots": "11-40", "CaseType": "Planning Board Special Permit", "GlobalID": "{1A4089CE-9410-4B93-881B-9DAE47CAEA15}", "CaseStatus": "Built", "ProjectName": "43-57 Cambridge Parkway", "CaseID": "PB-013", "Longitude": -71.07583415, "ShowOnWeb": 0, "created_date": "2025-09-22", "Latitude": 42.36578453, "last_edited_date": "2025-09-22", "ShowMoreInfoOnWeb": 0, "ProjectAddress": "49 Cambridge Parkway"}},{"type": "Point", "id": 156, "coordinates": [8522, 2564], "properties": {"MapLots": "123A-632", "CaseType": "Planning Board Special Permit", "GlobalID": "{3404D89C-1213-4767-8E81-4624E339BB20}", "CaseStatus": "Denied", "ProjectName": "Beal", "CaseID": "PB-151", "Longitude": -71.08187302, "ShowOnWeb": 0, "created_date": "2025-09-22", "Latitude": 42.36528056, "last_edited_date": "2025-09-22", "ShowMoreInfoOnWeb": 0, "ProjectAddress": "286 Third St"}},{"type": "Point", "id": 169, "coordinates": [1862, 6809], "properties": {"MapLots": "123A-651", "CaseType": "Planning Board Special Permit", "GlobalID": "{A182B6AB-FF1E-4152-944B-A2F4029BC5B3}", "CaseStatus": "Built", "ProjectName": "Fresh Pond Mobil", "CaseID": "PB-159", "Longitude": -71.14091566, "ShowOnWeb": 0, "created_date": "2025-09-22", "Latitude": 42.38522732, "last_edited_date": "2025-09-22", "ShowMoreInfoOnWeb": 0, "ProjectAddress": "325 Fresh Pond Parkway"}},{"type": "Point", "id": 187, "coordinates": [9545, 3633], "properties": {"MapLots": "1A-86", "CaseType": "Planning Board Special Permit", "GlobalID": "{AE4CE11D-5D0D-4F63-97E9-B5F0D9BE26B0}", "CaseStatus": "Built", "ProjectName": "Smith Residential", "CaseID": "PB-175", "Longitude": -71.07280528, "ShowOnWeb": 1, "created_date": "2025-09-22", "Latitude": 42.37030441, "last_edited_date": "2025-09-22", "ShowMoreInfoOnWeb": 1, "ProjectAddress": "10 Glassworks Ave"}},{"type": "Point", "id": 200, "coordinates": [9580, 4123], "properties": {"MapLots": "1A-30", "CaseType": "Planning Board Special Permit", "GlobalID": "{F2A1D886-67D2-4F50-9EAD-B386383F1524}", "CaseStatus": "Built", "ProjectName": "Cambridge Crossing", "CaseID": "PB-179", "Longitude": -71.07249226, "ShowOnWeb": 1, "created_date": "2025-09-22", "Latitude": 42.37260694, "last_edited_date": "2025-09-22", "ShowMoreInfoOnWeb": 1, "ProjectAddress": "350 Water Street"}},{"type": "Point", "id": 213, "coordinates": [2313, 8267], "properties": {"MapLots": "268A-40", "CaseType": "Planning Board Special Permit", "GlobalID": "{A3FB5212-CC05-4D57-9221-FF76475EF3CF}", "CaseStatus": "Built", "ProjectName": "Brickworks", "CaseID": "PB-186", "Longitude": -71.13691827, "ShowOnWeb": 0, "created_date": "2025-09-22", "Latitude": 42.39208072, "last_edited_date": "2025-09-22", "ShowMoreInfoOnWeb": 0, "ProjectAddress": "310 Rindge Ave"}},{"type": "Point", "id": 242, "coordinates": [2549, 4525], "properties": {"MapLots": "241-14", "CaseType": "Planning Board Special Permit", "GlobalID": "{FF3AEC3D-70C6-4E51-A369-C7728D87FB70}", "CaseStatus": "Built", "ProjectName": "Mt Auburn Hospital", "CaseID": "PB-209", "Longitude": -71.1348263, "ShowOnWeb": 0, "created_date": "2025-09-22", "Latitude": 42.37449851, "last_edited_date": "2025-09-22", "ShowMoreInfoOnWeb": 0, "ProjectAddress": "330 Mount Auburn St"}},{"type": "Point", "id": 268, "coordinates": [3937, 4180], "properties": {"MapLots": "165-57", "CaseType": "Planning Board Special Permit", "GlobalID": "{91691610-F214-43B8-A51F-56AD0E4286B4}", "CaseStatus": "Built", "ProjectName": "Conductor's Building", "CaseID": "PB-235", "Longitude": -71.12252636, "ShowOnWeb": 0, "created_date": "2025-09-22", "Latitude": 42.37287565, "last_edited_date": "2025-09-22", "ShowMoreInfoOnWeb": 1, "ProjectAddress": "114 Mount Auburn St"}},{"type": "Point", "id": 59, "coordinates": [9055, 2386], "properties": {"MapLots": "12-17", "CaseType": "Planning Board Special Permit", "GlobalID": "{59CA05E1-574A-49A7-A431-956C4D7F4DA7}", "CaseStatus": "Built", "ProjectName": "Esplande Housing", "CaseID": "PB-053", "Longitude": -71.0771473, "ShowOnWeb": 0, "created_date": "2025-09-22", "Latitude": 42.36444575, "last_edited_date": "2025-09-22", "ShowMoreInfoOnWeb": 0, "ProjectAddress": "79 Cambridge Parkway"}},{"type": "Point", "id": 66, "coordinates": [2923, 9515], "properties": {"MapLots": "123A-482", "CaseType": "Planning Board Special Permit", "GlobalID": "{941A0FEF-CA29-4196-9508-54F54EA5C47C}", "CaseStatus": "Expired", "CaseID": "PB-060", "Longitude": -71.13150931, "ShowOnWeb": 0, "created_date": "2025-09-22", "Latitude": 42.39794567, "last_edited_date": "2025-09-22", "ShowMoreInfoOnWeb": 0, "ProjectAddress": "2440 Massachusetts Ave"}},{"type": "Point", "id": 8, "coordinates": [6893, 3394], "properties": {"MapLots": "77-19", "CaseType": "Planning Board Special Permit", "GlobalID": "{8800C50F-2262-4406-9B54-CF847596CCB0}", "CaseStatus": "Built", "ProjectName": "Artist Space", "CaseID": "PB-008", "Longitude": -71.09631835, "ShowOnWeb": 0, "created_date": "2025-09-22", "Latitude": 42.36918125, "last_edited_date": "2025-09-22", "ShowMoreInfoOnWeb": 0, "ProjectAddress": "238 Columbia St"}},{"type": "Point", "id": 327, "coordinates": [6612, 1889], "properties": {"MapLots": "69-102", "CaseType": "Planning Board Special Permit", "GlobalID": "{1F9D5756-EC12-409F-B9CD-DE45F630111A}", "CaseStatus": "Built", "ProjectName": "Forest City", "CaseID": "PB-283", "Longitude": -71.09880457, "ShowOnWeb": 0, "created_date": "2025-09-22", "Latitude": 42.36210951, "last_edited_date": "2025-09-22", "ShowMoreInfoOnWeb": 1, "ProjectAddress": "300 Massachusetts Ave"}},{"type": "Point", "id": 340, "coordinates": [4129, 4013], "properties": {"MapLots": "162-54", "CaseType": "Planning Board Special Permit", "GlobalID": "{77FCEA47-B97C-4F2D-9FEA-66E4859F5CB0}", "CaseStatus": "Expired", "ProjectName": "Crimson Galleria", "CaseID": "PB-296", "Longitude": -71.12081769, "ShowOnWeb": 0, "created_date": "2025-09-22", "Latitude": 42.37208936, "last_edited_date": "2026-04-01", "ShowMoreInfoOnWeb": 1, "ProjectAddress": "57 JFK St"}},{"type": "Point", "id": 341, "coordinates": [8992, 3176], "properties": {"MapLots": "10-37", "CaseType": "Planning Board Special Permit", "GlobalID": "{FE40716D-8B7F-4A40-8306-0A8BF814E850}", "CaseStatus": "Withdrawn", "ProjectName": "First Street PUD", "CaseID": "PB-297", "Longitude": -71.07770262, "ShowOnWeb": 0, "created_date": "2025-09-22", "Latitude": 42.36815761, "last_edited_date": "2025-09-22", "ShowMoreInfoOnWeb": 1, "ProjectAddress": "85 First St"}},{"type": "Point", "id": 385, "coordinates": [1455, 8046], "properties": {"MapLots": "267F-286", "CaseType": "Planning Board Special Permit", "GlobalID": "{DAC29511-4505-46FC-857D-2A47C4A67889}", "CaseStatus": "Built", "ProjectName": "55 Wheeler St", "CaseID": "PB-330", "Longitude": -71.1445254, "ShowOnWeb": 1, "created_date": "2025-09-22", "Latitude": 42.3910413, "last_edited_date": "2025-09-22", "ShowMoreInfoOnWeb": 1, "ProjectAddress": "55 Wheeler St"}},{"type": "Point", "id": 404, "coordinates": [6152, 2525], "properties": {"MapLots": "90-70", "CaseType": "Planning Board Special Permit", "GlobalID": "{630458A6-0CDB-411C-AB75-1CA84C65F02C}", "CaseStatus": "Built", "ProjectName": "Santander Bank", "CaseID": "PB-349", "Longitude": -71.10288957, "ShowOnWeb": 1, "created_date": "2025-09-22", "Latitude": 42.36509907, "last_edited_date": "2025-09-22", "ShowMoreInfoOnWeb": 1, "ProjectAddress": "599 Massachusetts Ave"}},{"type": "Point", "id": 102, "coordinates": [9204, 3768], "properties": {"MapLots": "123A-503", "CaseType": "Planning Board Special Permit", "GlobalID": "{DF38379F-2C0E-4BD3-B3F0-906438DF9B24}", "CaseStatus": "Withdrawn", "CaseID": "PB-097", "Longitude": -71.07582565, "ShowOnWeb": 0, "created_date": "2025-09-22", "Latitude": 42.37094099, "last_edited_date": "2025-09-22", "ShowMoreInfoOnWeb": 0, "ProjectAddress": "1 East St"}},{"type": "Point", "id": 168, "coordinates": [7544, 1779], "properties": {"MapLots": "52A-21", "CaseType": "Planning Board Special Permit", "GlobalID": "{0441DE49-E6CC-4173-A6FC-991D2B0BC1CB}", "CaseStatus": "Built", "ProjectName": "Stata Center", "CaseID": "PB-158", "Longitude": -71.09054261, "ShowOnWeb": 0, "created_date": "2025-09-22", "Latitude": 42.3615909, "last_edited_date": "2025-09-22", "ShowMoreInfoOnWeb": 0, "ProjectAddress": "10 Vassar St"}},{"type": "Point", "id": 190, "coordinates": [2282, 8591], "properties": {"MapLots": "268B-16", "CaseType": "Planning Board Special Permit", "GlobalID": "{E6C43D86-23CC-442A-9FF6-B96706E2866E}", "CaseStatus": "Built", "CaseID": "PB-176", "Longitude": -71.13719693, "ShowOnWeb": 0, "created_date": "2025-09-22", "Latitude": 42.39360088, "last_edited_date": "2025-09-22", "ShowMoreInfoOnWeb": 0, "ProjectAddress": "326 Rindge Ave"}},{"type": "Point", "id": 197, "coordinates": [9253, 4009], "properties": {"MapLots": "1A-30", "CaseType": "Planning Board Special Permit", "GlobalID": "{18979B1E-AEB3-42D6-8D19-2FA61CAFC116}", "CaseStatus": "Under construction", "ProjectName": "Cambridge Crossing", "CaseID": "PB-179", "Longitude": -71.075391, "ShowOnWeb": 1, "created_date": "2025-09-22", "Latitude": 42.37207287, "last_edited_date": "2025-09-22", "ShowMoreInfoOnWeb": 1, "ProjectAddress": "100 North First Street"}},{"type": "Point", "id": 225, "coordinates": [1130, 9697], "properties": {"MapLots": "267.2-230", "CaseType": "Planning Board Special Permit", "GlobalID": "{AE93247A-BA6A-48A8-8505-1477D42981F8}", "CaseStatus": "Built", "ProjectName": "Discovery Park", "CaseID": "PB-198", "Longitude": -71.14740913, "ShowOnWeb": 0, "created_date": "2025-09-22", "Latitude": 42.39879786, "last_edited_date": "2025-09-22", "ShowMoreInfoOnWeb": 1, "ProjectAddress": "10 Acorn Park"}},{"type": "Point", "id": 269, "coordinates": [1132, 8813], "properties": {"MapLots": "123A-676", "CaseType": "Planning Board Special Permit", "GlobalID": "{42D93133-23EC-4436-B1FF-FE8B5673755A}", "CaseStatus": "Expired", "ProjectName": "Cambridgepark Drive/Archon", "CaseID": "PB-236", "Longitude": -71.14739327, "ShowOnWeb": 0, "created_date": "2025-09-22", "Latitude": 42.39464523, "last_edited_date": "2025-09-22", "ShowMoreInfoOnWeb": 0, "ProjectAddress": "160-180 Cambridgepark Dr"}},{"type": "Point", "id": 283, "coordinates": [8826, 2477], "properties": {"MapLots": "16-30", "CaseType": "Planning Board Special Permit", "GlobalID": "{2ACAD380-D339-48DA-B1F7-F202A6A7B584}", "CaseStatus": "Built", "ProjectName": "Alexandria", "CaseID": "PB-243", "Longitude": -71.07918102, "ShowOnWeb": 1, "created_date": "2025-09-22", "Latitude": 42.36487456, "last_edited_date": "2025-09-22", "ShowMoreInfoOnWeb": 1, "ProjectAddress": "50 Binney St"}},{"type": "Point", "id": 311, "coordinates": [2338, 8955], "properties": {"MapLots": "269-18", "CaseType": "Planning Board Special Permit", "GlobalID": "{FC15B500-10A4-423B-B5CE-F13C1AF36B8E}", "CaseStatus": "Built", "CaseID": "PB-268", "Longitude": -71.13670232, "ShowOnWeb": 0, "created_date": "2025-09-22", "Latitude": 42.39531527, "last_edited_date": "2025-09-22", "ShowMoreInfoOnWeb": 0, "ProjectAddress": "60 Clifton St"}},{"type": "Point", "id": 32, "coordinates": [1318, 8934], "properties": {"MapLots": "267.4-291", "CaseType": "Planning Board Special Permit", "GlobalID": "{4A66F99D-F82B-4BAE-883D-CC7CFF6D5183}", "CaseStatus": "Built", "CaseID": "PB-026", "Longitude": -71.14574587, "ShowOnWeb": 0, "created_date": "2025-09-22", "Latitude": 42.39521679, "last_edited_date": "2025-09-22", "ShowMoreInfoOnWeb": 1, "ProjectAddress": "125 Cambridgepark Dr"}},{"type": "Point", "id": 58, "coordinates": [9332, 2926], "properties": {"MapLots": "123A-476", "CaseType": "Planning Board Special Permit", "GlobalID": "{6B7EA9F7-0121-4D40-B445-F9FFB62E1024}", "CaseStatus": "Built", "ProjectName": "Sonesta Hotel", "CaseID": "PB-052", "Longitude": -71.07469513, "ShowOnWeb": 0, "created_date": "2025-09-22", "Latitude": 42.3669843, "last_edited_date": "2025-09-22", "ShowMoreInfoOnWeb": 0, "ProjectAddress": "5 Cambridge Parkway"}},{"type": "Point", "id": 81, "coordinates": [1852, 8632], "properties": {"MapLots": "123A-639", "CaseType": "Planning Board Special Permit", "GlobalID": "{6D3F85E2-225A-4EAB-8EB4-273433156878}", "CaseStatus": "Expired", "CaseID": "PB-076", "Longitude": -71.14100939, "ShowOnWeb": 0, "created_date": "2025-09-22", "Latitude": 42.39379569, "last_edited_date": "2025-09-22", "ShowMoreInfoOnWeb": 0, "ProjectAddress": "149 Alewife Brook Parkway"}},{"type": "Point", "id": 9, "coordinates": [7382, 3019], "properties": {"MapLots": "40-212", "CaseType": "Planning Board Special Permit", "GlobalID": "{99704F28-EF74-43F3-9BE1-7291CD9278AC}", "CaseStatus": "Built", "ProjectName": "Lilac Court", "CaseID": "PB-009", "Longitude": -71.09198058, "ShowOnWeb": 0, "created_date": "2025-09-22", "Latitude": 42.3674217, "last_edited_date": "2025-09-22", "ShowMoreInfoOnWeb": 0, "ProjectAddress": "25 Webster St"}},{"type": "Point", "id": 330, "coordinates": [1929, 7604], "properties": {"MapLots": "264-104", "CaseType": "Planning Board Special Permit", "GlobalID": "{3255282A-B060-4BF3-9185-64711A58DD84}", "CaseStatus": "Built", "CaseID": "PB-286", "Longitude": -71.14032323, "ShowOnWeb": 1, "created_date": "2025-09-22", "Latitude": 42.38896677, "last_edited_date": "2025-09-22", "ShowMoreInfoOnWeb": 1, "ProjectAddress": "75 New St"}},{"type": "Point", "id": 337, "coordinates": [4028, 3923], "properties": {"MapLots": "164-5", "CaseType": "Planning Board Special Permit", "GlobalID": "{B57C91A2-EB81-4D18-91CD-BD3B25F1CF0D}", "CaseStatus": "Built", "ProjectName": "Kennedy School of Government", "CaseID": "PB-293", "Longitude": -71.12171367, "ShowOnWeb": 0, "created_date": "2025-09-22", "Latitude": 42.37166742, "last_edited_date": "2025-09-22", "ShowMoreInfoOnWeb": 1, "ProjectAddress": "75 JFK St"}},{"type": "Point", "id": 366, "coordinates": [7748, 2490], "properties": {"MapLots": "43-71", "CaseType": "Planning Board Special Permit", "GlobalID": "{7C559E59-A05E-455F-9332-EDAA87D35FD5}", "CaseStatus": "Built", "ProjectName": "MXD Infill", "CaseID": "PB-315", "Longitude": -71.08873176, "ShowOnWeb": 1, "created_date": "2025-09-22", "Latitude": 42.36493218, "last_edited_date": "2025-09-22", "ShowMoreInfoOnWeb": 1, "ProjectAddress": "145 Broadway"}},{"type": "Point", "id": 423, "coordinates": [9240, 3028], "properties": {"MapLots": "8-86", "CaseType": "Planning Board Special Permit", "GlobalID": "{F34DB56D-481E-42D2-AC2A-824F21227D98}", "CaseStatus": "Built", "ProjectName": "CambridgeSide PUD", "CaseID": "PB-364", "Longitude": -71.0755065, "ShowOnWeb": 1, "created_date": "2025-09-22", "Latitude": 42.36746204, "last_edited_date": "2025-09-22", "ShowMoreInfoOnWeb": 1, "ProjectAddress": "20 Cambridgeside Pl"}},{"type": "Point", "id": 454, "coordinates": [4116, 4026], "properties": {"MapLots": "162-54", "CaseType": "Planning Board Special Permit", "GlobalID": "{2219E35C-7E62-4149-9955-5A23FA5864A8}", "CaseStatus": "Permitted", "ProjectName": "57 JFK Street Project", "CaseID": "PB-390", "Longitude": -71.12093506, "ShowOnWeb": 1, "created_date": "2025-09-22", "Latitude": 42.37214986, "last_edited_date": "2025-09-22", "ShowMoreInfoOnWeb": 1, "ProjectAddress": "57 JFK St"}},{"type": "Point", "id": 485, "coordinates": [4524, 5987], "properties": {"MapLots": "156-33, 156-83", "CaseType": "Affordable Housing Overlay Design Review", "GlobalID": "{926CEBE6-F3C8-4F3D-A501-EC019229E676}", "CaseStatus": "Reviewed", "ProjectName": "28-30 Wendell Street", "CaseID": "AHO-008", "AHOWebLink": "https://www.cambridgema.gov/CDD/Projects/Housing/2830wendellstreet", "ShowOnWeb": 1, "Longitude": -71.11732, "created_date": "2026-03-20", "Latitude": 42.381364, "last_edited_date": "2026-03-23", "ShowMoreInfoOnWeb": 0, "ProjectAddress": "30 Wendell St"}},{"type": "Point", "id": 101, "coordinates": [4680, 3993], "properties": {"MapLots": "133-55", "CaseType": "Planning Board Special Permit", "GlobalID": "{4C5E4ACD-0371-4739-9987-EE83B4671D1B}", "CaseStatus": "Built", "CaseID": "PB-096", "Longitude": -71.11593619, "ShowOnWeb": 0, "created_date": "2025-09-22", "Latitude": 42.37199687, "last_edited_date": "2025-09-22", "ShowMoreInfoOnWeb": 0, "ProjectAddress": "3 Bow Street"}},{"type": "Point", "id": 167, "coordinates": [6311, 827], "properties": {"MapLots": "54-26", "CaseType": "Planning Board Special Permit", "GlobalID": "{5DE65B67-63B5-4A1F-9517-28D477E5E521}", "CaseStatus": "Built", "ProjectName": "Simmons Hall", "CaseID": "PB-157", "Longitude": -71.10147601, "ShowOnWeb": 0, "created_date": "2025-09-22", "Latitude": 42.35712074, "last_edited_date": "2025-09-22", "ShowMoreInfoOnWeb": 0, "ProjectAddress": "229 Vassar St"}},{"type": "Point", "id": 189, "coordinates": [9402, 3679], "properties": {"MapLots": "1A-86", "CaseType": "Planning Board Special Permit", "GlobalID": "{13FBE783-8B59-4286-B041-4822A9B938B5}", "CaseStatus": "Built", "ProjectName": "Smith Residential", "CaseID": "PB-175", "Longitude": -71.07407438, "ShowOnWeb": 1, "created_date": "2025-09-22", "Latitude": 42.37052179, "last_edited_date": "2025-09-22", "ShowMoreInfoOnWeb": 1, "ProjectAddress": "2 Leighton St"}},{"type": "Point", "id": 198, "coordinates": [9206, 4139], "properties": {"MapLots": "1A-30", "CaseType": "Planning Board Special Permit", "GlobalID": "{E096CACA-EF74-4480-9F3C-99E6D2E7B8E0}", "CaseStatus": "Built", "ProjectName": "Cambridge Crossing", "CaseID": "PB-179", "Longitude": -71.07581097, "ShowOnWeb": 1, "created_date": "2025-09-22", "Latitude": 42.37268064, "last_edited_date": "2025-09-22", "ShowMoreInfoOnWeb": 1, "ProjectAddress": "151 North First Street"}},{"type": "Point", "id": 226, "coordinates": [1076, 9711], "properties": {"MapLots": "267.2-230", "CaseType": "Planning Board Special Permit", "GlobalID": "{CCDE2092-AE20-4B21-AA28-3D2FCDDD0FB2}", "CaseStatus": "Built", "ProjectName": "Discovery Park", "CaseID": "PB-198", "Longitude": -71.14788568, "ShowOnWeb": 1, "created_date": "2025-09-22", "Latitude": 42.39886447, "last_edited_date": "2025-09-22", "ShowMoreInfoOnWeb": 1, "ProjectAddress": "40 Acorn Park"}},{"type": "Point", "id": 270, "coordinates": [4173, 7657], "properties": {"MapLots": "178-21", "CaseType": "Planning Board Special Permit", "GlobalID": "{2C5E0506-1E6F-4402-90D6-2DF05BF5F305}", "CaseStatus": "Built", "ProjectName": "Porter Square Hotel", "CaseID": "PB-237", "Longitude": -71.12043292, "ShowOnWeb": 0, "created_date": "2025-09-22", "Latitude": 42.38921423, "last_edited_date": "2025-09-22", "ShowMoreInfoOnWeb": 1, "ProjectAddress": "1924 Massachusetts Ave"}},{"type": "Point", "id": 284, "coordinates": [8924, 2628], "properties": {"MapLots": "16-30", "CaseType": "Planning Board Special Permit", "GlobalID": "{D764B145-6507-4CDE-AFFB-27AC2181C4E8}", "CaseStatus": "Under construction", "ProjectName": "Alexandria", "CaseID": "PB-243", "Longitude": -71.07831359, "ShowOnWeb": 1, "created_date": "2025-09-22", "Latitude": 42.36558061, "last_edited_date": "2025-09-22", "ShowMoreInfoOnWeb": 1, "ProjectAddress": "161 First St"}},{"type": "Point", "id": 31, "coordinates": [1439, 9035], "properties": {"MapLots": "267.4-291", "CaseType": "Planning Board Special Permit", "GlobalID": "{19DD7D1C-72A6-4979-8926-F80B6AF13D46}", "CaseStatus": "Built", "CaseID": "PB-026", "Longitude": -71.14466988, "ShowOnWeb": 0, "created_date": "2025-09-22", "Latitude": 42.39568987, "last_edited_date": "2025-09-22", "ShowMoreInfoOnWeb": 1, "ProjectAddress": "115 Cambridgepark Dr"}},{"type": "Point", "id": 312, "coordinates": [1464, 7646], "properties": {"MapLots": "267F-298", "CaseType": "Planning Board Special Permit", "GlobalID": "{FCE1A2DF-A266-4EA4-B395-F2F3B02EB327}", "CaseStatus": "Built", "ProjectName": "Concord-Wheeler", "CaseID": "PB-269", "Longitude": -71.14444495, "ShowOnWeb": 0, "created_date": "2025-09-22", "Latitude": 42.38916221, "last_edited_date": "2025-09-22", "ShowMoreInfoOnWeb": 1, "ProjectAddress": "563-603 Concord Ave, 19 Wheeler"}},{"type": "Point", "id": 57, "coordinates": [8311, 3994], "properties": {"MapLots": "123A-475", "CaseType": "Planning Board Special Permit", "GlobalID": "{2C27F970-9C41-4B49-BCCF-4D306D63D650}", "CaseStatus": "Denied", "CaseID": "PB-051", "Longitude": -71.08374354, "ShowOnWeb": 0, "created_date": "2025-09-22", "Latitude": 42.37199909, "last_edited_date": "2025-09-22", "ShowMoreInfoOnWeb": 0, "ProjectAddress": "126 Gore St"}},{"type": "Point", "id": 82, "coordinates": [4012, 4282], "properties": {"MapLots": "168-33", "CaseType": "Planning Board Special Permit", "GlobalID": "{76265420-8A9C-437C-9C71-BA7BB83E3B0C}", "CaseStatus": "Built", "ProjectName": "12-14 Mifflin Place", "CaseID": "PB-078", "Longitude": -71.12185934, "ShowOnWeb": 0, "created_date": "2025-09-22", "Latitude": 42.37335297, "last_edited_date": "2025-09-22", "ShowMoreInfoOnWeb": 0, "ProjectAddress": "12 Mifflin Pl"}},{"type": "Point", "id": 10, "coordinates": [7419, 2990], "properties": {"MapLots": "40-212", "CaseType": "Planning Board Special Permit", "GlobalID": "{546076BA-8595-4072-AAC5-57ECD5D30806}", "CaseStatus": "Built", "ProjectName": "Lilac Court", "CaseID": "PB-009", "Longitude": -71.09165384, "ShowOnWeb": 1, "created_date": "2025-09-22", "Latitude": 42.36728191, "last_edited_date": "2025-09-22", "ShowMoreInfoOnWeb": 1, "ProjectAddress": "21 Lilac Court"}},{"type": "Point", "id": 329, "coordinates": [6190, 2590], "properties": {"MapLots": "90-194", "CaseType": "Planning Board Special Permit", "GlobalID": "{9C8242D5-A88D-4C0A-9003-D2A6668CF68B}", "CaseStatus": "Built", "CaseID": "PB-285", "Longitude": -71.10255015, "ShowOnWeb": 1, "created_date": "2025-09-22", "Latitude": 42.36540399, "last_edited_date": "2025-09-22", "ShowMoreInfoOnWeb": 1, "ProjectAddress": "10 Essex St"}},{"type": "Point", "id": 338, "coordinates": [7858, 2102], "properties": {"MapLots": "44-107", "CaseType": "Planning Board Special Permit", "GlobalID": "{52FEBF8F-EEBD-4193-97DD-5742BDF212A5}", "CaseStatus": "Built", "ProjectName": "Ames Street Housing", "CaseID": "PB-294", "Longitude": -71.08775658, "ShowOnWeb": 0, "created_date": "2025-09-22", "Latitude": 42.36311047, "last_edited_date": "2025-09-22", "ShowMoreInfoOnWeb": 1, "ProjectAddress": "88 Ames St"}},{"type": "Point", "id": 365, "coordinates": [1574, 8895], "properties": {"MapLots": "265D-53", "CaseType": "Planning Board Special Permit", "GlobalID": "{41AB06BB-7E3C-4F22-A2AF-FDC876FDABCA}", "CaseStatus": "Built", "ProjectName": "35 Cambridgepark Drive", "CaseID": "PB-314", "Longitude": -71.14346937, "ShowOnWeb": 0, "created_date": "2025-09-22", "Latitude": 42.3950335, "last_edited_date": "2025-09-22", "ShowMoreInfoOnWeb": 1, "ProjectAddress": "35 Cambridgepark Dr"}},{"type": "Point", "id": 424, "coordinates": [5884, 2850], "properties": {"MapLots": "107-1", "CaseType": "Planning Board Special Permit", "GlobalID": "{7884F9D7-8A0F-406A-AE32-555F9ECB40E0}", "CaseStatus": "Under construction", "ProjectName": "GreenSoul Organics", "CaseID": "PB-365", "Longitude": -71.1052605, "ShowOnWeb": 1, "created_date": "2025-09-22", "Latitude": 42.36662543, "last_edited_date": "2025-09-22", "ShowMoreInfoOnWeb": 1, "ProjectAddress": "759 Massachusetts Ave"}},{"type": "Point", "id": 453, "coordinates": [6085, 2601], "properties": {"MapLots": "90-170", "CaseType": "Planning Board Special Permit", "GlobalID": "{4B3FFEF2-792B-4B09-B3AB-BDA3D12B0A80}", "CaseStatus": "Built", "ProjectName": "Planet Fitness Formula Business", "CaseID": "PB-389", "Longitude": -71.10348397, "ShowOnWeb": 1, "created_date": "2025-09-22", "Latitude": 42.36545548, "last_edited_date": "2025-09-22", "ShowMoreInfoOnWeb": 1, "ProjectAddress": "625 Massachusetts Ave"}},{"type": "Point", "id": 486, "coordinates": [3852, 8045], "properties": {"MapLots": "200-22", "CaseType": "Affordable Housing Overlay Design Review", "GlobalID": "{E1B9A1AE-A805-4E3B-9A72-DF9FB07BA8FA}", "CaseStatus": "Reviewed", "ProjectName": "2072 Massachusetts Ave", "CaseID": "AHO-009", "AHOWebLink": "https://www.cambridgema.gov/CDD/Projects/Housing/2072massave", "ShowOnWeb": 1, "Longitude": -71.123279, "created_date": "2026-03-20", "Latitude": 42.391038, "last_edited_date": "2026-05-06", "ShowMoreInfoOnWeb": 0, "ProjectAddress": "2072 Massachusetts Ave"}},{"type": "Point", "id": 104, "coordinates": [5030, 1532], "properties": {"MapLots": "127-169", "CaseType": "Planning Board Special Permit", "GlobalID": "{5ED3728E-A25C-435C-930D-73F2DBC90823}", "CaseStatus": "Built", "ProjectName": "Howard Industrial", "CaseID": "PB-099", "Longitude": -71.11283682, "ShowOnWeb": 0, "created_date": "2025-09-22", "Latitude": 42.36043421, "last_edited_date": "2025-09-22", "ShowMoreInfoOnWeb": 0, "ProjectAddress": "380 Putnam Ave"}},{"type": "Point", "id": 130, "coordinates": [9148, 3605], "properties": {"MapLots": "8-75", "CaseType": "Planning Board Special Permit", "GlobalID": "{EE9EC1E2-008D-463C-B67C-3443F626B77F}", "CaseStatus": "Built", "ProjectName": "Two Canal Park", "CaseID": "PB-125", "Longitude": -71.07632251, "ShowOnWeb": 0, "created_date": "2025-09-22", "Latitude": 42.37017371, "last_edited_date": "2025-09-22", "ShowMoreInfoOnWeb": 0, "ProjectAddress": "2 Canal Park"}},{"type": "Point", "id": 159, "coordinates": [6478, 1676], "properties": {"MapLots": "68-75", "CaseType": "Planning Board Special Permit", "GlobalID": "{EDD49D2C-6F4C-4F29-96D1-112118D41500}", "CaseStatus": "Built", "ProjectName": "University Park", "CaseID": "PB-152", "Longitude": -71.09999827, "ShowOnWeb": 0, "created_date": "2025-09-22", "Latitude": 42.3611095, "last_edited_date": "2025-09-22", "ShowMoreInfoOnWeb": 0, "ProjectAddress": "35 Landsdowne St"}},{"type": "Point", "id": 166, "coordinates": [7210, 2703], "properties": {"MapLots": "42-97", "CaseType": "Planning Board Special Permit", "GlobalID": "{0EA05D9A-9DA1-4B79-A8AF-5F2BA6096B2F}", "CaseStatus": "Built", "CaseID": "PB-156", "Longitude": -71.09350296, "ShowOnWeb": 0, "created_date": "2025-09-22", "Latitude": 42.3659344, "last_edited_date": "2025-09-22", "ShowMoreInfoOnWeb": 0, "ProjectAddress": "210 Broadway"}},{"type": "Point", "id": 195, "coordinates": [9495, 4015], "properties": {"MapLots": "1A-30", "CaseType": "Planning Board Special Permit", "GlobalID": "{7DC22E96-F6D9-4EA8-9225-19E40E674836}", "CaseStatus": "Permitted", "ProjectName": "Cambridge Crossing", "CaseID": "PB-179", "Longitude": -71.07324494, "ShowOnWeb": 1, "created_date": "2025-09-22", "Latitude": 42.37209828, "last_edited_date": "2025-09-22", "ShowMoreInfoOnWeb": 1, "ProjectAddress": "ML 1A-177"}},{"type": "Point", "id": 20, "coordinates": [8562, 2407], "properties": {"MapLots": "123A-452", "CaseType": "Planning Board Special Permit", "GlobalID": "{65444F7A-BE4C-4B41-8E0A-99F833240BAF}", "CaseStatus": "Expired", "ProjectName": "Cambridge Research Park", "CaseID": "PB-018", "Longitude": -71.08151946, "ShowOnWeb": 0, "created_date": "2025-09-22", "Latitude": 42.36454189, "last_edited_date": "2025-09-22", "ShowMoreInfoOnWeb": 0, "ProjectAddress": "Cambridge Research Park"}},{"type": "Point", "id": 227, "coordinates": [1081, 9567], "properties": {"MapLots": "267.2-230", "CaseType": "Planning Board Special Permit", "GlobalID": "{2C435CE9-4B47-467D-AB68-C6057B06C190}", "CaseStatus": "Built", "ProjectName": "Discovery Park", "CaseID": "PB-198", "Longitude": -71.14784638, "ShowOnWeb": 1, "created_date": "2025-09-22", "Latitude": 42.39818941, "last_edited_date": "2025-09-22", "ShowMoreInfoOnWeb": 1, "ProjectAddress": "30 Acorn Park"}},{"type": "Point", "id": 281, "coordinates": [8155, 2812], "properties": {"MapLots": "16-30", "CaseType": "Planning Board Special Permit", "GlobalID": "{CD82527A-69F7-4A15-A232-0323117B437D}", "CaseStatus": "Built", "ProjectName": "Alexandria", "CaseID": "PB-243", "Longitude": -71.08512807, "ShowOnWeb": 1, "created_date": "2025-09-22", "Latitude": 42.3664476, "last_edited_date": "2025-09-22", "ShowMoreInfoOnWeb": 1, "ProjectAddress": "225 Binney St"}},{"type": "Point", "id": 34, "coordinates": [1431, 8998], "properties": {"MapLots": "123A-459", "CaseType": "Planning Board Special Permit", "GlobalID": "{2EDC4FF9-9F22-43B7-8916-0FDB919A3EC6}", "CaseStatus": "No decision", "CaseID": "PB-028", "Longitude": -71.14473967, "ShowOnWeb": 0, "created_date": "2025-09-22", "Latitude": 42.39551331, "last_edited_date": "2025-09-22", "ShowMoreInfoOnWeb": 0, "ProjectAddress": "35 CambridgePark Drive"}},{"type": "Point", "id": 56, "coordinates": [1409, 9038], "properties": {"MapLots": "123A-474", "CaseType": "Planning Board Special Permit", "GlobalID": "{00FD0AD0-3E57-48AD-875D-900B78ABEF96}", "CaseStatus": "Built", "CaseID": "PB-050", "Longitude": -71.14493664, "ShowOnWeb": 0, "created_date": "2025-09-22", "Latitude": 42.39570251, "last_edited_date": "2025-09-22", "ShowMoreInfoOnWeb": 0, "ProjectAddress": "35 CambridgePark Drive"}},{"type": "Point", "id": 69, "coordinates": [4395, 3935], "properties": {"MapLots": "161-2", "CaseType": "Planning Board Special Permit", "GlobalID": "{EACA79B5-5A3C-41CB-A301-E3509464C1B6}", "CaseStatus": "Built", "CaseID": "PB-063", "Longitude": -71.11846177, "ShowOnWeb": 0, "created_date": "2025-09-22", "Latitude": 42.3717243, "last_edited_date": "2025-09-22", "ShowMoreInfoOnWeb": 0, "ProjectAddress": "72 Mount Auburn St"}},{"type": "Point", "id": 83, "coordinates": [4062, 4267], "properties": {"MapLots": "123A-494", "CaseType": "Planning Board Special Permit", "GlobalID": "{B31925E7-7349-47B6-8A0D-5B6ACAB32A1E}", "CaseStatus": "Built", "ProjectName": "One Brattle Square", "CaseID": "PB-079", "Longitude": -71.12141713, "ShowOnWeb": 0, "created_date": "2025-09-22", "Latitude": 42.37328228, "last_edited_date": "2025-09-22", "ShowMoreInfoOnWeb": 0, "ProjectAddress": "1 Brattle St"}},{"type": "Point", "id": 313, "coordinates": [1129, 8776], "properties": {"MapLots": "267.4-316", "CaseType": "Planning Board Special Permit", "GlobalID": "{81EBA7CB-1440-4773-B024-A270DD94F511}", "CaseStatus": "Built", "CaseID": "PB-270", "Longitude": -71.14741994, "ShowOnWeb": 0, "created_date": "2025-09-22", "Latitude": 42.39447381, "last_edited_date": "2025-09-22", "ShowMoreInfoOnWeb": 0, "ProjectAddress": "160 Cambridgepark Dr"}},{"type": "Point", "id": 335, "coordinates": [2675, 7738], "properties": {"MapLots": "271-77", "CaseType": "Planning Board Special Permit", "GlobalID": "{25608B7D-F84C-4EA4-9067-365E6086BA0B}", "CaseStatus": "Built", "CaseID": "PB-291", "Longitude": -71.13371293, "ShowOnWeb": 1, "created_date": "2025-09-22", "Latitude": 42.38959594, "last_edited_date": "2025-09-22", "ShowMoreInfoOnWeb": 1, "ProjectAddress": "16-18 Bellis Circle"}},{"type": "Point", "id": 368, "coordinates": [7987, 2670], "properties": {"MapLots": "43-71", "CaseType": "Planning Board Special Permit", "GlobalID": "{3A2708ED-487C-48B3-ABCA-20D5F920AB49}", "CaseStatus": "Permitted", "ProjectName": "MXD Infill", "CaseID": "PB-315", "Longitude": -71.08661267, "ShowOnWeb": 1, "created_date": "2025-09-22", "Latitude": 42.3657821, "last_edited_date": "2025-09-22", "ShowMoreInfoOnWeb": 1, "ProjectAddress": "250 Binney St"}},{"type": "Point", "id": 390, "coordinates": [2982, 9074], "properties": {"MapLots": "191-51", "CaseType": "Planning Board Special Permit", "GlobalID": "{C276579E-5370-486C-8423-AC71EA01F996}", "CaseStatus": "Built", "ProjectName": "47 Dudley Street", "CaseID": "PB-335", "Longitude": -71.13098602, "ShowOnWeb": 0, "created_date": "2025-09-22", "Latitude": 42.39587485, "last_edited_date": "2025-09-22", "ShowMoreInfoOnWeb": 1, "ProjectAddress": "47 Dudley St"}},{"type": "Point", "id": 421, "coordinates": [9064, 3166], "properties": {"MapLots": "8-86", "CaseType": "Planning Board Special Permit", "GlobalID": "{56CCFC27-EA18-487B-B1BC-B03F180B4CD3}", "CaseStatus": "Permitted", "ProjectName": "CambridgeSide PUD", "CaseID": "PB-364", "Longitude": -71.07706677, "ShowOnWeb": 1, "created_date": "2025-09-22", "Latitude": 42.368111, "last_edited_date": "2025-09-22", "ShowMoreInfoOnWeb": 1, "ProjectAddress": "80 First St"}},{"type": "Point", "id": 452, "coordinates": [6421, 2238], "properties": {"MapLots": "91-207", "CaseType": "Planning Board Special Permit", "GlobalID": "{6E3FA877-AA30-4A30-8431-81413C35D785}", "CaseStatus": "Built", "ProjectName": "Vitality Bowls Formula Business", "CaseID": "PB-388", "Longitude": -71.10050191, "ShowOnWeb": 1, "created_date": "2025-09-22", "Latitude": 42.36374888, "last_edited_date": "2025-09-22", "ShowMoreInfoOnWeb": 1, "ProjectAddress": "425 Massachusetts Ave"}},{"type": "Point", "id": 487, "coordinates": [7749, 4285], "properties": {"MapLots": "36-272", "CaseType": "Planning Board Advisory Consultation", "GlobalID": "{5A5E5A37-CEFF-4AB1-A1A1-73E581AB2576}", "CaseStatus": "Withdrawn", "ProjectName": "16-28 Porter St", "CaseID": "PBAC-001", "Longitude": -71.088721, "ShowOnWeb": 0, "created_date": "2026-03-22", "Latitude": 42.373368, "last_edited_date": "2026-04-06", "ShowMoreInfoOnWeb": 0, "ProjectAddress": "16-28 Porter St"}},{"type": "Point", "id": 103, "coordinates": [6688, 3659], "properties": {"MapLots": "87-94", "CaseType": "Planning Board Special Permit", "GlobalID": "{D685E7FE-DFD3-49C5-A588-D82F5C25D4BC}", "CaseStatus": "Built", "CaseID": "PB-098", "Longitude": -71.09813013, "ShowOnWeb": 0, "created_date": "2025-09-22", "Latitude": 42.37042522, "last_edited_date": "2025-09-22", "ShowMoreInfoOnWeb": 0, "ProjectAddress": "253 Norfolk St"}},{"type": "Point", "id": 129, "coordinates": [2914, 7974], "properties": {"MapLots": "195-156", "CaseType": "Planning Board Special Permit", "GlobalID": "{62EAF47F-BD15-4425-BE24-900C5E3C26F4}", "CaseStatus": "Built", "ProjectName": "Portland Stone Ware", "CaseID": "PB-124", "Longitude": -71.13159704, "ShowOnWeb": 0, "created_date": "2025-09-22", "Latitude": 42.39070348, "last_edited_date": "2025-09-22", "ShowMoreInfoOnWeb": 0, "ProjectAddress": "177 Pemberton St"}},{"type": "Point", "id": 160, "coordinates": [6288, 1513], "properties": {"MapLots": "68-75", "CaseType": "Planning Board Special Permit", "GlobalID": "{583837D4-2625-4EB3-82B8-430A16DD7ACA}", "CaseStatus": "Built", "ProjectName": "University Park", "CaseID": "PB-152", "Longitude": -71.10167968, "ShowOnWeb": 0, "created_date": "2025-09-22", "Latitude": 42.36034357, "last_edited_date": "2025-09-22", "ShowMoreInfoOnWeb": 0, "ProjectAddress": "88 Sidney St"}},{"type": "Point", "id": 165, "coordinates": [2983, 8656], "properties": {"MapLots": "192-15", "CaseType": "Planning Board Special Permit", "GlobalID": "{485C3202-9AEB-45D6-AED6-85801006E7E5}", "CaseStatus": "Built", "CaseID": "PB-155", "Longitude": -71.13098444, "ShowOnWeb": 0, "created_date": "2025-09-22", "Latitude": 42.39390773, "last_edited_date": "2025-09-22", "ShowMoreInfoOnWeb": 0, "ProjectAddress": "63 Cedar St"}},{"type": "Point", "id": 19, "coordinates": [9346, 3418], "properties": {"MapLots": "8-61", "CaseType": "Planning Board Special Permit", "GlobalID": "{1D1497F5-932B-4EEB-BC9E-5A580E2FC458}", "CaseStatus": "Built", "ProjectName": "Grave's Landing", "CaseID": "PB-017", "Longitude": -71.0745674, "ShowOnWeb": 0, "created_date": "2025-09-22", "Latitude": 42.36929472, "last_edited_date": "2025-09-22", "ShowMoreInfoOnWeb": 0, "ProjectAddress": "4 Canal Park"}},{"type": "Point", "id": 196, "coordinates": [9700, 4029], "properties": {"MapLots": "1A-30", "CaseType": "Planning Board Special Permit", "GlobalID": "{13B3CCDB-A3F1-4C6D-8B9A-366EF89DCAEA}", "CaseStatus": "Built", "ProjectName": "Cambridge Crossing", "CaseID": "PB-179", "Longitude": -71.07142843, "ShowOnWeb": 1, "created_date": "2025-09-22", "Latitude": 42.37216394, "last_edited_date": "2025-09-22", "ShowMoreInfoOnWeb": 1, "ProjectAddress": "450 Water Street"}},{"type": "Point", "id": 228, "coordinates": [1165, 9563], "properties": {"MapLots": "267.2-230", "CaseType": "Planning Board Special Permit", "GlobalID": "{6CB4FFC2-DE8E-48CF-B61F-F335183DB78C}", "CaseStatus": "Built", "ProjectName": "Discovery Park", "CaseID": "PB-198", "Longitude": -71.14709769, "ShowOnWeb": 1, "created_date": "2025-09-22", "Latitude": 42.39816949, "last_edited_date": "2025-09-22", "ShowMoreInfoOnWeb": 1, "ProjectAddress": "20 Acorn Park"}},{"type": "Point", "id": 282, "coordinates": [8515, 2714], "properties": {"MapLots": "16-30", "CaseType": "Planning Board Special Permit", "GlobalID": "{9AF8C31E-474B-4025-8EF2-38C4A1583286}", "CaseStatus": "Built", "ProjectName": "Alexandria", "CaseID": "PB-243", "Longitude": -71.08193319, "ShowOnWeb": 1, "created_date": "2025-09-22", "Latitude": 42.36598538, "last_edited_date": "2025-09-22", "ShowMoreInfoOnWeb": 1, "ProjectAddress": "270 Third St"}},{"type": "Point", "id": 33, "coordinates": [1349, 7777], "properties": {"MapLots": "267F-301", "CaseType": "Planning Board Special Permit", "GlobalID": "{CE50740F-9333-4325-9793-4664ED3C1BEB}", "CaseStatus": "Built", "ProjectName": "BB&N", "CaseID": "PB-027", "Longitude": -71.14546575, "ShowOnWeb": 0, "created_date": "2025-09-22", "Latitude": 42.38977581, "last_edited_date": "2025-09-22", "ShowMoreInfoOnWeb": 0, "ProjectAddress": "10 Fawcett St"}},{"type": "Point", "id": 55, "coordinates": [3333, 9140], "properties": {"MapLots": "183-47", "CaseType": "Planning Board Special Permit", "GlobalID": "{C9B6CC1C-A35A-4E42-B0E3-4FC6FEC977E0}", "CaseStatus": "Built", "CaseID": "PB-049", "Longitude": -71.12787447, "ShowOnWeb": 0, "created_date": "2025-09-22", "Latitude": 42.39618448, "last_edited_date": "2025-09-22", "ShowMoreInfoOnWeb": 0, "ProjectAddress": "11 Woodbridge St"}},{"type": "Point", "id": 70, "coordinates": [1973, 9622], "properties": {"MapLots": "123A-883", "CaseType": "Planning Board Special Permit", "GlobalID": "{1891DDFC-CAE1-4A33-8B45-15DC4D327036}", "CaseStatus": "Built", "ProjectName": "WR Grace", "CaseID": "PB-064", "Longitude": -71.13993438, "ShowOnWeb": 0, "created_date": "2025-09-22", "Latitude": 42.39844776, "last_edited_date": "2025-09-22", "ShowMoreInfoOnWeb": 0, "ProjectAddress": "130 Whittemore Ave"}},{"type": "Point", "id": 84, "coordinates": [1471, 9033], "properties": {"MapLots": "123A-495", "CaseType": "Planning Board Special Permit", "GlobalID": "{D4E95EAE-E1AC-474C-9194-25689DC7ED9D}", "CaseStatus": "Built", "CaseID": "PB-080", "Longitude": -71.14438402, "ShowOnWeb": 0, "created_date": "2025-09-22", "Latitude": 42.39568175, "last_edited_date": "2025-09-22", "ShowMoreInfoOnWeb": 0, "ProjectAddress": "35 CambridgePark Drive"}},{"type": "Point", "id": 314, "coordinates": [4988, 2286], "properties": {"MapLots": "126-131", "CaseType": "Planning Board Special Permit", "GlobalID": "{CAB84350-6B48-4F82-9E12-0B7B6713C0B9}", "CaseStatus": "Built", "CaseID": "PB-271", "Longitude": -71.11320926, "ShowOnWeb": 0, "created_date": "2025-09-22", "Latitude": 42.36397717, "last_edited_date": "2025-09-22", "ShowMoreInfoOnWeb": 0, "ProjectAddress": "9 Montague St"}},{"type": "Point", "id": 336, "coordinates": [1625, 8489], "properties": {"MapLots": "265D-57", "CaseType": "Planning Board Special Permit", "GlobalID": "{AF700FDC-DAF9-4B46-8C2F-21B113DF4A63}", "CaseStatus": "Built", "ProjectName": "88 Cambridgepark Drive", "CaseID": "PB-292", "Longitude": -71.14302347, "ShowOnWeb": 1, "created_date": "2025-09-22", "Latitude": 42.3931259, "last_edited_date": "2025-09-22", "ShowMoreInfoOnWeb": 1, "ProjectAddress": "88 Cambridgepark Drive"}},{"type": "Point", "id": 367, "coordinates": [7992, 2020], "properties": {"MapLots": "43-71", "CaseType": "Planning Board Special Permit", "GlobalID": "{7A1F4F8C-0E53-47AA-B756-CEB3E9FDD826}", "CaseStatus": "Built", "ProjectName": "MXD Infill", "CaseID": "PB-315", "Longitude": -71.08657485, "ShowOnWeb": 1, "created_date": "2025-09-22", "Latitude": 42.36272346, "last_edited_date": "2025-09-22", "ShowMoreInfoOnWeb": 1, "ProjectAddress": "325 Main St"}},{"type": "Point", "id": 389, "coordinates": [4220, 4239], "properties": {"MapLots": "160-57", "CaseType": "Planning Board Special Permit", "GlobalID": "{121CD42B-ED62-4697-9764-33FA3E52261D}", "CaseStatus": "Built", "ProjectName": "Abbott Building", "CaseID": "PB-334", "Longitude": -71.12001139, "ShowOnWeb": 1, "created_date": "2025-09-22", "Latitude": 42.37315292, "last_edited_date": "2025-09-22", "ShowMoreInfoOnWeb": 1, "ProjectAddress": "1 JFK St"}},{"type": "Point", "id": 422, "coordinates": [9055, 3017], "properties": {"MapLots": "8-86", "CaseType": "Planning Board Special Permit", "GlobalID": "{E0DBABD1-C09E-43C0-8F61-5EB488C1F3D8}", "CaseStatus": "Permitted", "ProjectName": "CambridgeSide PUD", "CaseID": "PB-364", "Longitude": -71.07715139, "ShowOnWeb": 1, "created_date": "2025-09-22", "Latitude": 42.36740915, "last_edited_date": "2025-09-22", "ShowMoreInfoOnWeb": 1, "ProjectAddress": "150 Cambridgeside Pl"}},{"type": "Point", "id": 451, "coordinates": [2074, 9404], "properties": {"MapLots": "269-131", "CaseType": "Planning Board Special Permit", "GlobalID": "{63FE80A5-ACB2-4C8C-9202-7E8DA4404493}", "CaseStatus": "Under construction", "ProjectName": "Alewife Park", "CaseID": "PB-387", "Longitude": -71.13903642, "ShowOnWeb": 1, "created_date": "2025-09-22", "Latitude": 42.39742281, "last_edited_date": "2025-09-22", "ShowMoreInfoOnWeb": 1, "ProjectAddress": "6 Alewife Pk"}},{"type": "Point", "id": 488, "coordinates": [338, 5074], "properties": {"MapLots": "255-100, 256-106", "CaseType": "Affordable Housing Overlay Design Review", "GlobalID": "{FF129870-F972-40A8-82E2-54C7A1392737}", "CaseStatus": "Reviewed", "ProjectName": "Corcoran Park", "CaseID": "AHO-010", "AHOWebLink": "https://www.cambridgema.gov/CDD/Projects/Housing/corcoranpark", "ShowOnWeb": 1, "Longitude": -71.154438, "created_date": "2026-03-22", "Latitude": 42.377078, "last_edited_date": "2026-04-06", "ShowMoreInfoOnWeb": 0, "ProjectAddress": "8-12 May St & 53 Lawn St"}},{"type": "Point", "id": 106, "coordinates": [3661, 5529], "properties": {"MapLots": "215-60", "CaseType": "Planning Board Special Permit", "GlobalID": "{0B9F3A30-7291-4AD7-AE63-49C34326C2F4}", "CaseStatus": "Built", "ProjectName": "17-23 Concord Ave", "CaseID": "PB-101", "Longitude": -71.12497249, "ShowOnWeb": 0, "created_date": "2025-09-22", "Latitude": 42.37921648, "last_edited_date": "2025-09-22", "ShowMoreInfoOnWeb": 0, "ProjectAddress": "19 Concord Ave"}},{"type": "Point", "id": 164, "coordinates": [1659, 8671], "properties": {"MapLots": "265D-52", "CaseType": "Planning Board Special Permit", "GlobalID": "{239ED397-C5D0-4668-8EB6-61C8CEA6C130}", "CaseStatus": "Built", "CaseID": "PB-154", "Longitude": -71.14271776, "ShowOnWeb": 0, "created_date": "2025-09-22", "Latitude": 42.39398099, "last_edited_date": "2025-09-22", "ShowMoreInfoOnWeb": 0, "ProjectAddress": "30 CambridgePark Drive"}},{"type": "Point", "id": 193, "coordinates": [9322, 3814], "properties": {"MapLots": "1A-30", "CaseType": "Planning Board Special Permit", "GlobalID": "{B3ED43EE-49B7-417F-84BD-7E965B1F34E1}", "CaseStatus": "Built", "ProjectName": "Cambridge Crossing", "CaseID": "PB-179", "Longitude": -71.0747778, "ShowOnWeb": 1, "created_date": "2025-09-22", "Latitude": 42.37115683, "last_edited_date": "2025-09-22", "ShowMoreInfoOnWeb": 1, "ProjectAddress": "1 Earhart St"}},{"type": "Point", "id": 220, "coordinates": [5320, 4397], "properties": {"MapLots": "138-2", "CaseType": "Planning Board Special Permit", "GlobalID": "{F377E2A7-81A8-49DD-85E3-63AD6EF73741}", "CaseStatus": "Built", "ProjectName": "Main Library", "CaseID": "PB-193", "Longitude": -71.11026573, "ShowOnWeb": 0, "created_date": "2025-09-22", "Latitude": 42.37389707, "last_edited_date": "2025-09-22", "ShowMoreInfoOnWeb": 0, "ProjectAddress": "449 Broadway"}},{"type": "Point", "id": 221, "coordinates": [7116, 4130], "properties": {"MapLots": "123A-561", "CaseType": "Planning Board Special Permit", "GlobalID": "{CD8BD22B-75F5-40E4-9736-AF07A13E8815}", "CaseStatus": "Withdrawn", "ProjectName": "Residential Use over Retail", "CaseID": "PB-194", "Longitude": -71.09433885, "ShowOnWeb": 0, "created_date": "2025-09-22", "Latitude": 42.3726395, "last_edited_date": "2025-09-22", "ShowMoreInfoOnWeb": 0, "ProjectAddress": "1030 Cambridge St"}},{"type": "Point", "id": 287, "coordinates": [3240, 7342], "properties": {"MapLots": "204-147", "CaseType": "Planning Board Special Permit", "GlobalID": "{EF3470F5-1DC6-4070-9A86-CD2419930847}", "CaseStatus": "Built", "ProjectName": "Lincoln Way", "CaseID": "PB-244", "Longitude": -71.1286997, "ShowOnWeb": 0, "created_date": "2025-09-22", "Latitude": 42.38773294, "last_edited_date": "2025-09-22", "ShowMoreInfoOnWeb": 0, "ProjectAddress": "181 Walden St"}},{"type": "Point", "id": 315, "coordinates": [1157, 8995], "properties": {"MapLots": "267.4-176", "CaseType": "Planning Board Special Permit", "GlobalID": "{9A96EA2F-31DF-463C-9FD8-16C9A7D59868}", "CaseStatus": "Built", "CaseID": "PB-272", "Longitude": -71.14716996, "ShowOnWeb": 0, "created_date": "2025-09-22", "Latitude": 42.39550326, "last_edited_date": "2025-09-22", "ShowMoreInfoOnWeb": 1, "ProjectAddress": "165 Cambridgepark Dr"}},{"type": "Point", "id": 333, "coordinates": [4110, 4039], "properties": {"MapLots": "162-54", "CaseType": "Planning Board Special Permit", "GlobalID": "{F8A01407-3EFE-468D-8D8C-54E05DB3748A}", "CaseStatus": "Withdrawn", "ProjectName": "Crimson Galleria", "CaseID": "PB-289", "Longitude": -71.12098582, "ShowOnWeb": 0, "created_date": "2025-09-22", "Latitude": 42.37221429, "last_edited_date": "2025-09-22", "ShowMoreInfoOnWeb": 1, "ProjectAddress": "57 JFK St"}},{"type": "Point", "id": 36, "coordinates": [1850, 8602], "properties": {"MapLots": "268C-32", "CaseType": "Planning Board Special Permit", "GlobalID": "{A21E28AC-9E18-4D91-B44B-9CBBC17E298D}", "CaseStatus": "Expired", "ProjectName": "Aku Aku site", "CaseID": "PB-030", "Longitude": -71.14102625, "ShowOnWeb": 0, "created_date": "2025-09-22", "Latitude": 42.3936564, "last_edited_date": "2025-09-22", "ShowMoreInfoOnWeb": 0, "ProjectAddress": "149 Alewife Brook Parkway"}},{"type": "Point", "id": 362, "coordinates": [3899, 5519], "properties": {"MapLots": "172-61", "CaseType": "Planning Board Special Permit", "GlobalID": "{6B87AD06-A5FF-45DF-A020-2D5C6E19BF76}", "CaseStatus": "Built", "ProjectName": "18-26 Chauncy Street", "CaseID": "PB-311", "Longitude": -71.12286328, "ShowOnWeb": 1, "created_date": "2025-09-22", "Latitude": 42.37916942, "last_edited_date": "2025-09-22", "ShowMoreInfoOnWeb": 1, "ProjectAddress": "22 Chauncy St"}},{"type": "Point", "id": 54, "coordinates": [8313, 4013], "properties": {"MapLots": "23-4", "CaseType": "Planning Board Special Permit", "GlobalID": "{6B36411F-69B9-42AA-BE12-BC086827F85D}", "CaseStatus": "Built", "CaseID": "PB-048", "Longitude": -71.08372689, "ShowOnWeb": 0, "created_date": "2025-09-22", "Latitude": 42.37208835, "last_edited_date": "2025-09-22", "ShowMoreInfoOnWeb": 0, "ProjectAddress": "126 Gore St"}},{"type": "Point", "id": 85, "coordinates": [4032, 4156], "properties": {"MapLots": "123A-633", "CaseType": "Planning Board Special Permit", "GlobalID": "{F3AFD265-3565-4721-9C52-BC11FAEFAE79}", "CaseStatus": "Expired", "CaseID": "PB-081", "Longitude": -71.12167957, "ShowOnWeb": 0, "created_date": "2025-09-22", "Latitude": 42.37276401, "last_edited_date": "2025-09-22", "ShowMoreInfoOnWeb": 0, "ProjectAddress": "108 Mount Auburn St"}},{"type": "Point", "id": 409, "coordinates": [1438, 8912], "properties": {"MapLots": "267.4-291", "CaseType": "Planning Board Special Permit", "GlobalID": "{455FA77B-C72F-417A-BCE7-D760CC0F434A}", "CaseStatus": "Built", "ProjectName": "87-101 Cambridgepark Drive", "CaseID": "PB-354", "Longitude": -71.14467692, "ShowOnWeb": 1, "created_date": "2025-09-22", "Latitude": 42.39511285, "last_edited_date": "2025-09-22", "ShowMoreInfoOnWeb": 1, "ProjectAddress": "89 Cambridgepark Dr"}},{"type": "Point", "id": 427, "coordinates": [8126, 2397], "properties": {"MapLots": "29-39", "CaseType": "Planning Board Special Permit", "GlobalID": "{884651B8-4A2B-4351-BF99-A1CF5F282729}", "CaseStatus": "Permitted", "ProjectName": "MIT Volpe Redevelopment", "CaseID": "PB-368", "Longitude": -71.08538898, "ShowOnWeb": 1, "created_date": "2025-09-22", "Latitude": 42.36449608, "last_edited_date": "2025-09-22", "ShowMoreInfoOnWeb": 1, "ProjectAddress": "55 Broadway"}},{"type": "Point", "id": 458, "coordinates": [4253, 6584], "properties": {"MapLots": "175-75", "CaseType": "Planning Board Special Permit", "GlobalID": "{D0AD69C7-4DC4-4CB6-8ACB-C98A3413E74C}", "CaseStatus": "Permitted", "ProjectName": "1730 Mass Ave", "CaseID": "PB-394", "Longitude": -71.11971958, "ShowOnWeb": 1, "created_date": "2025-09-22", "Latitude": 42.38417291, "last_edited_date": "2025-09-22", "ShowMoreInfoOnWeb": 1, "ProjectAddress": "1730 Massachusetts Ave"}},{"type": "Point", "id": 481, "coordinates": [2505, 8323], "properties": {"MapLots": "268A-53", "CaseType": "Affordable Housing Overlay Design Review", "GlobalID": "{E384A851-96DA-4A3D-A87B-DE2B8270FE5D}", "CaseStatus": "Under construction", "ProjectName": "Jefferson Park - Federal", "CaseID": "AHO-002", "AHOWebLink": "https://www.cambridgema.gov/CDD/Projects/Housing/jeffersonparkfederal", "ShowOnWeb": 1, "Longitude": -71.1351922, "created_date": "2025-09-22", "Latitude": 42.39352291, "last_edited_date": "2026-04-01", "ShowMoreInfoOnWeb": 0, "ProjectAddress": "270 Rindge Ave"}},{"type": "Point", "id": 105, "coordinates": [954, 7870], "properties": {"MapLots": "267E-269", "CaseType": "Planning Board Special Permit", "GlobalID": "{9BA6BA6E-0CC3-4681-8B73-2067F8704CCD}", "CaseStatus": "Built", "CaseID": "PB-100", "Longitude": -71.14897054, "ShowOnWeb": 0, "created_date": "2025-09-22", "Latitude": 42.39021499, "last_edited_date": "2025-09-22", "ShowMoreInfoOnWeb": 0, "ProjectAddress": "655 Concord Ave"}},{"type": "Point", "id": 163, "coordinates": [6384, 3609], "properties": {"MapLots": "109-44", "CaseType": "Planning Board Special Permit", "GlobalID": "{C6D7CA92-D661-48B4-B2C1-216E168657DA}", "CaseStatus": "Built", "ProjectName": "191 Prospect St", "CaseID": "PB-153", "Longitude": -71.10082803, "ShowOnWeb": 0, "created_date": "2025-09-22", "Latitude": 42.37019355, "last_edited_date": "2025-09-22", "ShowMoreInfoOnWeb": 0, "ProjectAddress": "195 Prospect St"}},{"type": "Point", "id": 194, "coordinates": [9443, 3774], "properties": {"MapLots": "1A-30", "CaseType": "Planning Board Special Permit", "GlobalID": "{E5C0A39A-906F-450D-A91A-3647913F551E}", "CaseStatus": "Built", "ProjectName": "Cambridge Crossing", "CaseID": "PB-179", "Longitude": -71.07370615, "ShowOnWeb": 1, "created_date": "2025-09-22", "Latitude": 42.37096707, "last_edited_date": "2025-09-22", "ShowMoreInfoOnWeb": 1, "ProjectAddress": "2 Earhart St"}},{"type": "Point", "id": 219, "coordinates": [8988, 3648], "properties": {"MapLots": "18-47", "CaseType": "Planning Board Special Permit", "GlobalID": "{F29DD3DB-4383-483B-BFBC-DA17F0128F1A}", "CaseStatus": "Built", "ProjectName": "One First Street", "CaseID": "PB-192", "Longitude": -71.07774112, "ShowOnWeb": 0, "created_date": "2025-09-22", "Latitude": 42.37037706, "last_edited_date": "2025-09-22", "ShowMoreInfoOnWeb": 0, "ProjectAddress": "1 First St"}},{"type": "Point", "id": 222, "coordinates": [2859, 9668], "properties": {"MapLots": "189-72", "CaseType": "Planning Board Special Permit", "GlobalID": "{F52BBCC2-EB84-4E16-809D-635CA776BE63}", "CaseStatus": "Built", "ProjectName": "2472 - 2482 Mass Ave", "CaseID": "PB-195", "Longitude": -71.13208364, "ShowOnWeb": 0, "created_date": "2025-09-22", "Latitude": 42.39866215, "last_edited_date": "2025-09-22", "ShowMoreInfoOnWeb": 0, "ProjectAddress": "2478 Massachusetts Ave"}},{"type": "Point", "id": 288, "coordinates": [8135, 3960], "properties": {"MapLots": "35-53", "CaseType": "Planning Board Special Permit", "GlobalID": "{0E229E6A-FA96-4E09-8093-E85EC26C79DC}", "CaseStatus": "Expired", "CaseID": "PB-245", "Longitude": -71.08530132, "ShowOnWeb": 0, "created_date": "2025-09-22", "Latitude": 42.37184353, "last_edited_date": "2025-09-22", "ShowMoreInfoOnWeb": 0, "ProjectAddress": "545 Cambridge St"}},{"type": "Point", "id": 316, "coordinates": [3049, 8790], "properties": {"MapLots": "192-96", "CaseType": "Planning Board Special Permit", "GlobalID": "{983A7AF6-0152-4129-B0D1-5BB57B7F7F91}", "CaseStatus": "Denied", "CaseID": "PB-273", "Longitude": -71.1303929, "ShowOnWeb": 0, "created_date": "2025-09-22", "Latitude": 42.3945392, "last_edited_date": "2025-09-22", "ShowMoreInfoOnWeb": 1, "ProjectAddress": "54R Cedar St"}},{"type": "Point", "id": 334, "coordinates": [4190, 5889], "properties": {"MapLots": "173-67", "CaseType": "Planning Board Special Permit", "GlobalID": "{1CF4FA68-B948-45AC-A84C-FA0A5FB4770D}", "CaseStatus": "Built", "CaseID": "PB-290", "Longitude": -71.12027692, "ShowOnWeb": 0, "created_date": "2025-09-22", "Latitude": 42.38090753, "last_edited_date": "2025-09-22", "ShowMoreInfoOnWeb": 1, "ProjectAddress": "1-3 Langdon St"}},{"type": "Point", "id": 35, "coordinates": [8947, 3354], "properties": {"MapLots": "18-75", "CaseType": "Planning Board Special Permit", "GlobalID": "{C2898604-03C9-440A-80A3-375BD5496004}", "CaseStatus": "Built", "ProjectName": "East Cambridge Parking Garage", "CaseID": "PB-029", "Longitude": -71.07810864, "ShowOnWeb": 0, "created_date": "2025-09-22", "Latitude": 42.36899389, "last_edited_date": "2025-09-22", "ShowMoreInfoOnWeb": 0, "ProjectAddress": "59 First St"}},{"type": "Point", "id": 361, "coordinates": [7551, 3100], "properties": {"MapLots": "39-173", "CaseType": "Planning Board Special Permit", "GlobalID": "{1335A595-F0D2-41C2-89F4-23FCDBF65B46}", "CaseStatus": "Built", "ProjectName": "399 Binney Street", "CaseID": "PB-310", "Longitude": -71.0904834, "ShowOnWeb": 0, "created_date": "2025-09-22", "Latitude": 42.36779932, "last_edited_date": "2025-09-22", "ShowMoreInfoOnWeb": 1, "ProjectAddress": "399 Binney St"}},{"type": "Point", "id": 53, "coordinates": [1281, 8761], "properties": {"MapLots": "267.4-319", "CaseType": "Planning Board Special Permit", "GlobalID": "{D5E5AB45-A623-441B-B010-CE141474C12B}", "CaseStatus": "Built", "CaseID": "PB-047", "Longitude": -71.1460724, "ShowOnWeb": 0, "created_date": "2025-09-22", "Latitude": 42.3944028, "last_edited_date": "2025-09-22", "ShowMoreInfoOnWeb": 1, "ProjectAddress": "150 CambridgePark Drive"}},{"type": "Point", "id": 86, "coordinates": [1405, 8749], "properties": {"MapLots": "267.4-305", "CaseType": "Planning Board Special Permit", "GlobalID": "{F41B0F47-615E-43D6-8133-0C0E86720F7A}", "CaseStatus": "Built", "CaseID": "PB-082", "Longitude": -71.14497371, "ShowOnWeb": 0, "created_date": "2025-09-22", "Latitude": 42.39434424, "last_edited_date": "2025-09-22", "ShowMoreInfoOnWeb": 0, "ProjectAddress": "100 CambridgePark Drive"}},{"type": "Point", "id": 410, "coordinates": [4227, 6278], "properties": {"MapLots": "174-27", "CaseType": "Planning Board Special Permit", "GlobalID": "{278CA901-0B31-4ED9-833A-17FC4B8A553D}", "CaseStatus": "Built", "ProjectName": "Budega, Inc.", "CaseID": "PB-355", "Longitude": -71.11994873, "ShowOnWeb": 1, "created_date": "2025-09-22", "Latitude": 42.38273405, "last_edited_date": "2025-09-22", "ShowMoreInfoOnWeb": 1, "ProjectAddress": "1686 Massachusetts Ave"}},{"type": "Point", "id": 428, "coordinates": [7993, 2320], "properties": {"MapLots": "29-39", "CaseType": "Planning Board Special Permit", "GlobalID": "{F4742D34-3737-4E1C-B9BC-03D171D3C4C1}", "CaseStatus": "Under construction", "ProjectName": "MIT Volpe Redevelopment", "CaseID": "PB-368", "Longitude": -71.08656053, "ShowOnWeb": 1, "created_date": "2025-09-22", "Latitude": 42.36413347, "last_edited_date": "2025-09-22", "ShowMoreInfoOnWeb": 1, "ProjectAddress": "75 Broadway"}},{"type": "Point", "id": 457, "coordinates": [2889, 8710], "properties": {"MapLots": "192-23", "CaseType": "Planning Board Special Permit", "GlobalID": "{378B55A7-EE98-4670-838A-2163DB147533}", "CaseStatus": "Permitted", "CaseID": "PB-393", "Longitude": -71.13181468, "ShowOnWeb": 1, "created_date": "2025-09-22", "Latitude": 42.39416313, "last_edited_date": "2025-09-22", "ShowMoreInfoOnWeb": 1, "ProjectAddress": "23 Reed St"}},{"type": "Point", "id": 482, "coordinates": [8118, 3676], "properties": {"MapLots": "34-16, 34-111", "CaseType": "Affordable Housing Overlay Design Review", "GlobalID": "{2C513205-0C23-474F-99E1-B46F57AC6C32}", "CaseStatus": "Reviewed", "ProjectName": "49 6th Street", "CaseID": "AHO-004", "AHOWebLink": "https://www.cambridgema.gov/CDD/Projects/Housing/496thstreet", "ShowOnWeb": 1, "Longitude": -71.08517338, "created_date": "2025-09-22", "Latitude": 42.37045172, "last_edited_date": "2026-04-01", "ShowMoreInfoOnWeb": 0, "ProjectAddress": "49 Sixth St"}},{"type": "Point", "id": 501, "coordinates": [2013, 7164], "properties": {"MapLots": "261-77, 261-85, 261-186", "CaseType": "Planning Board Special Permit", "GlobalID": "{EE2DF52F-A2CE-45C2-A64D-001151D2980C}", "CaseStatus": "Permitting", "ProjectName": "9 & 25 Birch Street & 30-36 Bay State Road", "CaseID": "PB-412", "Longitude": -71.1395808, "ShowOnWeb": 1, "created_date": "2026-08-14", "Latitude": 42.38689785, "last_edited_date": "2026-08-19", "ShowMoreInfoOnWeb": 1, "ProjectAddress": "36 Bay State Rd"}},{"type": "Point", "id": 108, "coordinates": [1564, 7808], "properties": {"MapLots": "265B-26", "CaseType": "Planning Board Special Permit", "GlobalID": "{39FD7946-83B9-42F1-8912-FF83F63C6C91}", "CaseStatus": "Built", "CaseID": "PB-103", "Longitude": -71.14356023, "ShowOnWeb": 0, "created_date": "2025-09-22", "Latitude": 42.38992171, "last_edited_date": "2025-09-22", "ShowMoreInfoOnWeb": 0, "ProjectAddress": "199 Alewife Brook Parkway"}},{"type": "Point", "id": 162, "coordinates": [6452, 1486], "properties": {"MapLots": "68-75", "CaseType": "Planning Board Special Permit", "GlobalID": "{B0FCD5A0-AF83-4DE3-95BE-6E0048C5E6A2}", "CaseStatus": "Built", "ProjectName": "University Park", "CaseID": "PB-152", "Longitude": -71.10022874, "ShowOnWeb": 0, "created_date": "2025-09-22", "Latitude": 42.36021705, "last_edited_date": "2025-09-22", "ShowMoreInfoOnWeb": 0, "ProjectAddress": "80 Landsdowne St"}},{"type": "Point", "id": 191, "coordinates": [6627, 2187], "properties": {"MapLots": "91-66", "CaseType": "Planning Board Special Permit", "GlobalID": "{18AB3413-001D-4EC0-9E1D-84161599F83F}", "CaseStatus": "Built", "ProjectName": "La Groceria", "CaseID": "PB-177", "Longitude": -71.09867244, "ShowOnWeb": 0, "created_date": "2025-09-22", "Latitude": 42.36350998, "last_edited_date": "2025-09-22", "ShowMoreInfoOnWeb": 0, "ProjectAddress": "853 Main St"}},{"type": "Point", "id": 223, "coordinates": [1095, 5215], "properties": {"MapLots": "252A-154", "CaseType": "Planning Board Special Permit", "GlobalID": "{C86274E3-AFEE-4E0C-A014-046D3E55517B}", "CaseStatus": "Built", "CaseID": "PB-196", "Longitude": -71.14772284, "ShowOnWeb": 0, "created_date": "2025-09-22", "Latitude": 42.37773677, "last_edited_date": "2025-09-22", "ShowMoreInfoOnWeb": 0, "ProjectAddress": "60 Aberdeen Ave"}},{"type": "Point", "id": 249, "coordinates": [1189, 5036], "properties": {"MapLots": "123A-575", "CaseType": "Planning Board Special Permit", "GlobalID": "{7CC7091B-9F4C-494C-ACA5-DA3014C3C6DB}", "CaseStatus": "Expired", "ProjectName": "Collins Library", "CaseID": "PB-216", "Longitude": -71.14688264, "ShowOnWeb": 0, "created_date": "2025-09-22", "Latitude": 42.37689881, "last_edited_date": "2025-09-22", "ShowMoreInfoOnWeb": 0, "ProjectAddress": "64 Aberdeen Avenue"}},{"type": "Point", "id": 285, "coordinates": [8858, 2643], "properties": {"MapLots": "16-30", "CaseType": "Planning Board Special Permit", "GlobalID": "{8A4B2FBC-597B-42DA-AAC9-23E0B9E2E3B6}", "CaseStatus": "Built", "ProjectName": "Alexandria", "CaseID": "PB-243", "Longitude": -71.07889908, "ShowOnWeb": 1, "created_date": "2025-09-22", "Latitude": 42.36565328, "last_edited_date": "2025-09-22", "ShowMoreInfoOnWeb": 1, "ProjectAddress": "50 Rogers St"}},{"type": "Point", "id": 317, "coordinates": [2936, 8826], "properties": {"MapLots": "192-9", "CaseType": "Planning Board Special Permit", "GlobalID": "{A0A50FDE-4C3C-4BFB-8BF3-80E976EE9621}", "CaseStatus": "Built", "CaseID": "PB-274", "Longitude": -71.13139647, "ShowOnWeb": 0, "created_date": "2025-09-22", "Latitude": 42.39470844, "last_edited_date": "2025-09-22", "ShowMoreInfoOnWeb": 1, "ProjectAddress": "51 Cedar St"}},{"type": "Point", "id": 331, "coordinates": [4254, 7373], "properties": {"MapLots": "177-34", "CaseType": "Planning Board Special Permit", "GlobalID": "{8E50D4A1-E228-4F07-BA9E-603B3E02F2DD}", "CaseStatus": "Withdrawn", "ProjectName": "Gourmet Express", "CaseID": "PB-287", "Longitude": -71.11971048, "ShowOnWeb": 0, "created_date": "2025-09-22", "Latitude": 42.38788154, "last_edited_date": "2025-09-22", "ShowMoreInfoOnWeb": 0, "ProjectAddress": "1868 Massachusetts Ave"}},{"type": "Point", "id": 350, "coordinates": [8296, 1816], "properties": {"MapLots": "48-129", "CaseType": "Planning Board Special Permit", "GlobalID": "{6376B31D-8C5B-43D9-9D16-4AB0B41A97EC}", "CaseStatus": "Under construction", "ProjectName": "MIT Kendall Square SoMa", "CaseID": "PB-303", "Longitude": -71.08387725, "ShowOnWeb": 1, "created_date": "2025-09-22", "Latitude": 42.36176763, "last_edited_date": "2025-09-22", "ShowMoreInfoOnWeb": 1, "ProjectAddress": "60 Wadsworth St"}},{"type": "Point", "id": 38, "coordinates": [1531, 7570], "properties": {"MapLots": "123A-627", "CaseType": "Planning Board Special Permit", "GlobalID": "{6C67FD70-29D1-40EC-945D-15DE888DE6BD}", "CaseStatus": "Denied", "CaseID": "PB-032", "Longitude": -71.1438579, "ShowOnWeb": 0, "created_date": "2025-09-22", "Latitude": 42.38880535, "last_edited_date": "2025-09-22", "ShowMoreInfoOnWeb": 0, "ProjectAddress": "551 Concord Ave"}},{"type": "Point", "id": 52, "coordinates": [7869, 3730], "properties": {"MapLots": "34-141", "CaseType": "Planning Board Special Permit", "GlobalID": "{F1D1D74A-9E0C-4854-9B15-654D45E6117C}", "CaseStatus": "Built", "CaseID": "PB-046", "Longitude": -71.08766271, "ShowOnWeb": 0, "created_date": "2025-09-22", "Latitude": 42.3707626, "last_edited_date": "2025-09-22", "ShowMoreInfoOnWeb": 0, "ProjectAddress": "217 Thorndike St"}},{"type": "Point", "id": 87, "coordinates": [833, 9794], "properties": {"MapLots": "267.1-275", "CaseType": "Planning Board Special Permit", "GlobalID": "{5036BE5E-B7D4-4CBB-8F23-EBBB366A489C}", "CaseStatus": "Built", "CaseID": "PB-083", "Longitude": -71.1500435, "ShowOnWeb": 0, "created_date": "2025-09-22", "Latitude": 42.39925684, "last_edited_date": "2025-09-22", "ShowMoreInfoOnWeb": 0, "ProjectAddress": "211 Concord Turnpike"}},{"type": "Point", "id": 364, "coordinates": [7837, 3343], "properties": {"MapLots": "32-52", "CaseType": "Planning Board Special Permit", "GlobalID": "{2D64DC04-D170-4242-82FD-5359EEB10DCE}", "CaseStatus": "Expired", "ProjectName": "135 Fulkerson", "CaseID": "PB-313", "Longitude": -71.08794325, "ShowOnWeb": 0, "created_date": "2025-09-22", "Latitude": 42.36894323, "last_edited_date": "2025-09-22", "ShowMoreInfoOnWeb": 1, "ProjectAddress": "135 Fulkerson St"}},{"type": "Point", "id": 425, "coordinates": [8807, 4023], "properties": {"MapLots": "20-103", "CaseType": "Planning Board Special Permit", "GlobalID": "{EE551EC0-488F-4E0E-A64A-9F72178493B5}", "CaseStatus": "Built", "ProjectName": "Nuestra", "CaseID": "PB-366", "Longitude": -71.07934896, "ShowOnWeb": 1, "created_date": "2025-09-22", "Latitude": 42.37213781, "last_edited_date": "2025-09-22", "ShowMoreInfoOnWeb": 1, "ProjectAddress": "200 Monsignor O'Brien Hwy"}},{"type": "Point", "id": 456, "coordinates": [4133, 7773], "properties": {"MapLots": "178-117", "CaseType": "Planning Board Special Permit", "GlobalID": "{295EFAE5-3415-49CD-91D1-7B09C5DC55E0}", "CaseStatus": "Permitted", "CaseID": "PB-392", "Longitude": -71.12078741, "ShowOnWeb": 1, "created_date": "2025-09-22", "Latitude": 42.38976093, "last_edited_date": "2025-09-22", "ShowMoreInfoOnWeb": 1, "ProjectAddress": "1960 Massachusetts Ave"}},{"type": "Point", "id": 483, "coordinates": [6484, 2864], "properties": {"MapLots": "89-28", "CaseType": "Affordable Housing Overlay Design Review", "GlobalID": "{585E5360-8702-4042-B29D-48514FB605E7}", "CaseStatus": "Under construction", "ProjectName": "116 Norfolk Street", "CaseID": "AHO-005", "AHOWebLink": "https://www.cambridgema.gov/CDD/Projects/Housing/116norfolkstreet", "ShowOnWeb": 1, "Longitude": -71.10010294, "created_date": "2025-09-22", "Latitude": 42.36677568, "last_edited_date": "2026-04-01", "ShowMoreInfoOnWeb": 0, "ProjectAddress": "116 Norfolk St"}},{"type": "Point", "id": 107, "coordinates": [4504, 3834], "properties": {"MapLots": "123A-507", "CaseType": "Planning Board Special Permit", "GlobalID": "{1F659733-C308-4575-BEA7-D8AAD8CBA3F4}", "CaseStatus": "Denied", "CaseID": "PB-102", "Longitude": -71.11749352, "ShowOnWeb": 0, "created_date": "2025-09-22", "Latitude": 42.37124969, "last_edited_date": "2025-09-22", "ShowMoreInfoOnWeb": 0, "ProjectAddress": "52 Mount Auburn St"}},{"type": "Point", "id": 161, "coordinates": [6389, 1567], "properties": {"MapLots": "68-75", "CaseType": "Planning Board Special Permit", "GlobalID": "{41F599F9-39E1-4F02-8CBD-5648181062B0}", "CaseStatus": "Built", "ProjectName": "University Park", "CaseID": "PB-152", "Longitude": -71.10078198, "ShowOnWeb": 0, "created_date": "2025-09-22", "Latitude": 42.36059771, "last_edited_date": "2025-09-22", "ShowMoreInfoOnWeb": 0, "ProjectAddress": "65 Landsdowne St"}},{"type": "Point", "id": 192, "coordinates": [5905, 2621], "properties": {"MapLots": "123A-554", "CaseType": "Planning Board Special Permit", "GlobalID": "{A6B24E93-6258-4D5C-AB64-7259E5ACDE7B}", "CaseStatus": "Expired", "ProjectName": "Harry Katis/StoneRiver", "CaseID": "PB-178", "Longitude": -71.10507947, "ShowOnWeb": 0, "created_date": "2025-09-22", "Latitude": 42.36554988, "last_edited_date": "2025-09-22", "ShowMoreInfoOnWeb": 0, "ProjectAddress": "355 Green St"}},{"type": "Point", "id": 224, "coordinates": [5742, 1252], "properties": {"MapLots": "97-73", "CaseType": "Planning Board Special Permit", "GlobalID": "{1E71D4A4-4685-4607-AEF9-D760E9720B50}", "CaseStatus": "Built", "CaseID": "PB-197", "Longitude": -71.10651975, "ShowOnWeb": 0, "created_date": "2025-09-22", "Latitude": 42.35911774, "last_edited_date": "2025-09-22", "ShowMoreInfoOnWeb": 0, "ProjectAddress": "201 Brookline St"}},{"type": "Point", "id": 250, "coordinates": [6348, 2175], "properties": {"MapLots": "92-89", "CaseType": "Planning Board Special Permit", "GlobalID": "{DF611303-5797-479E-A349-183D27A77E7D}", "CaseStatus": "Built", "ProjectName": "Central Square Theatre", "CaseID": "PB-217", "Longitude": -71.10115034, "ShowOnWeb": 0, "created_date": "2025-09-22", "Latitude": 42.3634539, "last_edited_date": "2025-09-22", "ShowMoreInfoOnWeb": 0, "ProjectAddress": "450 Massachusetts Avenue"}},{"type": "Point", "id": 286, "coordinates": [8717, 2516], "properties": {"MapLots": "16-30", "CaseType": "Planning Board Special Permit", "GlobalID": "{9740C05D-0AA9-4F5C-9D5D-926B3434541D}", "CaseStatus": "Built", "ProjectName": "Alexandria", "CaseID": "PB-243", "Longitude": -71.08014061, "ShowOnWeb": 1, "created_date": "2025-09-22", "Latitude": 42.36505791, "last_edited_date": "2025-09-22", "ShowMoreInfoOnWeb": 1, "ProjectAddress": "41 Linskey Way"}},{"type": "Point", "id": 318, "coordinates": [8364, 2188], "properties": {"MapLots": "14-1038", "CaseType": "Planning Board Special Permit", "GlobalID": "{5DBF43B1-DC81-4AFA-9A76-F30DCB9AAE03}", "CaseStatus": "Built", "ProjectName": "Watermark Green Roof", "CaseID": "PB-275", "Longitude": -71.08327554, "ShowOnWeb": 1, "created_date": "2025-09-22", "Latitude": 42.36351276, "last_edited_date": "2025-09-22", "ShowMoreInfoOnWeb": 1, "ProjectAddress": "350 Third St"}},{"type": "Point", "id": 332, "coordinates": [8777, 3407], "properties": {"MapLots": "19-22", "CaseType": "Planning Board Special Permit", "GlobalID": "{64143898-1BEB-46D5-A492-82D518EAB602}", "CaseStatus": "Built", "ProjectName": "Courthouse", "CaseID": "PB-288", "Longitude": -71.07961282, "ShowOnWeb": 1, "created_date": "2025-09-22", "Latitude": 42.36924446, "last_edited_date": "2025-09-22", "ShowMoreInfoOnWeb": 1, "ProjectAddress": "40 Thorndike St"}},{"type": "Point", "id": 349, "coordinates": [7978, 1896], "properties": {"MapLots": "48-129", "CaseType": "Planning Board Special Permit", "GlobalID": "{55C63B5C-B4B6-4E75-8127-0ECA92400EA3}", "CaseStatus": "Built", "ProjectName": "MIT Kendall Square SoMa", "CaseID": "PB-303", "Longitude": -71.08669748, "ShowOnWeb": 1, "created_date": "2025-09-22", "Latitude": 42.36214089, "last_edited_date": "2025-09-22", "ShowMoreInfoOnWeb": 1, "ProjectAddress": "314 Main St"}},{"type": "Point", "id": 37, "coordinates": [8816, 2199], "properties": {"MapLots": "13-16", "CaseType": "Planning Board Special Permit", "GlobalID": "{6ED9CA88-38F8-42DA-9042-0C7E2C42758E}", "CaseStatus": "Built", "ProjectName": "Riverview", "CaseID": "PB-031", "Longitude": -71.07926448, "ShowOnWeb": 0, "created_date": "2025-09-22", "Latitude": 42.36356865, "last_edited_date": "2025-09-22", "ShowMoreInfoOnWeb": 0, "ProjectAddress": "235 First St"}},{"type": "Point", "id": 51, "coordinates": [9353, 2969], "properties": {"MapLots": "9-31", "CaseType": "Planning Board Special Permit", "GlobalID": "{E890EC1E-586B-4421-860A-811D3F4F60F5}", "CaseStatus": "Built", "ProjectName": "Sonesta Hotel", "CaseID": "PB-045", "Longitude": -71.07450292, "ShowOnWeb": 0, "created_date": "2025-09-22", "Latitude": 42.36718447, "last_edited_date": "2025-09-22", "ShowMoreInfoOnWeb": 0, "ProjectAddress": "5 Cambridge Parkway"}},{"type": "Point", "id": 88, "coordinates": [4836, 3772], "properties": {"MapLots": "123A-497", "CaseType": "Planning Board Special Permit", "GlobalID": "{3A631447-4FCB-4F97-A54B-E94E3C29B7E8}", "CaseStatus": "Expired", "ProjectName": "4-6 Arrow St", "CaseID": "PB-084", "Longitude": -71.11455444, "ShowOnWeb": 0, "created_date": "2025-09-22", "Latitude": 42.37095847, "last_edited_date": "2025-09-22", "ShowMoreInfoOnWeb": 0, "ProjectAddress": "4 Arrow St"}},{"type": "Point", "id": 363, "coordinates": [5207, 3478], "properties": {"MapLots": "116-12", "CaseType": "Planning Board Special Permit", "GlobalID": "{02D25198-3F09-458F-9D44-66EA26DA7669}", "CaseStatus": "Built", "ProjectName": "Sage medical", "CaseID": "PB-312", "Longitude": -71.11125966, "ShowOnWeb": 0, "created_date": "2025-09-22", "Latitude": 42.36957569, "last_edited_date": "2025-09-22", "ShowMoreInfoOnWeb": 1, "ProjectAddress": "1001 Massachusetts Ave"}},{"type": "Point", "id": 426, "coordinates": [7776, 3051], "properties": {"MapLots": "31-20", "CaseType": "Planning Board Special Permit", "GlobalID": "{BAB4D7B0-6810-4901-81BC-1D3322237132}", "CaseStatus": "Built", "ProjectName": "325 Binney St", "CaseID": "PB-367", "Longitude": -71.08849085, "ShowOnWeb": 1, "created_date": "2025-09-22", "Latitude": 42.36757023, "last_edited_date": "2025-09-22", "ShowMoreInfoOnWeb": 1, "ProjectAddress": "303 Binney St"}},{"type": "Point", "id": 455, "coordinates": [872, 8192], "properties": {"MapLots": "267.4-311", "CaseType": "Planning Board Special Permit", "GlobalID": "{261C02BB-076D-43A3-95A7-502984EEDDC2}", "CaseStatus": "Withdrawn", "ProjectName": "Fifteen Wilson", "CaseID": "PB-391", "Longitude": -71.14969836, "ShowOnWeb": 0, "created_date": "2025-09-22", "Latitude": 42.39172849, "last_edited_date": "2025-09-22", "ShowMoreInfoOnWeb": 0, "ProjectAddress": "40 Smith Pl"}},{"type": "Point", "id": 484, "coordinates": [4292, 5833], "properties": {"MapLots": "157-1", "CaseType": "Affordable Housing Overlay Design Review", "GlobalID": "{3394E204-B29B-48CF-9823-8C9438F21B21}", "CaseStatus": "Reviewed", "ProjectName": "4 Mellen Street / 1627 Mass Ave", "CaseID": "AHO-006", "AHOWebLink": "https://www.cambridgema.gov/CDD/Projects/Housing/1627massave", "ShowOnWeb": 1, "Longitude": -71.11957253, "created_date": "2025-09-22", "Latitude": 42.38066548, "last_edited_date": "2026-04-01", "ShowMoreInfoOnWeb": 0, "ProjectAddress": "1627 Massachusetts Ave"}},{"type": "Point", "id": 117, "coordinates": [734, 5006], "properties": {"MapLots": "254-30", "CaseType": "Planning Board Special Permit", "GlobalID": "{FC6BC2E0-C16D-4E90-B534-DAF68149DD39}", "CaseStatus": "Built", "CaseID": "PB-112", "Longitude": -71.15091834, "ShowOnWeb": 0, "created_date": "2025-09-22", "Latitude": 42.3767582, "last_edited_date": "2025-09-22", "ShowMoreInfoOnWeb": 0, "ProjectAddress": "84 Holworthy St"}},{"type": "Point", "id": 274, "coordinates": [5741, 625], "properties": {"MapLots": "66-124", "CaseType": "Planning Board Special Permit", "GlobalID": "{9BB351D8-7E45-4BC0-B655-EE9317A14644}", "CaseStatus": "Built", "ProjectName": "Putnam Green", "CaseID": "PB-240", "Longitude": -71.10653088, "ShowOnWeb": 0, "created_date": "2025-09-22", "Latitude": 42.35617161, "last_edited_date": "2025-09-22", "ShowMoreInfoOnWeb": 0, "ProjectAddress": "625 Putnam Ave"}},{"type": "Point", "id": 391, "coordinates": [7070, 4246], "properties": {"MapLots": "81-102", "CaseType": "Planning Board Special Permit", "GlobalID": "{9AB3F091-B69C-428A-9B2C-ABD6E1F04595}", "CaseStatus": "Built", "ProjectName": "1043-1059 Cambridge Street", "CaseID": "PB-336", "Longitude": -71.0947469, "ShowOnWeb": 1, "created_date": "2025-09-22", "Latitude": 42.37318466, "last_edited_date": "2025-09-22", "ShowMoreInfoOnWeb": 1, "ProjectAddress": "1055 Cambridge St"}},{"type": "Point", "id": 418, "coordinates": [4217, 7579], "properties": {"MapLots": "178-133", "CaseType": "Planning Board Special Permit", "GlobalID": "{F25233D6-94FB-4803-900E-AACB62A276ED}", "CaseStatus": "Permitted", "ProjectName": "Porter Square Remedies", "CaseID": "PB-363", "Longitude": -71.12004461, "ShowOnWeb": 1, "created_date": "2025-09-22", "Latitude": 42.38884724, "last_edited_date": "2025-09-22", "ShowMoreInfoOnWeb": 1, "ProjectAddress": "1908 Massachusetts Ave"}},{"type": "Point", "id": 76, "coordinates": [2797, 9427], "properties": {"MapLots": "190-21", "CaseType": "Planning Board Special Permit", "GlobalID": "{C5FDB691-4781-41F9-B6DC-EFA03B76747C}", "CaseStatus": "Built", "CaseID": "PB-071", "Longitude": -71.13262988, "ShowOnWeb": 0, "created_date": "2025-09-22", "Latitude": 42.39753223, "last_edited_date": "2025-09-22", "ShowMoreInfoOnWeb": 0, "ProjectAddress": "69 Harvey St"}},{"type": "Point", "id": 118, "coordinates": [3973, 8093], "properties": {"MapLots": "123A-655", "CaseType": "Planning Board Special Permit", "GlobalID": "{33711CEF-A958-455A-AB08-DC88E81E1006}", "CaseStatus": "Denied", "ProjectName": "Speedy Muffler", "CaseID": "PB-113", "Longitude": -71.12220013, "ShowOnWeb": 0, "created_date": "2025-09-22", "Latitude": 42.39126393, "last_edited_date": "2025-09-22", "ShowMoreInfoOnWeb": 0, "ProjectAddress": "2055 Massachusetts Ave"}},{"type": "Point", "id": 273, "coordinates": [3080, 9530], "properties": {"MapLots": "184-106", "CaseType": "Planning Board Special Permit", "GlobalID": "{67054AD5-289A-4DD8-AFA6-61EFC19A1397}", "CaseStatus": "Built", "ProjectName": "Rounder Records", "CaseID": "PB-239", "Longitude": -71.13011945, "ShowOnWeb": 0, "created_date": "2025-09-22", "Latitude": 42.39801315, "last_edited_date": "2025-09-22", "ShowMoreInfoOnWeb": 0, "ProjectAddress": "7 Cameron Ave"}},{"type": "Point", "id": 392, "coordinates": [6896, 3787], "properties": {"MapLots": "79-5", "CaseType": "Planning Board Special Permit", "GlobalID": "{1E5D1AF2-78FA-434E-A15D-905D5A3A3A2A}", "CaseStatus": "Built", "ProjectName": "178 Elm St", "CaseID": "PB-337", "Longitude": -71.09629017, "ShowOnWeb": 1, "created_date": "2025-09-22", "Latitude": 42.37102675, "last_edited_date": "2025-09-22", "ShowMoreInfoOnWeb": 1, "ProjectAddress": "178 Elm St"}},{"type": "Point", "id": 417, "coordinates": [8431, 2885], "properties": {"MapLots": "27-82", "CaseType": "Planning Board Special Permit", "GlobalID": "{8D3AF334-9A62-4C3F-86A9-AB106FEF7133}", "CaseStatus": "Built", "ProjectName": "Foundry", "CaseID": "PB-362", "Longitude": -71.08267805, "ShowOnWeb": 1, "created_date": "2025-09-22", "Latitude": 42.36679039, "last_edited_date": "2025-09-22", "ShowMoreInfoOnWeb": 1, "ProjectAddress": "101 Rogers St"}},{"type": "Point", "id": 75, "coordinates": [4338, 6860], "properties": {"MapLots": "153-14", "CaseType": "Planning Board Special Permit", "GlobalID": "{32D8FB05-575D-4B45-B5FB-871A0D63F1C2}", "CaseStatus": "Built", "CaseID": "PB-070", "Longitude": -71.11897119, "ShowOnWeb": 0, "created_date": "2025-09-22", "Latitude": 42.38546895, "last_edited_date": "2025-09-22", "ShowMoreInfoOnWeb": 0, "ProjectAddress": "1771 Massachusetts Ave"}},{"type": "Point", "id": 115, "coordinates": [3365, 8794], "properties": {"MapLots": "196-120", "CaseType": "Planning Board Special Permit", "GlobalID": "{2F8F0331-8F85-4E4D-B37C-C7ADB5F9730B}", "CaseStatus": "Built", "ProjectName": "1-3 Hollis St", "CaseID": "PB-110", "Longitude": -71.12759389, "ShowOnWeb": 0, "created_date": "2025-09-22", "Latitude": 42.39455886, "last_edited_date": "2025-09-22", "ShowMoreInfoOnWeb": 0, "ProjectAddress": "1 Hollis St"}},{"type": "Point", "id": 272, "coordinates": [7105, 1827], "properties": {"MapLots": "71-56", "CaseType": "Planning Board Special Permit", "GlobalID": "{EB4AF1AD-AF41-4678-8BE2-A5F5E6BE6967}", "CaseStatus": "Built", "ProjectName": "Pfizer", "CaseID": "PB-238", "Longitude": -71.09443312, "ShowOnWeb": 0, "created_date": "2025-09-22", "Latitude": 42.361819, "last_edited_date": "2025-09-22", "ShowMoreInfoOnWeb": 1, "ProjectAddress": "650 Main St"}},{"type": "Point", "id": 379, "coordinates": [4078, 4065], "properties": {"MapLots": "162-18", "CaseType": "Planning Board Special Permit", "GlobalID": "{244C48C1-1DB9-4315-90BC-49E83CC23944}", "CaseStatus": "Built", "CaseID": "PB-325", "Longitude": -71.12127507, "ShowOnWeb": 0, "created_date": "2025-09-22", "Latitude": 42.3723364, "last_edited_date": "2025-09-22", "ShowMoreInfoOnWeb": 1, "ProjectAddress": "98 Winthrop St"}},{"type": "Point", "id": 393, "coordinates": [1530, 8698], "properties": {"MapLots": "265D-50", "CaseType": "Planning Board Special Permit", "GlobalID": "{96ECDF91-AEA7-4BD7-A5BF-3DD16A76166C}", "CaseStatus": "Built", "ProjectName": "50 Cambridgepark Dr", "CaseID": "PB-338", "Longitude": -71.14386334, "ShowOnWeb": 1, "created_date": "2025-09-22", "Latitude": 42.39410662, "last_edited_date": "2025-09-22", "ShowMoreInfoOnWeb": 1, "ProjectAddress": "36 Cambridgepark Dr"}},{"type": "Point", "id": 416, "coordinates": [5951, 2782], "properties": {"MapLots": "107-8", "CaseType": "Planning Board Special Permit", "GlobalID": "{6559EC58-222D-4577-946F-66A46D0F60A7}", "CaseStatus": "Under construction", "ProjectName": "711-727 Massachusetts Ave", "CaseID": "PB-361", "Longitude": -71.10466954, "ShowOnWeb": 1, "created_date": "2025-09-22", "Latitude": 42.36630652, "last_edited_date": "2025-09-22", "ShowMoreInfoOnWeb": 1, "ProjectAddress": "727 Massachusetts Ave"}},{"type": "Point", "id": 78, "coordinates": [4752, 3891], "properties": {"MapLots": "133-43", "CaseType": "Planning Board Special Permit", "GlobalID": "{9F02771F-7522-4C9C-9AF4-8E3CC75CCEB0}", "CaseStatus": "Built", "ProjectName": "19-23 Arrow St", "CaseID": "PB-073", "Longitude": -71.11529732, "ShowOnWeb": 0, "created_date": "2025-09-22", "Latitude": 42.37151749, "last_edited_date": "2025-09-22", "ShowMoreInfoOnWeb": 0, "ProjectAddress": "21 Arrow St"}},{"type": "Point", "id": 116, "coordinates": [1701, 6350], "properties": {"MapLots": "123A-635", "CaseType": "Planning Board Special Permit", "GlobalID": "{D5586712-67B1-458F-9A12-56BA979CE043}", "CaseStatus": "No decision", "ProjectName": "Gulf Gas Station", "CaseID": "PB-111", "Longitude": -71.14235072, "ShowOnWeb": 0, "created_date": "2025-09-22", "Latitude": 42.38307093, "last_edited_date": "2025-09-22", "ShowMoreInfoOnWeb": 0, "ProjectAddress": "260 Lexington Ave"}},{"type": "Point", "id": 271, "coordinates": [7129, 2012], "properties": {"MapLots": "71-56", "CaseType": "Planning Board Special Permit", "GlobalID": "{38F8ADB0-11FF-4262-8592-21E794FC3B45}", "CaseStatus": "Built", "ProjectName": "Pfizer", "CaseID": "PB-238", "Longitude": -71.09422149, "ShowOnWeb": 0, "created_date": "2025-09-22", "Latitude": 42.36268637, "last_edited_date": "2025-09-22", "ShowMoreInfoOnWeb": 1, "ProjectAddress": "650 Main St"}},{"type": "Point", "id": 380, "coordinates": [1013, 9769], "properties": {"MapLots": "267.1-275", "CaseType": "Planning Board Special Permit", "GlobalID": "{E1E217DC-1F4C-4FF3-85DB-223FC1C4973B}", "CaseStatus": "Built", "ProjectName": "The Residences at Alewife Sta.", "CaseID": "PB-326", "Longitude": -71.14844828, "ShowOnWeb": 1, "created_date": "2025-09-22", "Latitude": 42.39913677, "last_edited_date": "2025-09-22", "ShowMoreInfoOnWeb": 1, "ProjectAddress": "201 Concord Tpke"}},{"type": "Point", "id": 394, "coordinates": [6252, 2444], "properties": {"MapLots": "90-155", "CaseType": "Planning Board Special Permit", "GlobalID": "{19111540-ADDA-46D0-AB64-4C2EEA3DC1BF}", "CaseStatus": "Built", "ProjectName": "541 Massachusetts Ave", "CaseID": "PB-339", "Longitude": -71.1020008, "ShowOnWeb": 1, "created_date": "2025-09-22", "Latitude": 42.36471949, "last_edited_date": "2025-09-22", "ShowMoreInfoOnWeb": 1, "ProjectAddress": "541 Massachusetts Ave"}},{"type": "Point", "id": 415, "coordinates": [884, 4624], "properties": {"MapLots": "252-158", "CaseType": "Planning Board Special Permit", "GlobalID": "{778EBFB2-C9AC-4BE8-94B9-20D6D60D6CCD}", "CaseStatus": "Built", "ProjectName": "The KG Collective", "CaseID": "PB-360", "Longitude": -71.1495898, "ShowOnWeb": 1, "created_date": "2025-09-22", "Latitude": 42.37495972, "last_edited_date": "2025-09-22", "ShowMoreInfoOnWeb": 1, "ProjectAddress": "701 Mt Auburn St"}},{"type": "Point", "id": 77, "coordinates": [1670, 7442], "properties": {"MapLots": "265A-31", "CaseType": "Planning Board Special Permit", "GlobalID": "{BC46B7FA-BB93-4DE3-9384-6693B05EFBBC}", "CaseStatus": "Built", "ProjectName": "One Concord Lane", "CaseID": "PB-072", "Longitude": -71.14262529, "ShowOnWeb": 0, "created_date": "2025-09-22", "Latitude": 42.38820405, "last_edited_date": "2025-09-22", "ShowMoreInfoOnWeb": 0, "ProjectAddress": "545 Concord Ave"}},{"type": "Point", "id": 113, "coordinates": [1880, 6928], "properties": {"MapLots": "123A-588", "CaseType": "Planning Board Special Permit", "GlobalID": "{56AE2DFD-9E90-438C-84F3-DA1EE98EE591}", "CaseStatus": "Denied", "ProjectName": "Fresh Pond Seafood", "CaseID": "PB-108", "Longitude": -71.14075771, "ShowOnWeb": 0, "created_date": "2025-09-22", "Latitude": 42.38579061, "last_edited_date": "2025-09-22", "ShowMoreInfoOnWeb": 0, "ProjectAddress": "355 Fresh Pond Parkway"}},{"type": "Point", "id": 278, "coordinates": [8637, 2532], "properties": {"MapLots": "16-30", "CaseType": "Planning Board Special Permit", "GlobalID": "{DA2B0B9B-1A79-4007-9594-B19961AD0CF6}", "CaseStatus": "Built", "ProjectName": "Alexandria", "CaseID": "PB-243", "Longitude": -71.08085026, "ShowOnWeb": 1, "created_date": "2025-09-22", "Latitude": 42.36513247, "last_edited_date": "2025-09-22", "ShowMoreInfoOnWeb": 1, "ProjectAddress": "100 Binney St"}},{"type": "Point", "id": 300, "coordinates": [7783, 2186], "properties": {"MapLots": "43-77", "CaseType": "Planning Board Special Permit", "GlobalID": "{8636AE7B-799B-4EB5-8377-E137B26653E6}", "CaseStatus": "Built", "ProjectName": "Broad Institute", "CaseID": "PB-257", "Longitude": -71.08842536, "ShowOnWeb": 0, "created_date": "2025-09-22", "Latitude": 42.36350731, "last_edited_date": "2025-09-22", "ShowMoreInfoOnWeb": 0, "ProjectAddress": "75 Ames St"}},{"type": "Point", "id": 395, "coordinates": [6005, 2545], "properties": {"MapLots": "106-105", "CaseType": "Planning Board Special Permit", "GlobalID": "{8B117769-47A1-4C6B-9E58-AA9184D929B6}", "CaseStatus": "Built", "ProjectName": "Amazon Formula Business", "CaseID": "PB-340", "Longitude": -71.10419253, "ShowOnWeb": 1, "created_date": "2025-09-22", "Latitude": 42.36519033, "last_edited_date": "2025-09-22", "ShowMoreInfoOnWeb": 1, "ProjectAddress": "624 Massachusetts Ave"}},{"type": "Point", "id": 414, "coordinates": [719, 8436], "properties": {"MapLots": "267.3-267", "CaseType": "Planning Board Special Permit", "GlobalID": "{EFB8B77A-71DD-4E45-B66F-493FAF33AB31}", "CaseStatus": "Built", "CaseID": "PB-359", "Longitude": -71.15105125, "ShowOnWeb": 1, "created_date": "2025-09-22", "Latitude": 42.39287252, "last_edited_date": "2025-09-22", "ShowMoreInfoOnWeb": 1, "ProjectAddress": "75-109 Smith Pl"}},{"type": "Point", "id": 49, "coordinates": [1996, 9619], "properties": {"MapLots": "269-132", "CaseType": "Planning Board Special Permit", "GlobalID": "{96689BBF-9E86-4996-81F7-EDE7E014F630}", "CaseStatus": "Built", "CaseID": "PB-043", "Longitude": -71.13973384, "ShowOnWeb": 0, "created_date": "2025-09-22", "Latitude": 42.39843462, "last_edited_date": "2025-09-22", "ShowMoreInfoOnWeb": 0, "ProjectAddress": "148 Whittemore Ave"}},{"type": "Point", "id": 72, "coordinates": [9146, 3150], "properties": {"MapLots": "8-86", "CaseType": "Planning Board Special Permit", "GlobalID": "{875ABF06-B9BE-4AF9-90C3-B34CF2307D91}", "CaseStatus": "Built", "ProjectName": "CambridgeSide Galleria", "CaseID": "PB-066", "Longitude": -71.0763377, "ShowOnWeb": 0, "created_date": "2025-09-22", "Latitude": 42.36803522, "last_edited_date": "2025-09-22", "ShowMoreInfoOnWeb": 1, "ProjectAddress": "110 First St"}},{"type": "Point", "id": 114, "coordinates": [1857, 6831], "properties": {"MapLots": "260-73", "CaseType": "Planning Board Special Permit", "GlobalID": "{FB5B8F18-ED96-4B59-A3A9-2C07DE026012}", "CaseStatus": "Built", "ProjectName": "Fresh Pond Mobil", "CaseID": "PB-109", "Longitude": -71.1409657, "ShowOnWeb": 0, "created_date": "2025-09-22", "Latitude": 42.3853331, "last_edited_date": "2025-09-22", "ShowMoreInfoOnWeb": 0, "ProjectAddress": "343 Fresh Pond Parkway"}},{"type": "Point", "id": 277, "coordinates": [2964, 8861], "properties": {"MapLots": "192-8", "CaseType": "Planning Board Special Permit", "GlobalID": "{EDFE79B0-2FBC-47DA-9EEC-DB73F793853F}", "CaseStatus": "Built", "CaseID": "PB-242", "Longitude": -71.13115224, "ShowOnWeb": 0, "created_date": "2025-09-22", "Latitude": 42.39487317, "last_edited_date": "2025-09-22", "ShowMoreInfoOnWeb": 0, "ProjectAddress": "49 Cedar St"}},{"type": "Point", "id": 299, "coordinates": [7374, 2774], "properties": {"MapLots": "42-6", "CaseType": "Planning Board Special Permit", "GlobalID": "{C3128585-0359-4862-9BDB-B4A006FCBA0C}", "CaseStatus": "Expired", "CaseID": "PB-256", "Longitude": -71.09205352, "ShowOnWeb": 0, "created_date": "2025-09-22", "Latitude": 42.36626722, "last_edited_date": "2025-09-22", "ShowMoreInfoOnWeb": 0, "ProjectAddress": "34-36 Hampshire St"}},{"type": "Point", "id": 396, "coordinates": [736, 4979], "properties": {"MapLots": "254-31", "CaseType": "Planning Board Special Permit", "GlobalID": "{858BC653-C85E-4BC5-A355-832BA785BF2A}", "CaseStatus": "Built", "CaseID": "PB-341", "Longitude": -71.15090243, "ShowOnWeb": 1, "created_date": "2025-09-22", "Latitude": 42.37662942, "last_edited_date": "2025-09-22", "ShowMoreInfoOnWeb": 1, "ProjectAddress": "78 Holworthy St"}},{"type": "Point", "id": 413, "coordinates": [7373, 2769], "properties": {"MapLots": "42-5", "CaseType": "Planning Board Special Permit", "GlobalID": "{984048D5-8266-4416-A60F-79DE94281E38}", "CaseStatus": "Permitted", "CaseID": "PB-358", "Longitude": -71.09206175, "ShowOnWeb": 1, "created_date": "2025-09-22", "Latitude": 42.36624651, "last_edited_date": "2025-09-22", "ShowMoreInfoOnWeb": 1, "ProjectAddress": "40 Hampshire St"}},{"type": "Point", "id": 50, "coordinates": [8538, 1933], "properties": {"MapLots": "123A-469", "CaseType": "Planning Board Special Permit", "GlobalID": "{9EE136A0-57B4-4D6E-BB28-71E0553FE6EA}", "CaseStatus": "Built", "ProjectName": "Broad Canal Phase 2", "CaseID": "PB-044", "Longitude": -71.08173099, "ShowOnWeb": 0, "created_date": "2025-09-22", "Latitude": 42.36231634, "last_edited_date": "2025-09-22", "ShowMoreInfoOnWeb": 0, "ProjectAddress": "67-111 Main St"}},{"type": "Point", "id": 71, "coordinates": [9047, 2842], "properties": {"MapLots": "11-144", "CaseType": "Planning Board Special Permit", "GlobalID": "{FCAF2B62-8CB9-4872-B284-B4C785587B71}", "CaseStatus": "Built", "ProjectName": "NE Corner/Lotus", "CaseID": "PB-065", "Longitude": -71.0772218, "ShowOnWeb": 0, "created_date": "2025-09-22", "Latitude": 42.36659035, "last_edited_date": "2025-09-22", "ShowMoreInfoOnWeb": 0, "ProjectAddress": "75 Cambridge Pkwy/1 Rogers St"}},{"type": "Point", "id": 111, "coordinates": [8522, 3730], "properties": {"MapLots": "23-90", "CaseType": "Planning Board Special Permit", "GlobalID": "{521BFDF4-4A2F-4285-8DF2-4584EE2D271D}", "CaseStatus": "Built", "CaseID": "PB-106", "Longitude": -71.08187313, "ShowOnWeb": 0, "created_date": "2025-09-22", "Latitude": 42.37075914, "last_edited_date": "2025-09-22", "ShowMoreInfoOnWeb": 0, "ProjectAddress": "85 Otis St"}},{"type": "Point", "id": 240, "coordinates": [4846, 2273], "properties": {"MapLots": "129-54", "CaseType": "Planning Board Special Permit", "GlobalID": "{6F1A0422-924D-459C-B10C-4EF41B2AE3A0}", "CaseStatus": "Built", "ProjectName": "Switch House", "CaseID": "PB-207", "Longitude": -71.11446233, "ShowOnWeb": 0, "created_date": "2025-09-22", "Latitude": 42.3639123, "last_edited_date": "2025-09-22", "ShowMoreInfoOnWeb": 0, "ProjectAddress": "25 Blackstone St"}},{"type": "Point", "id": 276, "coordinates": [4108, 8028], "properties": {"MapLots": "181-207", "CaseType": "Planning Board Special Permit", "GlobalID": "{D6F830F3-7D4B-4E54-8551-98633AD65AE2}", "CaseStatus": "Built", "ProjectName": "St. James Project", "CaseID": "PB-241", "Longitude": -71.12100865, "ShowOnWeb": 1, "created_date": "2025-09-22", "Latitude": 42.39095921, "last_edited_date": "2025-09-22", "ShowMoreInfoOnWeb": 1, "ProjectAddress": "2013 Massachusetts Ave"}},{"type": "Point", "id": 397, "coordinates": [8799, 4026], "properties": {"MapLots": "20-103", "CaseType": "Planning Board Special Permit", "GlobalID": "{FD563F16-5F6F-4D4A-84D8-B5CFC5B3EDCE}", "CaseStatus": "Expired", "ProjectName": "Ascend", "CaseID": "PB-342", "Longitude": -71.0794201, "ShowOnWeb": 0, "created_date": "2025-09-22", "Latitude": 42.37215068, "last_edited_date": "2026-04-01", "ShowMoreInfoOnWeb": 1, "ProjectAddress": "200 Monsignor O'Brien Hwy"}},{"type": "Point", "id": 412, "coordinates": [7247, 4128], "properties": {"MapLots": "80-51", "CaseType": "Planning Board Special Permit", "GlobalID": "{94028495-2EBC-40A0-AD9D-E6146B77BCFC}", "CaseStatus": "Built", "ProjectName": "Advesa MA, Inc.", "CaseID": "PB-357", "Longitude": -71.09318103, "ShowOnWeb": 1, "created_date": "2025-09-22", "Latitude": 42.37263329, "last_edited_date": "2025-09-22", "ShowMoreInfoOnWeb": 1, "ProjectAddress": "966 Cambridge St"}},{"type": "Point", "id": 469, "coordinates": [6017, 2677], "properties": {"MapLots": "107-136", "CaseType": "Planning Board Special Permit", "GlobalID": "{D53C979A-7500-46E1-A0AF-6997B17D5A4C}", "CaseStatus": "Built", "ProjectName": "Jersey MIke's", "CaseID": "PB-406", "Longitude": -71.10408207, "ShowOnWeb": 1, "created_date": "2025-09-22", "Latitude": 42.36581272, "last_edited_date": "2026-03-22", "ShowMoreInfoOnWeb": 1, "ProjectAddress": "675 Massachusetts Ave"}},{"type": "Point", "id": 74, "coordinates": [2839, 6399], "properties": {"MapLots": "229-110", "CaseType": "Planning Board Special Permit", "GlobalID": "{503B1254-9139-4062-921B-A86292B9CD0A}", "CaseStatus": "Built", "CaseID": "PB-068", "Longitude": -71.13226073, "ShowOnWeb": 0, "created_date": "2025-09-22", "Latitude": 42.38330466, "last_edited_date": "2025-09-22", "ShowMoreInfoOnWeb": 0, "ProjectAddress": "239 Concord Ave"}},{"type": "Point", "id": 112, "coordinates": [6878, 3536], "properties": {"MapLots": "86-107", "CaseType": "Planning Board Special Permit", "GlobalID": "{430961CC-273E-44F8-B4CF-CE1B7E7FA5A8}", "CaseStatus": "Built", "ProjectName": "Blouin", "CaseID": "PB-107", "Longitude": -71.09645231, "ShowOnWeb": 0, "created_date": "2025-09-22", "Latitude": 42.36985104, "last_edited_date": "2025-09-22", "ShowMoreInfoOnWeb": 0, "ProjectAddress": "116 Hampshire St"}},{"type": "Point", "id": 239, "coordinates": [7759, 2064], "properties": {"MapLots": "123A-569", "CaseType": "Planning Board Special Permit", "GlobalID": "{0BF99A70-0689-461F-838A-EA37225BB662}", "CaseStatus": "Expired", "ProjectName": "Broad Housing site", "CaseID": "PB-206", "Longitude": -71.08863881, "ShowOnWeb": 0, "created_date": "2025-09-22", "Latitude": 42.36292985, "last_edited_date": "2025-09-22", "ShowMoreInfoOnWeb": 0, "ProjectAddress": "75 Ames St"}},{"type": "Point", "id": 275, "coordinates": [4114, 8007], "properties": {"MapLots": "181-207", "CaseType": "Planning Board Special Permit", "GlobalID": "{01A6FCAC-4F4B-46A8-9036-EE52929882F7}", "CaseStatus": "Superseded", "ProjectName": "Car Wash", "CaseID": "PB-241", "Longitude": -71.12095089, "ShowOnWeb": 0, "created_date": "2025-09-22", "Latitude": 42.39085631, "last_edited_date": "2025-09-22", "ShowMoreInfoOnWeb": 0, "ProjectAddress": "2013 Massachusetts Ave"}},{"type": "Point", "id": 398, "coordinates": [2890, 7991], "properties": {"MapLots": "195-86", "CaseType": "Planning Board Special Permit", "GlobalID": "{F352C581-9D9C-43AF-9576-C2931EC33C28}", "CaseStatus": "Built", "CaseID": "PB-343", "Longitude": -71.13180861, "ShowOnWeb": 1, "created_date": "2025-09-22", "Latitude": 42.39078359, "last_edited_date": "2025-09-22", "ShowMoreInfoOnWeb": 1, "ProjectAddress": "199 Pemberton St"}},{"type": "Point", "id": 411, "coordinates": [3846, 7689], "properties": {"MapLots": "200-66", "CaseType": "Planning Board Special Permit", "GlobalID": "{E1F7A1CE-A756-4713-9281-A2914957E9CB}", "CaseStatus": "Built", "CaseID": "PB-356", "Longitude": -71.12333309, "ShowOnWeb": 1, "created_date": "2025-09-22", "Latitude": 42.38936439, "last_edited_date": "2025-09-22", "ShowMoreInfoOnWeb": 1, "ProjectAddress": "56 Creighton St"}},{"type": "Point", "id": 470, "coordinates": [469, 7990], "properties": {"MapLots": "267D-300", "CaseType": "Planning Board Special Permit", "GlobalID": "{3D8EF103-5795-455A-B57A-0B0FE88C84D7}", "CaseStatus": "Permitted", "ProjectName": "745 Concord Ave", "CaseID": "PB-407", "Longitude": -71.15327174, "ShowOnWeb": 1, "created_date": "2025-09-22", "Latitude": 42.39077826, "last_edited_date": "2025-09-22", "ShowMoreInfoOnWeb": 1, "ProjectAddress": "745 Concord Ave"}},{"type": "Point", "id": 73, "coordinates": [3925, 4294], "properties": {"MapLots": "168-21", "CaseType": "Planning Board Special Permit", "GlobalID": "{22AA6AFC-2E8E-451B-AE39-2B5FFF4F4A4B}", "CaseStatus": "Built", "CaseID": "PB-067", "Longitude": -71.12262637, "ShowOnWeb": 0, "created_date": "2025-09-22", "Latitude": 42.37341225, "last_edited_date": "2025-09-22", "ShowMoreInfoOnWeb": 0, "ProjectAddress": "119 Mount Auburn St"}},{"type": "Point", "id": 238, "coordinates": [6069, 2934], "properties": {"MapLots": "123A-568", "CaseType": "Planning Board Special Permit", "GlobalID": "{284D9B0B-5FCF-45CF-AAAD-D706D50DDE33}", "CaseStatus": "Expired", "ProjectName": "Vail Court", "CaseID": "PB-205", "Longitude": -71.10362493, "ShowOnWeb": 0, "created_date": "2025-09-22", "Latitude": 42.36702249, "last_edited_date": "2025-09-22", "ShowMoreInfoOnWeb": 0, "ProjectAddress": "1 Vail Ct"}},{"type": "Point", "id": 296, "coordinates": [4374, 7091], "properties": {"MapLots": "153-85", "CaseType": "Planning Board Special Permit", "GlobalID": "{874657DD-5EA5-4A59-9233-593A8558CF4C}", "CaseStatus": "Built", "ProjectName": "Lesley University/AIB", "CaseID": "PB-253", "Longitude": -71.11864882, "ShowOnWeb": 0, "created_date": "2025-09-22", "Latitude": 42.386556, "last_edited_date": "2025-09-22", "ShowMoreInfoOnWeb": 0, "ProjectAddress": "1803 Massachusetts Ave"}},{"type": "Point", "id": 373, "coordinates": [1414, 7650], "properties": {"MapLots": "267F-299", "CaseType": "Planning Board Special Permit", "GlobalID": "{DC823A9A-EA9E-419E-9986-71CB692DB91F}", "CaseStatus": "Built", "ProjectName": "Concord/Wheeler Phase 2", "CaseID": "PB-319", "Longitude": -71.14488975, "ShowOnWeb": 1, "created_date": "2025-09-22", "Latitude": 42.38917938, "last_edited_date": "2026-03-20", "ShowMoreInfoOnWeb": 1, "ProjectAddress": "615 Concord Ave"}},{"type": "Point", "id": 399, "coordinates": [2466, 8682], "properties": {"MapLots": "193-15", "CaseType": "Planning Board Special Permit", "GlobalID": "{4B4BADC5-A076-48BF-A703-5C325428157A}", "CaseStatus": "Built", "CaseID": "PB-344", "Longitude": -71.13556126, "ShowOnWeb": 1, "created_date": "2025-09-22", "Latitude": 42.39403026, "last_edited_date": "2025-09-22", "ShowMoreInfoOnWeb": 1, "ProjectAddress": "14-16 Jackson St"}},{"type": "Point", "id": 45, "coordinates": [1448, 8823], "properties": {"MapLots": "123A-466", "CaseType": "Planning Board Special Permit", "GlobalID": "{393278B2-D940-46AA-A8BB-15D4FE6FFD3E}", "CaseStatus": "Built", "ProjectName": "Road Construction", "CaseID": "PB-039", "Longitude": -71.14459364, "ShowOnWeb": 0, "created_date": "2025-09-22", "Latitude": 42.39469239, "last_edited_date": "2025-09-22", "ShowMoreInfoOnWeb": 0, "ProjectAddress": "CambridgePark Drive"}},{"type": "Point", "id": 467, "coordinates": [554, 4850], "properties": {"MapLots": "255-13", "CaseType": "Planning Board Special Permit", "GlobalID": "{4345A5CA-0050-4946-AACF-3E08117BBAF6}", "CaseStatus": "Permitted", "CaseID": "PB-404", "Longitude": -71.15252035, "ShowOnWeb": 1, "created_date": "2025-09-22", "Latitude": 42.37602373, "last_edited_date": "2025-09-22", "ShowMoreInfoOnWeb": 1, "ProjectAddress": "8 Thingvalla Ave"}},{"type": "Point", "id": 237, "coordinates": [4739, 5697], "properties": {"MapLots": "144-1", "CaseType": "Planning Board Special Permit", "GlobalID": "{1E3EC3B2-DF33-4B70-B30B-655149119500}", "CaseStatus": "Built", "CaseID": "PB-204", "Longitude": -71.11541445, "ShowOnWeb": 0, "created_date": "2025-09-22", "Latitude": 42.3800057, "last_edited_date": "2025-09-22", "ShowMoreInfoOnWeb": 0, "ProjectAddress": "24 Oxford Street"}},{"type": "Point", "id": 295, "coordinates": [3125, 8922], "properties": {"MapLots": "192-151", "CaseType": "Planning Board Special Permit", "GlobalID": "{3D66F0AC-64C9-4C6C-B90D-AF1A9122E56A}", "CaseStatus": "Built", "CaseID": "PB-252", "Longitude": -71.12972368, "ShowOnWeb": 0, "created_date": "2025-09-22", "Latitude": 42.39515774, "last_edited_date": "2025-09-22", "ShowMoreInfoOnWeb": 0, "ProjectAddress": "40 Norris St"}},{"type": "Point", "id": 374, "coordinates": [6483, 2450], "properties": {"MapLots": "91-23", "CaseType": "Planning Board Special Permit", "GlobalID": "{9B10FEFD-8BB2-4D29-AF6C-E21CC53AE455}", "CaseStatus": "Built", "ProjectName": "Twining", "CaseID": "PB-320", "Longitude": -71.09995023, "ShowOnWeb": 1, "created_date": "2025-09-22", "Latitude": 42.36474386, "last_edited_date": "2025-09-22", "ShowMoreInfoOnWeb": 1, "ProjectAddress": "47 Bishop Allen Dr"}},{"type": "Point", "id": 400, "coordinates": [8538, 2984], "properties": {"MapLots": "27-34", "CaseType": "Planning Board Special Permit", "GlobalID": "{6B674FE1-145B-480C-8BF8-2F336DE4D6A2}", "CaseStatus": "Denied", "ProjectName": "Native Sun Wellness", "CaseID": "PB-345", "Longitude": -71.08173623, "ShowOnWeb": 0, "created_date": "2025-09-22", "Latitude": 42.36725741, "last_edited_date": "2025-09-22", "ShowMoreInfoOnWeb": 0, "ProjectAddress": "229-231 Third St"}},{"type": "Point", "id": 46, "coordinates": [3632, 8052], "properties": {"MapLots": "199-158", "CaseType": "Planning Board Special Permit", "GlobalID": "{C543B313-7E8B-4552-95C4-A65C3B5C30A1}", "CaseStatus": "Built", "CaseID": "PB-040", "Longitude": -71.12522625, "ShowOnWeb": 0, "created_date": "2025-09-22", "Latitude": 42.39106982, "last_edited_date": "2025-09-22", "ShowMoreInfoOnWeb": 0, "ProjectAddress": "21 Cogswell Ave"}},{"type": "Point", "id": 468, "coordinates": [6473, 2260], "properties": {"MapLots": "91-206", "CaseType": "Planning Board Special Permit", "GlobalID": "{957911EE-F742-4C3B-B386-DD80B7507D21}", "CaseStatus": "Built", "ProjectName": "Cambridge Stretch, LLC", "CaseID": "PB-405", "Longitude": -71.10004354, "ShowOnWeb": 1, "created_date": "2025-09-22", "Latitude": 42.36385448, "last_edited_date": "2025-09-22", "ShowMoreInfoOnWeb": 1, "ProjectAddress": "425 Massachusetts Ave"}},{"type": "Point", "id": 236, "coordinates": [3102, 8346], "properties": {"MapLots": "195-169", "CaseType": "Planning Board Special Permit", "GlobalID": "{50B46628-7589-48BB-9778-0B0C2181FCA9}", "CaseStatus": "Built", "ProjectName": "St. John's School/Convent", "CaseID": "PB-203", "Longitude": -71.12992658, "ShowOnWeb": 0, "created_date": "2025-09-22", "Latitude": 42.39245143, "last_edited_date": "2025-09-22", "ShowMoreInfoOnWeb": 0, "ProjectAddress": "120 Rindge Avenue"}},{"type": "Point", "id": 280, "coordinates": [8695, 2677], "properties": {"MapLots": "16-30", "CaseType": "Planning Board Special Permit", "GlobalID": "{6316B9BE-8586-4DE7-A300-518C10F449E3}", "CaseStatus": "Built", "ProjectName": "Alexandria", "CaseID": "PB-243", "Longitude": -71.08033595, "ShowOnWeb": 1, "created_date": "2025-09-22", "Latitude": 42.36581342, "last_edited_date": "2025-09-22", "ShowMoreInfoOnWeb": 1, "ProjectAddress": "75 Binney St"}},{"type": "Point", "id": 298, "coordinates": [1332, 8120], "properties": {"MapLots": "267F-392", "CaseType": "Planning Board Special Permit", "GlobalID": "{25E4AEB6-7D53-43C4-923D-1C044D1180D8}", "CaseStatus": "Built", "ProjectName": "Atmark", "CaseID": "PB-255", "Longitude": -71.14562312, "ShowOnWeb": 0, "created_date": "2025-09-22", "Latitude": 42.39139173, "last_edited_date": "2025-09-22", "ShowMoreInfoOnWeb": 0, "ProjectAddress": "70 Fawcett St"}},{"type": "Point", "id": 371, "coordinates": [4986, 1841], "properties": {"MapLots": "127-126", "CaseType": "Planning Board Special Permit", "GlobalID": "{3A98FFD5-F0FB-4269-B99B-256C8F1BBC47}", "CaseStatus": "Expired", "ProjectName": "300 Putnam Avenue", "CaseID": "PB-317", "Longitude": -71.11322183, "ShowOnWeb": 0, "created_date": "2025-09-22", "Latitude": 42.36188483, "last_edited_date": "2026-04-01", "ShowMoreInfoOnWeb": 1, "ProjectAddress": "300 Putnam Ave"}},{"type": "Point", "id": 465, "coordinates": [4437, 7450], "properties": {"MapLots": "152-52", "CaseType": "Planning Board Special Permit", "GlobalID": "{8847C483-C580-43F2-8CF7-CBB301525D20}", "CaseStatus": "Permitted", "CaseID": "PB-402", "Longitude": -71.11809033, "ShowOnWeb": 1, "created_date": "2025-09-22", "Latitude": 42.3882418, "last_edited_date": "2025-09-22", "ShowMoreInfoOnWeb": 1, "ProjectAddress": "815 Somerville Ave"}},{"type": "Point", "id": 47, "coordinates": [780, 9485], "properties": {"MapLots": "123A-467", "CaseType": "Planning Board Special Permit", "GlobalID": "{2903CD08-1A12-4164-B42A-DD3C9B9CA1BA}", "CaseStatus": "Built", "CaseID": "PB-041", "Longitude": -71.15051246, "ShowOnWeb": 0, "created_date": "2025-09-22", "Latitude": 42.39780549, "last_edited_date": "2025-09-22", "ShowMoreInfoOnWeb": 0, "ProjectAddress": "Acorn Park Road"}},{"type": "Point", "id": 235, "coordinates": [6223, 2141], "properties": {"MapLots": "93-135", "CaseType": "Planning Board Special Permit", "GlobalID": "{624E196D-59D4-4049-A392-4A834B62D31A}", "CaseStatus": "Built", "ProjectName": "Manray Site", "CaseID": "PB-202", "Longitude": -71.10225641, "ShowOnWeb": 0, "created_date": "2025-09-22", "Latitude": 42.3632946, "last_edited_date": "2025-09-22", "ShowMoreInfoOnWeb": 0, "ProjectAddress": "21 Brookline Street"}},{"type": "Point", "id": 279, "coordinates": [8615, 2682], "properties": {"MapLots": "16-30", "CaseType": "Planning Board Special Permit", "GlobalID": "{3444EB5F-4856-44C3-8DC1-2B63D8C05BE3}", "CaseStatus": "Built", "ProjectName": "Alexandria", "CaseID": "PB-243", "Longitude": -71.08105318, "ShowOnWeb": 1, "created_date": "2025-09-22", "Latitude": 42.365834, "last_edited_date": "2025-09-22", "ShowMoreInfoOnWeb": 1, "ProjectAddress": "125 Binney St"}},{"type": "Point", "id": 297, "coordinates": [800, 9905], "properties": {"MapLots": "267.1-276", "CaseType": "Planning Board Special Permit", "GlobalID": "{E5CF6375-A67B-4D5B-86DD-001C08F0BAE7}", "CaseStatus": "Built", "ProjectName": "Vox on Two", "CaseID": "PB-254", "Longitude": -71.15033536, "ShowOnWeb": 0, "created_date": "2025-09-22", "Latitude": 42.39977631, "last_edited_date": "2025-09-22", "ShowMoreInfoOnWeb": 0, "ProjectAddress": "223 Concord Ave"}},{"type": "Point", "id": 372, "coordinates": [3908, 7712], "properties": {"MapLots": "200-56", "CaseType": "Planning Board Special Permit", "GlobalID": "{47CD5F32-C7D6-4C57-8D17-BE251A0BEC47}", "CaseStatus": "Built", "ProjectName": "55 Regent Street", "CaseID": "PB-318", "Longitude": -71.12277712, "ShowOnWeb": 1, "created_date": "2025-09-22", "Latitude": 42.38947191, "last_edited_date": "2025-09-22", "ShowMoreInfoOnWeb": 1, "ProjectAddress": "55 Regent St"}},{"type": "Point", "id": 466, "coordinates": [3037, 9308], "properties": {"MapLots": "191-112", "CaseType": "Planning Board Special Permit", "GlobalID": "{37D8E52C-880F-4208-B8BB-ECEDA2D09048}", "CaseStatus": "Permitted", "ProjectName": "2400 Mass. Ave.", "CaseID": "PB-403", "Longitude": -71.13050243, "ShowOnWeb": 1, "created_date": "2025-09-22", "Latitude": 42.39697219, "last_edited_date": "2025-09-22", "ShowMoreInfoOnWeb": 1, "ProjectAddress": "2400 Massachusetts Ave"}},{"type": "Point", "id": 48, "coordinates": [1524, 7834], "properties": {"MapLots": "123A-468", "CaseType": "Planning Board Special Permit", "GlobalID": "{76138FE8-68FD-49C7-933F-8E4534A3BF4C}", "CaseStatus": "Expired", "CaseID": "PB-042", "Longitude": -71.14391445, "ShowOnWeb": 0, "created_date": "2025-09-22", "Latitude": 42.39004616, "last_edited_date": "2025-09-22", "ShowMoreInfoOnWeb": 0, "ProjectAddress": "211 Alewife Brook Parkway"}},{"type": "Point", "id": 234, "coordinates": [3623, 7655], "properties": {"MapLots": "202-90", "CaseType": "Planning Board Special Permit", "GlobalID": "{ABF840B1-3213-4FAD-96AA-A0B09709F331}", "CaseStatus": "Built", "ProjectName": "Oaktree Development", "CaseID": "PB-201", "Longitude": -71.12530764, "ShowOnWeb": 0, "created_date": "2025-09-22", "Latitude": 42.38920449, "last_edited_date": "2025-09-22", "ShowMoreInfoOnWeb": 0, "ProjectAddress": "113 Richdale Avenue"}},{"type": "Point", "id": 292, "coordinates": [8507, 3041], "properties": {"MapLots": "27-25", "CaseType": "Planning Board Special Permit", "GlobalID": "{4C1E6070-96D2-46DB-AB6B-737750AC2C8A}", "CaseStatus": "Built", "CaseID": "PB-249", "Longitude": -71.08200266, "ShowOnWeb": 0, "created_date": "2025-09-22", "Latitude": 42.36752254, "last_edited_date": "2025-09-22", "ShowMoreInfoOnWeb": 0, "ProjectAddress": "126 Charles St"}},{"type": "Point", "id": 377, "coordinates": [7486, 4011], "properties": {"MapLots": "38-1", "CaseType": "Planning Board Special Permit", "GlobalID": "{F49BB390-2B8A-458C-AE8F-B2E903196533}", "CaseStatus": "Built", "ProjectName": "King Open School", "CaseID": "PB-323", "Longitude": -71.09106044, "ShowOnWeb": 1, "created_date": "2025-09-22", "Latitude": 42.37208114, "last_edited_date": "2025-09-22", "ShowMoreInfoOnWeb": 1, "ProjectAddress": "850 Cambridge St"}},{"type": "Point", "id": 41, "coordinates": [9264, 3262], "properties": {"MapLots": "9-41", "CaseType": "Planning Board Special Permit", "GlobalID": "{507CDE8A-CAF9-43E6-A11F-A372FEFFBE27}", "CaseStatus": "Built", "ProjectName": "Aspen Technology", "CaseID": "PB-035", "Longitude": -71.07529095, "ShowOnWeb": 0, "created_date": "2025-09-22", "Latitude": 42.36855956, "last_edited_date": "2025-09-22", "ShowMoreInfoOnWeb": 0, "ProjectAddress": "10 Canal Park"}},{"type": "Point", "id": 463, "coordinates": [556, 4819], "properties": {"MapLots": "255-13", "CaseType": "Planning Board Special Permit", "GlobalID": "{0E837CC2-A96D-4FBA-8519-B8446F08406C}", "CaseStatus": "Withdrawn", "CaseID": "PB-400", "Longitude": -71.15249652, "ShowOnWeb": 0, "created_date": "2025-09-22", "Latitude": 42.37587742, "last_edited_date": "2025-09-22", "ShowMoreInfoOnWeb": 0, "ProjectAddress": "8 Thingvalla Ave"}},{"type": "Point", "id": 80, "coordinates": [2894, 9569], "properties": {"MapLots": "189-92", "CaseType": "Planning Board Special Permit", "GlobalID": "{87094462-F2C0-4231-822E-708B1A559853}", "CaseStatus": "Built", "CaseID": "PB-075", "Longitude": -71.13177222, "ShowOnWeb": 0, "created_date": "2025-09-22", "Latitude": 42.39820075, "last_edited_date": "2025-09-22", "ShowMoreInfoOnWeb": 0, "ProjectAddress": "2456 Massachusetts Ave"}},{"type": "Point", "id": 233, "coordinates": [4742, 2624], "properties": {"MapLots": "130-168", "CaseType": "Planning Board Special Permit", "GlobalID": "{3ECE29D8-F089-4E33-9435-7F558AECD26A}", "CaseStatus": "Built", "ProjectName": "Harvard Housing/Memorial Drive", "CaseID": "PB-200", "Longitude": -71.11538609, "ShowOnWeb": 0, "created_date": "2025-09-22", "Latitude": 42.36556298, "last_edited_date": "2025-09-22", "ShowMoreInfoOnWeb": 0, "ProjectAddress": "889 Memorial Dr"}},{"type": "Point", "id": 291, "coordinates": [4999, 3657], "properties": {"MapLots": "134-50", "CaseType": "Planning Board Special Permit", "GlobalID": "{59FAA198-5866-43C7-A89B-0D5347B0B7CC}", "CaseStatus": "Built", "CaseID": "PB-248", "Longitude": -71.11311042, "ShowOnWeb": 0, "created_date": "2025-09-22", "Latitude": 42.37041933, "last_edited_date": "2025-09-22", "ShowMoreInfoOnWeb": 0, "ProjectAddress": "1067 Massachusetts Ave"}},{"type": "Point", "id": 378, "coordinates": [6534, 2213], "properties": {"MapLots": "91-70", "CaseType": "Planning Board Special Permit", "GlobalID": "{61B13043-A7F7-4A87-AF41-569FDD22C45B}", "CaseStatus": "Built", "ProjectName": "907 Main Street Hotel", "CaseID": "PB-324", "Longitude": -71.09950066, "ShowOnWeb": 1, "created_date": "2025-09-22", "Latitude": 42.3636318, "last_edited_date": "2025-09-22", "ShowMoreInfoOnWeb": 1, "ProjectAddress": "907 Main St"}},{"type": "Point", "id": 42, "coordinates": [4567, 4123], "properties": {"MapLots": "160-48", "CaseType": "Planning Board Special Permit", "GlobalID": "{9A0F44FE-8768-4F35-9A57-DAD1AEB996C5}", "CaseStatus": "Built", "CaseID": "PB-036", "Longitude": -71.1169335, "ShowOnWeb": 0, "created_date": "2025-09-22", "Latitude": 42.37260915, "last_edited_date": "2025-09-22", "ShowMoreInfoOnWeb": 0, "ProjectAddress": "1274 Massachusetts Ave"}},{"type": "Point", "id": 464, "coordinates": [6052, 2636], "properties": {"MapLots": "90-161", "CaseType": "Planning Board Special Permit", "GlobalID": "{AFFF46BF-010F-4056-A632-DD64CE29407E}", "CaseStatus": "Built", "ProjectName": "Dunkin Donuts Formula Business", "CaseID": "PB-401", "Longitude": -71.10377289, "ShowOnWeb": 1, "created_date": "2025-09-22", "Latitude": 42.36561957, "last_edited_date": "2025-09-22", "ShowMoreInfoOnWeb": 1, "ProjectAddress": "655 Massachusetss Ave"}},{"type": "Point", "id": 79, "coordinates": [1118, 8860], "properties": {"MapLots": "123A-645", "CaseType": "Planning Board Special Permit", "GlobalID": "{D102A93A-3634-45A0-8C3C-17428D20D88F}", "CaseStatus": "Built", "CaseID": "PB-074", "Longitude": -71.14751379, "ShowOnWeb": 0, "created_date": "2025-09-22", "Latitude": 42.39486596, "last_edited_date": "2025-09-22", "ShowMoreInfoOnWeb": 0, "ProjectAddress": "160 CambridgePark Drive"}},{"type": "Point", "id": 119, "coordinates": [2910, 9583], "properties": {"MapLots": "123A-657", "CaseType": "Planning Board Special Permit", "GlobalID": "{84C6FAD4-2CC0-4CE6-A4D5-2A6F30F5D923}", "CaseStatus": "Denied", "ProjectName": "Valvoline Oil Change", "CaseID": "PB-114", "Longitude": -71.13162768, "ShowOnWeb": 0, "created_date": "2025-09-22", "Latitude": 42.39826639, "last_edited_date": "2025-09-22", "ShowMoreInfoOnWeb": 0, "ProjectAddress": "2458 Massachusetts Ave"}},{"type": "Point", "id": 232, "coordinates": [4769, 3343], "properties": {"MapLots": "132-157", "CaseType": "Planning Board Special Permit", "GlobalID": "{F1A05050-D938-4240-9B17-D9BD0F674545}", "CaseStatus": "Built", "ProjectName": "Harvard Housing/Cowperthwaite", "CaseID": "PB-199", "Longitude": -71.11514562, "ShowOnWeb": 0, "created_date": "2025-09-22", "Latitude": 42.36894145, "last_edited_date": "2025-09-22", "ShowMoreInfoOnWeb": 0, "ProjectAddress": "Cowperthwaite St"}},{"type": "Point", "id": 294, "coordinates": [2835, 7906], "properties": {"MapLots": "203A-69", "CaseType": "Planning Board Special Permit", "GlobalID": "{10715696-7028-4312-90D8-6F969EFBC44F}", "CaseStatus": "Built", "CaseID": "PB-251", "Longitude": -71.13229286, "ShowOnWeb": 0, "created_date": "2025-09-22", "Latitude": 42.39038246, "last_edited_date": "2025-09-22", "ShowMoreInfoOnWeb": 0, "ProjectAddress": "69 Bolton St"}},{"type": "Point", "id": 375, "coordinates": [6450, 2260], "properties": {"MapLots": "91-102", "CaseType": "Planning Board Special Permit", "GlobalID": "{996F3ABE-534F-494F-B010-BD8A101C3613}", "CaseStatus": "Built", "ProjectName": "Mass + Main", "CaseID": "PB-321", "Longitude": -71.10024276, "ShowOnWeb": 1, "created_date": "2025-09-22", "Latitude": 42.3638554, "last_edited_date": "2025-09-22", "ShowMoreInfoOnWeb": 1, "ProjectAddress": "415 Massachusetts Ave"}},{"type": "Point", "id": 420, "coordinates": [9081, 3325], "properties": {"MapLots": "8-86", "CaseType": "Planning Board Special Permit", "GlobalID": "{B14A3DA5-3BE7-4A90-9465-67D80B6E1807}", "CaseStatus": "Built", "ProjectName": "CambridgeSide PUD", "CaseID": "PB-364", "Longitude": -71.07691997, "ShowOnWeb": 1, "created_date": "2025-09-22", "Latitude": 42.36885779, "last_edited_date": "2025-09-22", "ShowMoreInfoOnWeb": 1, "ProjectAddress": "60 First St"}},{"type": "Point", "id": 43, "coordinates": [4475, 6969], "properties": {"MapLots": "123A-464", "CaseType": "Planning Board Special Permit", "GlobalID": "{FCF58E57-D678-4D0D-9BF7-81F62474A5D0}", "CaseStatus": "Denied", "ProjectName": "7-17 Frost St", "CaseID": "PB-037", "Longitude": -71.11775098, "ShowOnWeb": 0, "created_date": "2025-09-22", "Latitude": 42.38597905, "last_edited_date": "2025-09-22", "ShowMoreInfoOnWeb": 0, "ProjectAddress": "13 Frost St"}},{"type": "Point", "id": 461, "coordinates": [3738, 8369], "properties": {"MapLots": "181-65", "CaseType": "Planning Board Special Permit", "GlobalID": "{1DDA859B-7F86-4D29-931E-82731EA219CB}", "CaseStatus": "Under construction", "ProjectName": "2161 Massachusetts Avenue", "CaseID": "PB-397", "Longitude": -71.12429004, "ShowOnWeb": 1, "created_date": "2025-09-22", "Latitude": 42.39256145, "last_edited_date": "2025-09-22", "ShowMoreInfoOnWeb": 1, "ProjectAddress": "2161 Massachusetts Ave"}},{"type": "Point", "id": 120, "coordinates": [2839, 9668], "properties": {"MapLots": "123A-512", "CaseType": "Planning Board Special Permit", "GlobalID": "{C9D3317A-BBDE-4772-A856-5525C5303CDD}", "CaseStatus": "Denied", "ProjectName": "Jiffy Lube", "CaseID": "PB-115", "Longitude": -71.1322578, "ShowOnWeb": 0, "created_date": "2025-09-22", "Latitude": 42.3986632, "last_edited_date": "2025-09-22", "ShowMoreInfoOnWeb": 0, "ProjectAddress": "2480 Massachusetts Ave"}},{"type": "Point", "id": 231, "coordinates": [892, 9725], "properties": {"MapLots": "267.2-230", "CaseType": "Planning Board Special Permit", "GlobalID": "{6409A46A-7DC7-4A20-8CDE-9392C9583E62}", "CaseStatus": "Built", "ProjectName": "Discovery Park", "CaseID": "PB-198", "Longitude": -71.14951985, "ShowOnWeb": 0, "created_date": "2025-09-22", "Latitude": 42.39893203, "last_edited_date": "2025-09-22", "ShowMoreInfoOnWeb": 1, "ProjectAddress": "90 Acorn Park Dr"}},{"type": "Point", "id": 293, "coordinates": [5400, 2510], "properties": {"MapLots": "123-72", "CaseType": "Planning Board Special Permit", "GlobalID": "{10ED762B-F365-4D1B-AC93-524EF930D887}", "CaseStatus": "Built", "CaseID": "PB-250", "Longitude": -71.1095529, "ShowOnWeb": 0, "created_date": "2025-09-22", "Latitude": 42.36502819, "last_edited_date": "2025-09-22", "ShowMoreInfoOnWeb": 0, "ProjectAddress": "169 Western Ave"}},{"type": "Point", "id": 376, "coordinates": [1239, 8462], "properties": {"MapLots": "267.4-247", "CaseType": "Planning Board Special Permit", "GlobalID": "{AFD9776A-4161-4AA1-9DC6-BFC66C7B865E}", "CaseStatus": "Built", "ProjectName": "CAS Foundation Dispensary", "CaseID": "PB-322", "Longitude": -71.14644089, "ShowOnWeb": 0, "created_date": "2025-09-22", "Latitude": 42.39299577, "last_edited_date": "2025-09-22", "ShowMoreInfoOnWeb": 1, "ProjectAddress": "110 Fawcett St"}},{"type": "Point", "id": 419, "coordinates": [9154, 3184], "properties": {"MapLots": "8-86", "CaseType": "Planning Board Special Permit", "GlobalID": "{8DCD662C-9FF4-49F0-88AC-3402A05F5757}", "CaseStatus": "Built", "ProjectName": "CambridgeSide PUD", "CaseID": "PB-364", "Longitude": -71.07626629, "ShowOnWeb": 1, "created_date": "2025-09-22", "Latitude": 42.36819288, "last_edited_date": "2025-09-22", "ShowMoreInfoOnWeb": 1, "ProjectAddress": "100 Cambridgeside Pl"}},{"type": "Point", "id": 44, "coordinates": [9099, 3472], "properties": {"MapLots": "8-76", "CaseType": "Planning Board Special Permit", "GlobalID": "{918992EE-FCD1-4892-A8A8-0D8E94F47084}", "CaseStatus": "Built", "CaseID": "PB-038", "Longitude": -71.07676103, "ShowOnWeb": 0, "created_date": "2025-09-22", "Latitude": 42.36954875, "last_edited_date": "2025-09-22", "ShowMoreInfoOnWeb": 0, "ProjectAddress": "1 Canal Park"}},{"type": "Point", "id": 462, "coordinates": [1272, 8452], "properties": {"MapLots": "267.4-247", "CaseType": "Planning Board Special Permit", "GlobalID": "{429F0E25-629B-4A2B-AD92-5470E3DA3111}", "CaseStatus": "Withdrawn", "ProjectName": "Strain Station LLC", "CaseID": "PB-399", "Longitude": -71.14615252, "ShowOnWeb": 0, "created_date": "2025-09-22", "Latitude": 42.39294808, "last_edited_date": "2025-09-22", "ShowMoreInfoOnWeb": 0, "ProjectAddress": "110 Fawcett St"}}]}},"arcs":[]}