{"type":"Topology","bbox":[-71.16039525880558, 42.35252611861683, -71.06403937375941, 42.40376442979441],"transform":{"translate": [-71.16039525880558, 42.35252611861683], "scale": [9.636552159832504e-06, 5.124343552112971e-06]},"objects":{"CDD_ZoningDistricts":{"type":"GeometryCollection","geometries":[{"arcs": [[0, 1, 2, 3, 4, 5], [6]], "type": "Polygon", "id": 117, "properties": {"ZONE_TYPE": "BB", "ZCODE": 127, "GlobalID": "{0BDBE6CE-90B0-4C9D-A875-DE4D8042F4F1}"}},{"arcs": [[7]], "type": "Polygon", "id": 131, "properties": {"ZONE_TYPE": "OS", "ZCODE": 219, "GlobalID": "{DD70FEC2-2097-4377-94C5-C20DD577A506}"}},{"arcs": [[8, 9]], "type": "Polygon", "id": 146, "properties": {"ZONE_TYPE": "SD-14", "ZCODE": 209, "GlobalID": "{1F8DDB75-A4D2-4B37-91EB-CEA2D372F4ED}"}},{"arcs": [[10, 11, 12, 13, 14]], "type": "Polygon", "id": 203, "properties": {"ZONE_TYPE": "BA-1", "ZCODE": 85, "GlobalID": "{FBD9CB8F-6F71-45BA-97E1-761D21B97DB5}"}},{"arcs": [[15, 16, 17, 18, 19, 20, 21, 22, 23]], "type": "Polygon", "id": 260, "properties": {"ZONE_TYPE": "MAS-12A", "last_edited_date": "2026-09-17", "ZCODE": 247, "GlobalID": "{9F861705-8584-4654-84FA-09A9C4BE443F}", "last_edited_user": "BMONROE"}},{"arcs": [[24]], "type": "Polygon", "id": 27, "properties": {"ZONE_TYPE": "C-2", "ZCODE": 78, "GlobalID": "{40D34673-C631-4161-898B-57F339600938}"}},{"arcs": [[25, 26, 27, 28]], "type": "Polygon", "id": 76, "properties": {"ZONE_TYPE": "IB-1", "ZCODE": 290, "GlobalID": "{92348E3F-8741-464A-B4C2-E2E5C98F659C}"}},{"arcs": [[6]], "type": "Polygon", "id": 118, "properties": {"ZONE_TYPE": "OS", "ZCODE": 127, "GlobalID": "{5D785D83-D1FE-4DD4-B999-D7DB4123124B}"}},{"arcs": [[29]], "type": "Polygon", "id": 132, "properties": {"ZONE_TYPE": "OS", "ZCODE": 248, "GlobalID": "{52E782E4-51E9-4C2F-BDF2-528D9200EAFB}"}},{"arcs": [[30, 31, 32, 33]], "type": "Polygon", "id": 145, "properties": {"ZONE_TYPE": "SD-13", "ZCODE": 168, "GlobalID": "{91FB50A6-FEFE-46F3-A62C-336E7B7D18CC}"}},{"arcs": [[34, 35, -11, 36, 37]], "type": "Polygon", "id": 204, "properties": {"ZONE_TYPE": "O-1", "ZCODE": 95, "GlobalID": "{7D73939C-CDAD-4C32-BCDB-4204A076859E}"}},{"arcs": [[38, 39, 40, 41]], "type": "Polygon", "id": 259, "properties": {"GlobalID": "{2F8E7855-BDA9-4DEE-880F-FFB0A6C8D9C1}", "created_user": "BMONROE", "ZCODE": 206, "created_date": "2026-09-17", "ZONE_TYPE": "BA", "last_edited_date": "2026-09-17", "last_edited_user": "BMONROE"}},{"arcs": [[42, 13]], "type": "Polygon", "id": 28, "properties": {"ZONE_TYPE": "C-1", "PUD_TYPE_NEW": "MXR", "ZCODE": 273, "GlobalID": "{F2CA1193-2B08-4967-9127-49387F370E73}", "PUD_TYPE": "MXR"}},{"arcs": [[43, 44, 45, 46]], "type": "Polygon", "id": 75, "properties": {"ZONE_TYPE": "C-2B", "ZCODE": 288, "GlobalID": "{6254598C-C283-4007-9E46-FAE17C85505F}"}},{"arcs": [[47]], "type": "Polygon", "id": 115, "properties": {"ZONE_TYPE": "OS", "ZCODE": 198, "GlobalID": "{1EF1A983-64A8-4BCE-BD3D-CCCF79202D60}"}},{"arcs": [[48]], "type": "Polygon", "id": 133, "properties": {"ZONE_TYPE": "OS", "ZCODE": 192, "GlobalID": "{A4E83EAF-8C40-4B36-B2F6-CBFB81D2A3C7}"}},{"arcs": [[49, 50, 51]], "type": "Polygon", "id": 148, "properties": {"ZONE_TYPE": "C-2", "ZCODE": 225, "GlobalID": "{10AB9B2C-0EC3-4BDD-9357-73BB80EFA5CF}"}},{"arcs": [[52, 53, 54]], "type": "Polygon", "id": 201, "properties": {"ZONE_TYPE": "C-3A", "PUD_TYPE_NEW": "PUD-2", "ZCODE": 243, "GlobalID": "{6B2E7B98-5BF3-4E95-BC2C-78B59D3CD335}", "PUD_TYPE": "PUD-2"}},{"arcs": [[55]], "type": "Polygon", "id": 25, "properties": {"ZONE_TYPE": "BA-1", "ZCODE": 68, "GlobalID": "{34598CCA-80E2-4CA0-A1CB-F7081782C703}"}},{"arcs": [[56]], "type": "Polygon", "id": 78, "properties": {"ZONE_TYPE": "BA-3", "ZCODE": 238, "GlobalID": "{4EF6D21A-6CC4-41A4-BCD5-1FC67D9DC2CE}"}},{"arcs": [[57, 58, 59, 60]], "type": "Polygon", "id": 100, "properties": {"ZONE_TYPE": "SD-2", "ZCODE": 8, "GlobalID": "{4AF3B69A-DDAE-4F46-B497-DDBD655943D9}"}},{"arcs": [[61, 62]], "type": "Polygon", "id": 116, "properties": {"ZONE_TYPE": "OS", "ZCODE": 198, "GlobalID": "{683FE84A-85C4-4A46-A78A-4D8208857C5E}"}},{"arcs": [[63]], "type": "Polygon", "id": 134, "properties": {"ZONE_TYPE": "OS", "ZCODE": 272, "GlobalID": "{8DE4B4D5-C277-419D-968E-A5F53110B032}"}},{"arcs": [[64, 9, 65, 66, 67, 68, 69, 70, 71, 72]], "type": "Polygon", "id": 147, "properties": {"ZONE_TYPE": "C-3", "ZCODE": 209, "GlobalID": "{FA4198A4-5E63-45AB-811A-36472BAE34CE}"}},{"arcs": [[73, 74, 75]], "type": "Polygon", "id": 202, "properties": {"ZONE_TYPE": "SD-4A", "ZCODE": 283, "GlobalID": "{DF4AC95C-0943-48DC-9E71-8BF74C95AD14}"}},{"arcs": [[76, 77, 78, 79, 80, 81]], "type": "Polygon", "id": 26, "properties": {"ZONE_TYPE": "OS", "ZCODE": 87, "GlobalID": "{747EDB2F-F9BC-48DE-A282-966DD6A66800}"}},{"arcs": [[82, 83, 84, 85]], "type": "Polygon", "id": 77, "properties": {"ZONE_TYPE": "C-3", "ZCODE": 228, "GlobalID": "{A80C4835-E5B7-44D9-878A-A51ECF575C5A}"}},{"arcs": [[86, 87, 88, 89]], "type": "Polygon", "id": 99, "properties": {"ZONE_TYPE": "C-2A", "ZCODE": 191, "GlobalID": "{7B58D530-0CE8-411A-AAA2-124B18D5882B}"}},{"arcs": [[90]], "type": "Polygon", "id": 113, "properties": {"ZONE_TYPE": "OS", "ZCODE": 7, "GlobalID": "{36E2F876-7E3B-4714-92D0-F3578118FE97}"}},{"arcs": [[91, 92, 76]], "type": "Polygon", "id": 135, "properties": {"ZONE_TYPE": "C-2", "ZCODE": 90, "GlobalID": "{1F0E2F97-776A-4FD5-842C-A8AC94F4BF11}"}},{"arcs": [[93, 94, 95]], "type": "Polygon", "id": 142, "properties": {"ZONE_TYPE": "OS", "ZCODE": 64, "GlobalID": "{1CFBA04F-0154-47A6-99DD-53EDF8E026A0}"}},{"arcs": [[96, 97, 98, 99]], "type": "Polygon", "id": 179, "properties": {"ZONE_TYPE": "MXD", "ZCODE": 216, "GlobalID": "{3833FC93-9251-4C7A-A387-D855F36FE043}"}},{"arcs": [[100, -53, 101, 102, 103, 104, 105, 106]], "type": "Polygon", "id": 207, "properties": {"ZONE_TYPE": "NP", "PUD_TYPE_NEW": "PUD-6", "ZCODE": 109, "GlobalID": "{55AF1871-FA27-40F0-9858-3FC66DA8C766}", "PUD_TYPE": "PUD-6"}},{"arcs": [[107, 108]], "type": "Polygon", "id": 23, "properties": {"ZONE_TYPE": "O-1", "ZCODE": 240, "GlobalID": "{955417F9-3C9D-4E7D-B7BE-DA7BF736CDF8}"}},{"arcs": [[109, 110]], "type": "Polygon", "id": 49, "properties": {"ZONE_TYPE": "C-2B", "ZCODE": 129, "GlobalID": "{8D3407AD-198F-49D7-BAE2-F5EEA97ED52B}"}},{"arcs": [[111, 112, 113, 114, 115, 116]], "type": "Polygon", "id": 72, "properties": {"ZONE_TYPE": "IA-1", "PUD_TYPE_NEW": "PUD-4B", "ZCODE": 291, "GlobalID": "{C9A27E9B-98AA-4B49-B065-BE0F1F6E5074}", "PUD_TYPE": "PUD-4B"}},{"arcs": [[117]], "type": "Polygon", "id": 114, "properties": {"ZONE_TYPE": "OS", "ZCODE": 198, "GlobalID": "{8F1F9A2E-E080-4A00-8563-19A73AD14D5C}"}},{"arcs": [[-79, 118, 119]], "type": "Polygon", "id": 136, "properties": {"ZONE_TYPE": "C-2", "ZCODE": 90, "GlobalID": "{6215779B-1E67-4AFB-B6D0-36693DDCAE8E}"}},{"arcs": [[120]], "type": "Polygon", "id": 141, "properties": {"ZONE_TYPE": "OS", "ZCODE": 93, "GlobalID": "{4C2F8715-2E77-4EC5-8BCF-757A0ADF16B0}"}},{"arcs": [[121, 122, 123, 124, 125, 126]], "type": "Polygon", "id": 180, "properties": {"ZONE_TYPE": "MXD", "ZCODE": 216, "GlobalID": "{138459DF-EA45-48F9-8ADB-9AF207DAA8C3}"}},{"arcs": [[127]], "type": "Polygon", "id": 24, "properties": {"ZONE_TYPE": "C-2", "ZCODE": 59, "GlobalID": "{0A97D269-247B-4D5F-9B7A-DE6EBB2911FC}"}},{"arcs": [[128, 129, 130, 131]], "type": "Polygon", "id": 50, "properties": {"ZONE_TYPE": "O-2", "ZCODE": 130, "GlobalID": "{B5E131F3-723F-4613-A115-9DC3A3934A73}"}},{"arcs": [[132, 133, 134, 135, 136, 137, 138]], "type": "Polygon", "id": 71, "properties": {"ZONE_TYPE": "BA", "ZCODE": 156, "GlobalID": "{AC30271C-BA15-47FB-9A2C-C8364720D7E2}"}},{"arcs": [[139, 1, 140, 141, 142, -103, 143, 144]], "type": "Polygon", "id": 208, "properties": {"ZONE_TYPE": "BA", "PUD_TYPE_NEW": "PUD-4", "ZCODE": 133, "GlobalID": "{CC795CA8-F447-4628-912C-5C10D1E25A6D}", "PUD_TYPE": "PUD-4"}},{"arcs": [[145, 146, 147]], "type": "Polygon", "id": 111, "properties": {"ZONE_TYPE": "SD-11", "ZCODE": 226, "GlobalID": "{33A3B1A2-CD50-4464-BD23-413DF76B49A1}"}},{"arcs": [[148]], "type": "Polygon", "id": 137, "properties": {"ZONE_TYPE": "OS", "PUD_TYPE_NEW": "PUD-4", "ZCODE": 133, "GlobalID": "{EE0558F2-FCFD-493C-A7D9-7EF7E8D6B879}", "PUD_TYPE": "PUD-4"}},{"arcs": [[149, 66, 150, -32]], "type": "Polygon", "id": 144, "properties": {"ZONE_TYPE": "SD-12", "ZCODE": 209, "GlobalID": "{0BB5771A-8E52-4618-8528-A99BD5A82877}"}},{"arcs": [[151, 152, 153, 154, 155]], "type": "Polygon", "id": 205, "properties": {"ZONE_TYPE": "C-2B", "ZCODE": 230, "GlobalID": "{13A480B0-2AFF-4C0B-ABEC-3FC26D32875D}"}},{"arcs": [[156]], "type": "Polygon", "id": 21, "properties": {"ZONE_TYPE": "OS", "ZCODE": 269, "GlobalID": "{065824FF-2AA2-483A-A4E8-5685F3A4BBA4}"}},{"arcs": [[157, 158, 159, 73, 160, 161, 162, 163, 164, 165, 166, 167, 168, 169, 170, 171, 172, 173, 174, 175, 176, 177, 178, 179]], "type": "Polygon", "id": 240, "properties": {"ZONE_TYPE": "OS", "ZCODE": 9, "GlobalID": "{5699B199-04BE-46F1-9055-43757F4F275B}"}},{"arcs": [[180, 50, 181, 84]], "type": "Polygon", "id": 74, "properties": {"ZONE_TYPE": "BA", "ZCODE": 227, "GlobalID": "{FF1F80D7-D84A-4D2F-8AB2-424C61DA885C}"}},{"arcs": [[182, 183, 184]], "type": "Polygon", "id": 112, "properties": {"ZONE_TYPE": "O-3", "ZCODE": 175, "GlobalID": "{C695F118-A1A1-47B1-B03B-37CFE4BA6167}"}},{"arcs": [[185]], "type": "Polygon", "id": 138, "properties": {"ZONE_TYPE": "OS", "ZCODE": 198, "GlobalID": "{AFCBF26C-1844-44C6-946A-1C8CF06EF57A}"}},{"arcs": [[186, 187, 131, 188, 189, 95, 190]], "type": "Polygon", "id": 143, "properties": {"ZONE_TYPE": "C-2B", "ZCODE": 121, "GlobalID": "{C8788AB7-C8AD-46DD-B98A-AFEA6EC5D8E9}"}},{"arcs": [[191, -156, 192, 193]], "type": "Polygon", "id": 206, "properties": {"ZONE_TYPE": "OS", "ZCODE": 203, "GlobalID": "{9B94D548-ACC5-4F44-9AE8-F083DC1AF2CF}"}},{"arcs": [[194]], "type": "Polygon", "id": 22, "properties": {"ZONE_TYPE": "C-2", "ZCODE": 57, "GlobalID": "{975926D5-A96E-47E4-8511-DEFD4CDB4B60}"}},{"arcs": [[-180, 195, -60, 196, 197, 198, 199, 200, 201], [202]], "type": "Polygon", "id": 239, "properties": {"ZONE_TYPE": "MAS-12", "last_edited_date": "2026-01-08", "ZCODE": 7, "GlobalID": "{D4F4E6F4-83EE-45B4-AAFC-14B46573DA57}", "last_edited_user": "BMONROE"}},{"arcs": [[203, 46, 204, -133]], "type": "Polygon", "id": 73, "properties": {"ZONE_TYPE": "IA-2", "ZCODE": 160, "GlobalID": "{C2ED1AB3-8EA5-4829-B44B-6221C33BCEC2}"}},{"arcs": [[205]], "type": "Polygon", "id": 139, "properties": {"ZONE_TYPE": "OS", "ZCODE": 198, "GlobalID": "{D6F23B18-5DE4-40A7-A65E-6189F971B4F7}"}},{"arcs": [[206, 207, 208]], "type": "Polygon", "id": 175, "properties": {"ZONE_TYPE": "C-3B", "PUD_TYPE_NEW": "MXR/PUD-5", "ZCODE": 280, "GlobalID": "{2E5260E9-9CB5-4EBE-8857-61BCBC31A4F2}", "PUD_TYPE": "MXR/PUD-5"}},{"arcs": [[209, 210, 211, 212, 213]], "type": "Polygon", "id": 252, "properties": {"ZONE_TYPE": "C-2", "ZCODE": 108, "GlobalID": "{9706C901-5E9D-40E4-BDFD-F8FEA7EA8A88}"}},{"arcs": [[214]], "type": "Polygon", "id": 45, "properties": {"ZONE_TYPE": "C-2B", "ZCODE": 126, "GlobalID": "{BB1672E3-BF20-44F8-A1FF-AC869FABFD35}"}},{"arcs": [[215, 216, 217]], "type": "Polygon", "id": 94, "properties": {"ZONE_TYPE": "BA-1", "ZCODE": 188, "GlobalID": "{8546CFB7-82C5-4A2C-8F74-33E4694B9655}"}},{"arcs": [[218, 219, 220, 221, 222]], "type": "Polygon", "id": 238, "properties": {"GlobalID": "{38190956-6B06-4437-A1E7-7466E46AA735}", "ZCODE": 44, "PUD_TYPE": "PUD-POR", "ZONE_TYPE": "MAS-18", "last_edited_date": "2026-01-08", "last_edited_user": "BMONROE"}},{"arcs": [[223]], "type": "Polygon", "id": 140, "properties": {"ZONE_TYPE": "OS", "ZCODE": 210, "GlobalID": "{20135778-EDD6-4CD7-B42F-414A1205B22A}"}},{"arcs": [[-207, 224, 225, 226]], "type": "Polygon", "id": 176, "properties": {"ZONE_TYPE": "C-3B", "PUD_TYPE_NEW": "MXR", "ZCODE": 280, "GlobalID": "{0B6AA31F-F187-4275-8B7A-BBBF983FADB3}", "PUD_TYPE": "MXR"}},{"arcs": [[227, 228, 218]], "type": "Polygon", "id": 237, "properties": {"GlobalID": "{89C57177-1055-47D3-8A50-73B4ADCC7E41}", "created_user": "BMONROE", "ZCODE": 44, "PUD_TYPE": "PUD-POR", "created_date": "2026-01-08", "ZONE_TYPE": "MAS-6", "last_edited_date": "2026-01-08", "last_edited_user": "BMONROE"}},{"arcs": [[229, 142, 103, 230, 231]], "type": "Polygon", "id": 251, "properties": {"GlobalID": "{6E8EEBE8-3061-4049-B598-C5D760A65EF2}", "PUD_TYPE_NEW": "PUD-4A", "ZCODE": 124, "PUD_TYPE": "PUD-4A", "ZONE_TYPE": "CAM-10", "last_edited_date": "2026-01-30", "last_edited_user": "BMONROE"}},{"arcs": [[232]], "type": "Polygon", "id": 46, "properties": {"ZONE_TYPE": "OS", "ZCODE": 268, "GlobalID": "{0282898D-DBC1-479F-B08B-76233FF7CBEA}"}},{"arcs": [[233, -217, 234]], "type": "Polygon", "id": 93, "properties": {"ZONE_TYPE": "OS", "ZCODE": 262, "GlobalID": "{5D40FEEE-13C4-4562-98C2-1FFB2C9A4DD4}"}},{"arcs": [[224, 235]], "type": "Polygon", "id": 177, "properties": {"ZONE_TYPE": "C-3B", "ZCODE": 281, "GlobalID": "{688C6AF3-FB35-4494-999C-B5D27B54CB5A}"}},{"arcs": [[236, 237, 238]], "type": "Polygon", "id": 209, "properties": {"ZONE_TYPE": "BA", "PUD_TYPE_NEW": "PUD-4", "ZCODE": 133, "GlobalID": "{9AD31BDB-2C33-44F1-BFC5-E736BDEC26FB}", "PUD_TYPE": "PUD-4"}},{"arcs": [[239, 240, 241, -221]], "type": "Polygon", "id": 236, "properties": {"GlobalID": "{FD4AA4DA-2A23-48C4-8D57-8DA3A9D720B7}", "created_user": "BMONROE", "ZCODE": 44, "PUD_TYPE": "PUD-POR", "created_date": "2026-01-08", "ZONE_TYPE": "MAS-12", "last_edited_date": "2026-01-08", "last_edited_user": "BMONROE"}},{"arcs": [[229, -142, 242, 243, 244]], "type": "Polygon", "id": 254, "properties": {"ZONE_TYPE": "C-2A", "PUD_TYPE_NEW": "PUD-4A", "ZCODE": 292, "GlobalID": "{28A433A0-57EA-4AC9-914D-98939FC50807}", "PUD_TYPE": "PUD-4A"}},{"arcs": [[245, 246, 247, 130, -188, 248]], "type": "Polygon", "id": 47, "properties": {"ZONE_TYPE": "BB", "ZCODE": 128, "GlobalID": "{E910440B-1226-4E41-8113-7385D47DCAA9}"}},{"arcs": [[249]], "type": "Polygon", "id": 92, "properties": {"ZONE_TYPE": "BA-1", "ZCODE": 186, "GlobalID": "{6A51C308-5AC5-4500-A904-DD80C38746D0}"}},{"arcs": [[96, 250, 251, 252]], "type": "Polygon", "id": 178, "properties": {"ZONE_TYPE": "O-3A", "PUD_TYPE_NEW": "PUD-3/PUD-5", "ZCODE": 164, "GlobalID": "{36192237-42FF-438D-932A-43C37B968AE6}", "PUD_TYPE": "PUD-3/PUD-5"}},{"arcs": [[-1, 253, 254, 116, 255, 256, 139]], "type": "Polygon", "id": 210, "properties": {"ZONE_TYPE": "BA", "PUD_TYPE_NEW": "PUD-4B", "ZCODE": 133, "GlobalID": "{A7F9EA39-70CB-4B9D-8744-46A56CEFF990}", "PUD_TYPE": "PUD-4B"}},{"arcs": [[257, 258, 240]], "type": "Polygon", "id": 235, "properties": {"GlobalID": "{D8B5608F-4027-4C30-864C-01D2077549F2}", "created_user": "BMONROE", "ZCODE": 44, "PUD_TYPE": "PUD-POR", "created_date": "2026-01-08", "ZONE_TYPE": "MAS-6", "last_edited_date": "2026-01-08", "last_edited_user": "BMONROE"}},{"arcs": [[230, 259, -42, 260, 193, 261, -105]], "type": "Polygon", "id": 253, "properties": {"ZONE_TYPE": "SD-1", "ZCODE": 113, "GlobalID": "{A3AF906E-C9EB-4F49-BDEA-679AA97F594A}"}},{"arcs": [[262, -4, 263, 243, 264]], "type": "Polygon", "id": 48, "properties": {"ZONE_TYPE": "BA", "PUD_TYPE_NEW": "PUD-4A", "ZCODE": 4, "GlobalID": "{2A21AFBA-4938-4B66-8624-352DA1AF6170}", "PUD_TYPE": "PUD-4A"}},{"arcs": [[265, 266]], "type": "Polygon", "id": 91, "properties": {"ZONE_TYPE": "C-3", "ZCODE": 184, "GlobalID": "{9079C55C-7966-4F1E-AB8D-529B2745A46B}"}},{"arcs": [[267, 268, 269]], "type": "Polygon", "id": 150, "properties": {"ZONE_TYPE": "C-2A", "ZCODE": 169, "GlobalID": "{9C3BA053-F2F3-4D82-8841-DF20B71EF203}"}},{"arcs": [[270, 271, 272]], "type": "Polygon", "id": 171, "properties": {"ZONE_TYPE": "C-3", "PUD_TYPE_NEW": "PUD-5", "ZCODE": 222, "GlobalID": "{B3714384-D75B-477A-9CAF-9985CB07CE1D}", "PUD_TYPE": "PUD-5"}},{"arcs": [[273, 274, 21], [275]], "type": "Polygon", "id": 234, "properties": {"ZONE_TYPE": "C-2", "last_edited_date": "2026-01-08", "ZCODE": 60, "GlobalID": "{E5A0A3EE-ECCE-43D3-B893-3ED1CAFC14C3}", "last_edited_user": "BMONROE"}},{"arcs": [[276, 154, 192, -261, -41]], "type": "Polygon", "id": 256, "properties": {"ZONE_TYPE": "C-1", "last_edited_date": "2026-09-17", "ZCODE": 35, "GlobalID": "{ED235596-54AC-444B-8757-D809154DD23A}", "last_edited_user": "BMONROE"}},{"arcs": [[277, 278, 69, 279]], "type": "Polygon", "id": 41, "properties": {"ZONE_TYPE": "BB", "PUD_TYPE_NEW": "PUD-1", "ZCODE": 208, "GlobalID": "{47CD7598-34F5-4491-B356-51DFA5381865}", "PUD_TYPE": "PUD-1"}},{"arcs": [[280, 281, 282, 283]], "type": "Polygon", "id": 80, "properties": {"ZONE_TYPE": "BA-3", "ZCODE": 167, "GlobalID": "{CC85DD38-DBEF-455B-93FF-F8101FBFB3DB}"}},{"arcs": [[284, 285, 286, -90, 287, 288]], "type": "Polygon", "id": 98, "properties": {"ZONE_TYPE": "SD-11", "ZCODE": 224, "GlobalID": "{5DECFE17-A232-49A9-9530-EA0ED6A48387}"}},{"arcs": [[289, 290, 82]], "type": "Polygon", "id": 149, "properties": {"ZONE_TYPE": "C-2A", "ZCODE": 169, "GlobalID": "{7DA43EBD-3D81-4F05-AB39-635BB77BF4E0}"}},{"arcs": [[291, 292, 293, 294, 295, 296, 297]], "type": "Polygon", "id": 172, "properties": {"ZONE_TYPE": "C-3B", "ZCODE": 281, "GlobalID": "{6E95762A-9EB9-4027-852A-121AC8BA1C3C}"}},{"arcs": [[298, 299, 300, 301, 302, 303]], "type": "Polygon", "id": 233, "properties": {"ZONE_TYPE": "C-1A", "last_edited_date": "2026-01-08", "ZCODE": 286, "GlobalID": "{55D61363-326B-4D83-ACD9-9BFEBC2D4D23}", "last_edited_user": "BMONROE"}},{"arcs": [[304, 305, 306]], "type": "Polygon", "id": 255, "properties": {"ZONE_TYPE": "C-1", "ZCODE": 35, "GlobalID": "{14E6BFB5-B11B-4006-AB26-210D66C5C00E}"}},{"arcs": [[307, 308, 309, 278, -69]], "type": "Polygon", "id": 42, "properties": {"ZONE_TYPE": "C-3", "PUD_TYPE_NEW": "PUD-1", "ZCODE": 236, "GlobalID": "{673FCF29-64CD-436C-B813-CF8B5E28E626}", "PUD_TYPE": "PUD-1"}},{"arcs": [[310, 311, 121, 312]], "type": "Polygon", "id": 79, "properties": {"ZONE_TYPE": "O-2", "PUD_TYPE_NEW": "PUD-KS/PUD-7", "ZCODE": 161, "GlobalID": "{A99F2F06-9AC8-47B4-924B-9AD35F3370C1}", "PUD_TYPE": "PUD-KS/PUD-7"}},{"arcs": [[-87, -287, 313, 314]], "type": "Polygon", "id": 97, "properties": {"ZONE_TYPE": "SD-10(F)", "ZCODE": 190, "GlobalID": "{BD6F70E9-1FAD-4C4D-BF13-3381598DA935}"}},{"arcs": [[315, 316, 317, 318, 319]], "type": "Polygon", "id": 108, "properties": {"ZONE_TYPE": "C-2", "ZCODE": 112, "GlobalID": "{643ADB7C-F0D0-4ACF-A3B4-35E7722F5ED2}"}},{"arcs": [[320]], "type": "Polygon", "id": 119, "properties": {"ZONE_TYPE": "OS", "ZCODE": 198, "GlobalID": "{388E4A0D-E616-42EE-B9B4-EAD84A1EBE99}"}},{"arcs": [[321, 25, 322, -115]], "type": "Polygon", "id": 162, "properties": {"ZONE_TYPE": "IA-1", "PUD_TYPE_NEW": "PUD-4C", "ZCODE": 147, "GlobalID": "{3A74C45F-6A1B-4964-B186-A907C2CC3A8E}", "PUD_TYPE": "PUD-4C"}},{"arcs": [[272, 323, 145, -285, 324, 325, 296, 326]], "type": "Polygon", "id": 173, "properties": {"ZONE_TYPE": "C-3", "ZCODE": 222, "GlobalID": "{A1494975-F15D-4B2D-9A27-14169E14B3AB}"}},{"arcs": [[327, 328, -153]], "type": "Polygon", "id": 191, "properties": {"ZONE_TYPE": "C-3", "ZCODE": 115, "GlobalID": "{E52C04C1-E92A-428C-83E7-D222BA9CF774}"}},{"arcs": [[-130, 329, 64, -9, 65, -150, -31, 330, 331, 332, -282, 333, -284, 334, 335, 336, 337, 338, 314, 87, 339, 340, 341, -218, -234, 342, 266, 343, 344, -269, 345, -290, 83, -182, 51, 346, 347, 348, 247], [223], [56], [349], [350], [7], [351], [352], [353]], "type": "Polygon", "id": 223, "properties": {"ZONE_TYPE": "C-1", "ZCODE": 35, "GlobalID": "{B736D7DA-2023-4B37-B424-522592CECE36}"}},{"arcs": [[354, 355, 356, 357, 358, 359, 360, 361, 362, 363, 303, 364, -198], [63], [365], [366], [367]], "type": "Polygon", "id": 232, "properties": {"ZONE_TYPE": "C-1", "ZCODE": 35, "GlobalID": "{53BFC82E-ADC8-4AE8-AF81-373CA39C7C74}"}},{"arcs": [[368, -307, 369, -212]], "type": "Polygon", "id": 249, "properties": {"GlobalID": "{13074398-E2E5-4FA7-8B30-3D180B25FFE3}", "created_user": "BMONROE", "ZCODE": 234, "created_date": "2026-01-30", "ZONE_TYPE": "CAM-12", "last_edited_date": "2026-01-30", "last_edited_user": "BMONROE"}},{"arcs": [[370, 262, 4, 371, 61, 372, -210, 373, 374, 328, 153, -277, -40]], "type": "Polygon", "id": 258, "properties": {"ZONE_TYPE": "CAM-6", "last_edited_date": "2026-09-17", "ZCODE": 206, "GlobalID": "{81501C27-4527-4199-9A03-12CBDE23C15F}", "last_edited_user": "BMONROE"}},{"arcs": [[375, 376]], "type": "Polygon", "id": 29, "properties": {"ZONE_TYPE": "C-2B", "ZCODE": 195, "GlobalID": "{7F5F8344-C68D-441C-8309-E6FA4DA90E18}"}},{"arcs": [[377, 378, 379, 380]], "type": "Polygon", "id": 52, "properties": {"ZONE_TYPE": "O-1", "ZCODE": 134, "GlobalID": "{C963FD04-B088-40CC-80FB-277B834BE1CF}"}},{"arcs": [[381]], "type": "Polygon", "id": 96, "properties": {"ZONE_TYPE": "OS", "ZCODE": 257, "GlobalID": "{5A56C68B-592B-45F4-8084-27C4B598DC57}"}},{"arcs": [[382, 383, -319, 384, 309, -278, 385, 386]], "type": "Polygon", "id": 38, "properties": {"ZONE_TYPE": "O-3", "ZCODE": 205, "GlobalID": "{4C3E983C-D6E9-45E3-9198-D4DB86909B6B}"}},{"arcs": [[-189, 128, 329, -73, 387, 388]], "type": "Polygon", "id": 43, "properties": {"ZONE_TYPE": "O-3", "ZCODE": 120, "GlobalID": "{89690674-3ED9-41FA-8717-A97311DA8D57}"}},{"arcs": [[-295, 389, 390, 391, 392, 288, 324, 393]], "type": "Polygon", "id": 87, "properties": {"ZONE_TYPE": "SD-6", "ZCODE": 177, "GlobalID": "{71BDEB3A-5F89-4F7C-9E34-F215A144845A}"}},{"arcs": [[394, 395]], "type": "Polygon", "id": 107, "properties": {"ZONE_TYPE": "C-3", "ZCODE": 102, "GlobalID": "{555356B1-6110-4051-AC7C-9490175E07B3}"}},{"arcs": [[396]], "type": "Polygon", "id": 120, "properties": {"ZONE_TYPE": "OS", "ZCODE": 198, "GlobalID": "{00292669-EE52-4529-9358-9F030DBC0015}"}},{"arcs": [[-226, 397, 398, 399]], "type": "Polygon", "id": 174, "properties": {"ZONE_TYPE": "C-3B", "PUD_TYPE_NEW": "MXR/PUD-5", "ZCODE": 280, "GlobalID": "{D4AA30B8-381A-430F-91A9-558E77E0A8EB}", "PUD_TYPE": "MXR/PUD-5"}},{"arcs": [[400, 401, 402, -167, 403, 404, 405, 406, 407, 408]], "type": "Polygon", "id": 231, "properties": {"ZONE_TYPE": "C-1", "ZCODE": 35, "GlobalID": "{37A69F16-4C4F-4B31-BC36-C5A93A0D93B6}"}},{"arcs": [[-369, -211, 409, 410, -305], [411]], "type": "Polygon", "id": 250, "properties": {"ZONE_TYPE": "CAM-6", "last_edited_date": "2026-01-30", "ZCODE": 234, "GlobalID": "{1B6589B5-7891-4A79-9475-36BB55655CE1}", "last_edited_user": "BMONROE"}},{"arcs": [[412, 413, 414, 375]], "type": "Polygon", "id": 30, "properties": {"ZONE_TYPE": "C-2", "ZCODE": 196, "GlobalID": "{6D0FFCD8-B05F-40A0-82FF-EE9879E4B3BB}"}},{"arcs": [[415]], "type": "Polygon", "id": 37, "properties": {"ZONE_TYPE": "OS", "ZCODE": 259, "GlobalID": "{F7FD2192-4906-448C-938D-B234D7FDA461}"}},{"arcs": [[416]], "type": "Polygon", "id": 44, "properties": {"ZONE_TYPE": "C-2B", "ZCODE": 122, "GlobalID": "{C8158AF9-16F9-4B36-9C08-7DEC706BE1C6}"}},{"arcs": [[379, 417]], "type": "Polygon", "id": 51, "properties": {"ZONE_TYPE": "BA-1", "ZCODE": 132, "GlobalID": "{382392C3-FD36-4D68-9981-A1C0EDC2E543}"}},{"arcs": [[418]], "type": "Polygon", "id": 88, "properties": {"ZONE_TYPE": "OS", "ZCODE": 271, "GlobalID": "{87A8BF19-E907-47B0-B651-EB35C3489C8E}"}},{"arcs": [[392, -288, -89, 339, 419, 420], [381]], "type": "Polygon", "id": 95, "properties": {"ZONE_TYPE": "SD-8A", "ZCODE": 23, "GlobalID": "{6A167DBF-769F-4DBE-BC22-84C327168B7D}"}},{"arcs": [[321, -29, 421, 422, 423, 113]], "type": "Polygon", "id": 161, "properties": {"ZONE_TYPE": "IA-1", "PUD_TYPE_NEW": "PUD-3A", "ZCODE": 291, "GlobalID": "{B831669B-AB6A-40A0-9448-4E215E6C5148}", "PUD_TYPE": "PUD-3A"}},{"arcs": [[424, 425]], "type": "Polygon", "id": 192, "properties": {"ZONE_TYPE": "C-2", "ZCODE": 197, "GlobalID": "{25A7EF41-B0CC-4FD2-AF44-CE8EFEB18773}"}},{"arcs": [[-388, -72, 426]], "type": "Polygon", "id": 224, "properties": {"ZONE_TYPE": "C-1", "ZCODE": 35, "GlobalID": "{D0D9A2B2-6660-4828-9E28-3C4F349C5808}"}},{"arcs": [[259, 38, 370, -265, 244, -232]], "type": "Polygon", "id": 257, "properties": {"GlobalID": "{341DB2CB-3799-4856-BBB9-ED424E63789A}", "PUD_TYPE_NEW": "PUD-4A", "created_user": "BMONROE", "ZCODE": 124, "PUD_TYPE": "PUD-4A", "created_date": "2026-01-30", "ZONE_TYPE": "CAM-6", "last_edited_date": "2026-01-30", "last_edited_user": "BMONROE"}},{"arcs": [[427]], "type": "Polygon", "id": 1, "properties": {"ZONE_TYPE": "C-3", "ZCODE": 3, "GlobalID": "{A7449BD4-942C-458D-902F-709669241719}"}},{"arcs": [[313, -339, 428, -147, 285]], "type": "Polygon", "id": 110, "properties": {"ZONE_TYPE": "SD-5", "ZCODE": 225, "GlobalID": "{2887A0C8-26F1-49A5-A9E1-2393E9F91950}"}},{"arcs": [[429]], "type": "Polygon", "id": 124, "properties": {"ZONE_TYPE": "OS", "ZCODE": 198, "GlobalID": "{AB5BAEFE-662A-4245-8C78-D2F06104F9A9}"}},{"arcs": [[430]], "type": "Polygon", "id": 14, "properties": {"ZONE_TYPE": "OS", "ZCODE": 255, "GlobalID": "{415FA67F-EAE9-4D69-AC57-F048A693856A}"}},{"arcs": [[-336, 431, 432, 433]], "type": "Polygon", "id": 153, "properties": {"ZONE_TYPE": "C-2B", "ZCODE": 168, "GlobalID": "{73AA81D9-27BB-45E8-A920-04480DD8CD7F}"}},{"arcs": [[125, 434, -399, 291, 435]], "type": "Polygon", "id": 182, "properties": {"ZONE_TYPE": "C-3B", "PUD_TYPE_NEW": "MXR", "ZCODE": 280, "GlobalID": "{7C612500-6D2D-47C4-892E-B9A743299933}", "PUD_TYPE": "MXR"}},{"arcs": [[436, 437, 438, 251, 439, 184, 440, 441, -422, -28], [442]], "type": "Polygon", "id": 216, "properties": {"ZONE_TYPE": "O-3A", "PUD_TYPE_NEW": "PUD-3", "ZCODE": 164, "GlobalID": "{A4458FFD-D8BB-414B-B14F-BE14F8E11565}", "PUD_TYPE": "PUD-3"}},{"arcs": [[443, 23, 444]], "type": "Polygon", "id": 247, "properties": {"ZONE_TYPE": "C-2A", "last_edited_date": "2026-01-08", "ZCODE": 65, "GlobalID": "{1E0EED96-81E8-4E35-8C69-830E1542DFE0}", "last_edited_user": "BMONROE"}},{"arcs": [[445, -320, -384]], "type": "Polygon", "id": 40, "properties": {"ZONE_TYPE": "C-3", "ZCODE": 117, "GlobalID": "{74FC39B4-D00A-41F5-A48E-F8ADF624AC6B}"}},{"arcs": [[446]], "type": "Polygon", "id": 63, "properties": {"ZONE_TYPE": "BA", "ZCODE": 146, "GlobalID": "{AC607FE6-94E9-49F2-BC82-8759C094DD43}"}},{"arcs": [[447, -341, 419, 448]], "type": "Polygon", "id": 89, "properties": {"ZONE_TYPE": "SD-10(H)", "ZCODE": 181, "GlobalID": "{CEA8BEBE-14E2-4F98-9822-3204AD208D84}"}},{"arcs": [[384, -309, 449, 317]], "type": "Polygon", "id": 109, "properties": {"ZONE_TYPE": "C-3", "ZCODE": 209, "GlobalID": "{E6309D59-DA80-45F6-9E5C-DC75433C548B}"}},{"arcs": [[450]], "type": "Polygon", "id": 123, "properties": {"ZONE_TYPE": "OS", "ZCODE": 198, "GlobalID": "{A6A3CD93-9B2F-45C2-B200-A52C0752E9DB}"}},{"arcs": [[451, 452, 453, 454, 455, 456]], "type": "Polygon", "id": 13, "properties": {"ZONE_TYPE": "C-2B", "ZCODE": 0, "GlobalID": "{8342D3EB-7660-42EF-9AD0-FAAE4CA31384}"}},{"arcs": [[-34, 457, -331]], "type": "Polygon", "id": 154, "properties": {"ZONE_TYPE": "O-2", "ZCODE": 168, "GlobalID": "{4CC0BAA1-506A-4D1B-AF51-B26949020707}"}},{"arcs": [[-312, 458, 98, 459, -208, -227, -400, -435, 126]], "type": "Polygon", "id": 181, "properties": {"ZONE_TYPE": "ASD", "ZCODE": 216, "GlobalID": "{4A432100-29DF-4EF9-ABDD-A850FFFB77C9}"}},{"arcs": [[460, 356, 461]], "type": "Polygon", "id": 2, "properties": {"ZONE_TYPE": "IA-1", "ZCODE": 19, "GlobalID": "{613A81EC-AFDE-48C0-80F6-1E2A78F270E5}"}},{"arcs": [[462, -112, 255, 463], [148]], "type": "Polygon", "id": 215, "properties": {"ZONE_TYPE": "BA", "PUD_TYPE_NEW": "PUD-4", "ZCODE": 133, "GlobalID": "{7D9A8E81-3063-4B9A-9B69-60B1A26FEA4D}", "PUD_TYPE": "PUD-4"}},{"arcs": [[464, 443, -23, 273, 465, 80, 466, -94, 190, 467, -414], [468], [415]], "type": "Polygon", "id": 248, "properties": {"ZONE_TYPE": "C-3", "last_edited_date": "2026-01-08", "ZCODE": 64, "GlobalID": "{C94358F1-7A29-452A-8757-53656F9CFD12}", "last_edited_user": "BMONROE"}},{"arcs": [[469]], "type": "Polygon", "id": 39, "properties": {"ZONE_TYPE": "OS", "ZCODE": 114, "GlobalID": "{9EF61DD1-B2BE-4DF4-9C00-C217065AF179}"}},{"arcs": [[470, 471, 472, 473]], "type": "Polygon", "id": 64, "properties": {"ZONE_TYPE": "BA", "ZCODE": 212, "GlobalID": "{78ABC969-244A-4ED2-8ADB-2B6A24B2E693}"}},{"arcs": [[-296, -394, 325]], "type": "Polygon", "id": 90, "properties": {"ZONE_TYPE": "BB", "ZCODE": 183, "GlobalID": "{9F7BB309-BEA2-4521-9E24-79903729535E}"}},{"arcs": [[474, 475, 476, 477, 452]], "type": "Polygon", "id": 12, "properties": {"ZONE_TYPE": "IA", "ZCODE": 32, "GlobalID": "{8CF5E1DD-9A7E-4240-9D96-51C2A6D0A992}"}},{"arcs": [[478]], "type": "Polygon", "id": 122, "properties": {"ZONE_TYPE": "OS", "ZCODE": 198, "GlobalID": "{472EFDAC-5B1B-49E6-A30A-2CD62B49EAD3}"}},{"arcs": [[479, 480]], "type": "Polygon", "id": 151, "properties": {"ZONE_TYPE": "OS", "PUD_TYPE_NEW": "PUD-2", "ZCODE": 97, "GlobalID": "{D8C6A0DD-1D4B-4FF1-8A1E-E0750C597FFA}", "PUD_TYPE": "PUD-2"}},{"arcs": [[-405, 481, 482]], "type": "Polygon", "id": 184, "properties": {"ZONE_TYPE": "OS", "ZCODE": 267, "GlobalID": "{46445B52-BC8C-4400-9E37-B61C6934DAD7}"}},{"arcs": [[483, 165, 403, 481, 484]], "type": "Polygon", "id": 218, "properties": {"ZONE_TYPE": "O-1", "PUD_TYPE_NEW": "AOD-Q", "ZCODE": 21, "GlobalID": "{4EEF48FA-3CD0-4681-B4F0-409DDC25622F}", "PUD_TYPE": "AOD-Q"}},{"arcs": [[60, 485, 178, 195]], "type": "Polygon", "id": 245, "properties": {"GlobalID": "{5501B890-8A16-478B-9D3D-B1A5F98B6DCF}", "created_user": "BMONROE", "ZCODE": 35, "created_date": "2026-01-08", "ZONE_TYPE": "C-1", "last_edited_date": "2026-01-08", "last_edited_user": "BMONROE"}},{"arcs": [[58, 196, 354, 486, -462, 357, 487, 488]], "type": "Polygon", "id": 3, "properties": {"ZONE_TYPE": "OS", "ZCODE": 12, "GlobalID": "{8D22E088-3B8C-4354-92F6-50B27AADDEC7}"}},{"arcs": [[254, -116, -323, 489, 490, 491, 123, 492, 493]], "type": "Polygon", "id": 61, "properties": {"ZONE_TYPE": "IA-1", "ZCODE": 147, "GlobalID": "{5DBF2D3D-33D9-4A63-B2FB-B8D3F159C254}"}},{"arcs": [[494, 495, 496, 477, -452, 497, 300]], "type": "Polygon", "id": 11, "properties": {"ZONE_TYPE": "C-2", "ZCODE": 30, "GlobalID": "{F2864F2D-983C-4490-BC2F-5B8E9E3B7816}"}},{"arcs": [[411]], "type": "Polygon", "id": 121, "properties": {"ZONE_TYPE": "OS", "ZCODE": 234, "GlobalID": "{B2168EF8-2692-4AC0-A81D-02455808DA39}"}},{"arcs": [[498, 499, 433, 336]], "type": "Polygon", "id": 152, "properties": {"ZONE_TYPE": "BA", "ZCODE": 185, "GlobalID": "{599AD20F-ABBD-42C5-8A4B-7B0768AC8633}"}},{"arcs": [[442]], "type": "Polygon", "id": 217, "properties": {"ZONE_TYPE": "O-3A", "PUD_TYPE_NEW": "PUD-3/PUD-CDK", "ZCODE": 164, "GlobalID": "{9DB9A6C3-9ABD-4634-8293-387B1CA730C7}", "PUD_TYPE": "PUD-3/PUD-CDK"}},{"arcs": [[500, 222, 501, 16, 502, 503, -299, 364, 198]], "type": "Polygon", "id": 246, "properties": {"GlobalID": "{785B9C5B-3C7B-49BA-A99F-5FD17F82C558}", "created_user": "BMONROE", "ZCODE": 44, "PUD_TYPE": "PUD-POR", "created_date": "2026-01-08", "ZONE_TYPE": "MAS-12A", "last_edited_date": "2026-09-17", "last_edited_user": "BMONROE"}},{"arcs": [[358, 504, 505, 506, -488]], "type": "Polygon", "id": 4, "properties": {"ZONE_TYPE": "C-1A", "PUD_TYPE_NEW": "MXR", "ZCODE": 279, "GlobalID": "{BAB4E7F3-AA2F-4E04-A7A8-FFAB3A16508C}", "PUD_TYPE": "MXR"}},{"arcs": [[507, 253]], "type": "Polygon", "id": 62, "properties": {"ZONE_TYPE": "IA-1", "PUD_TYPE_NEW": "PUD-4B", "ZCODE": 145, "GlobalID": "{7C0CFC5A-A2F2-4346-840A-953422B5941F}", "PUD_TYPE": "PUD-4B"}},{"arcs": [[208, -236, 397, -298, 326, -272, 508, 183, -440, 252, -100, 459]], "type": "Polygon", "id": 183, "properties": {"ZONE_TYPE": "C-3B", "PUD_TYPE_NEW": "PUD-5", "ZCODE": 281, "GlobalID": "{EABD6E4A-81DF-4106-B2F7-7F18FB3BE9B7}", "PUD_TYPE": "PUD-5"}},{"arcs": [[353]], "type": "Polygon", "id": 128, "properties": {"ZONE_TYPE": "OS", "ZCODE": 219, "GlobalID": "{AB1D3AFB-7DDD-44D8-AA9B-E1C1ED71CF04}"}},{"arcs": [[509, 483, -165]], "type": "Polygon", "id": 157, "properties": {"ZONE_TYPE": "BA", "PUD_TYPE_NEW": "AOD-5", "ZCODE": 22, "GlobalID": "{4B0A5071-51D6-48A7-B4BF-BB272E4E307C}", "PUD_TYPE": "AOD-5"}},{"arcs": [[19, 510]], "type": "Polygon", "id": 18, "properties": {"ZONE_TYPE": "C-2", "ZCODE": 47, "GlobalID": "{738C04D9-D958-4892-AC49-D81C9F305D42}"}},{"arcs": [[511, 512]], "type": "Polygon", "id": 186, "properties": {"ZONE_TYPE": "C-2B", "PUD_TYPE_NEW": "PUD-KS", "ZCODE": 161, "GlobalID": "{237EA480-3B54-453E-9FA0-F30A2EE8334B}", "PUD_TYPE": "PUD-KS"}},{"arcs": [[-257, 463, 513, 238, 514, 515, 516, 144]], "type": "Polygon", "id": 212, "properties": {"ZONE_TYPE": "BA", "PUD_TYPE_NEW": "PUD-4/PUD-8", "ZCODE": 133, "GlobalID": "{24C8F1D7-D596-4F91-A102-1F1AA6A556DD}", "PUD_TYPE": "PUD-4/PUD-8"}},{"arcs": [[517, 518, 519, 495]], "type": "Polygon", "id": 229, "properties": {"ZONE_TYPE": "C-1", "ZCODE": 35, "GlobalID": "{FBC08888-6F90-4D35-9190-11F1EB306B7B}"}},{"arcs": [[520, -258, 241, 221, -501, 199, 521]], "type": "Polygon", "id": 243, "properties": {"ZONE_TYPE": "C-1", "ZCODE": 35, "GlobalID": "{E21B1CF2-0819-493E-8BBE-8FBB80E00167}"}},{"arcs": [[365]], "type": "Polygon", "id": 5, "properties": {"ZONE_TYPE": "BA-1", "ZCODE": 20, "GlobalID": "{07D959E4-13C7-4FDC-BDEB-D9FFAD785554}"}},{"arcs": [[522, 523, -347, 49, 524, 525]], "type": "Polygon", "id": 67, "properties": {"ZONE_TYPE": "O-3", "ZCODE": 276, "GlobalID": "{2216364E-9F0E-4E90-A86B-9047BEA33272}"}},{"arcs": [[275]], "type": "Polygon", "id": 127, "properties": {"ZONE_TYPE": "OS", "ZCODE": 60, "GlobalID": "{ACCC044F-2B7B-4752-98F2-7D710C6E59AA}"}},{"arcs": [[526, 527]], "type": "Polygon", "id": 17, "properties": {"ZONE_TYPE": "OS", "ZCODE": 270, "GlobalID": "{60374814-BCD3-4A5C-87DF-39697FCB4652}"}},{"arcs": [[528, 490, 529, -123, 312, 530, 512]], "type": "Polygon", "id": 185, "properties": {"ZONE_TYPE": "C-2B", "PUD_TYPE_NEW": "PUD-KS/PUD-7", "ZCODE": 161, "GlobalID": "{7F72EF89-2E26-409D-A541-F1CE0F87934D}", "PUD_TYPE": "PUD-KS/PUD-7"}},{"arcs": [[531, 237, -514, 462, 532, -423, -442, 533, -480]], "type": "Polygon", "id": 211, "properties": {"ZONE_TYPE": "C-3A", "PUD_TYPE_NEW": "PUD-2", "ZCODE": 243, "GlobalID": "{0F6092BE-4D75-4366-AD5A-03B68E095671}", "PUD_TYPE": "PUD-2"}},{"arcs": [[534, 535]], "type": "Polygon", "id": 230, "properties": {"ZONE_TYPE": "C-1", "ZCODE": 35, "GlobalID": "{ACB53A20-1519-49EC-AF60-6C4274EAD96A}"}},{"arcs": [[536, 201, 157, 537, 538], [427]], "type": "Polygon", "id": 244, "properties": {"ZONE_TYPE": "C-1", "last_edited_date": "2026-01-08", "ZCODE": 35, "GlobalID": "{733F3BB8-C92E-4B87-88DD-04FD3E4F5DCA}", "last_edited_user": "BMONROE"}},{"arcs": [[359, 539, 540, -505]], "type": "Polygon", "id": 6, "properties": {"ZONE_TYPE": "C-1A", "ZCODE": 284, "GlobalID": "{303F5CA6-753A-4CF9-AFF7-94E43BD015B3}"}},{"arcs": [[541, 137, 542]], "type": "Polygon", "id": 68, "properties": {"ZONE_TYPE": "O-1", "ZCODE": 10, "GlobalID": "{25122177-96EF-47AA-A760-2A61848D3B74}"}},{"arcs": [[-174, 543, 544, 545]], "type": "Polygon", "id": 158, "properties": {"ZONE_TYPE": "C-1A", "PUD_TYPE_NEW": "MXR", "ZCODE": 241, "GlobalID": "{832BAEC0-ECA6-4241-BF15-E2939FD467D0}", "PUD_TYPE": "MXR"}},{"arcs": [[546]], "type": "Polygon", "id": 126, "properties": {"ZONE_TYPE": "OS", "ZCODE": 201, "GlobalID": "{3C813156-CB3E-4838-8B34-E2B7BB4A7A6E}"}},{"arcs": [[-283, -333, 547, 548, -432, -335]], "type": "Polygon", "id": 155, "properties": {"ZONE_TYPE": "BA-2", "ZCODE": 168, "GlobalID": "{489F7574-D5C2-4439-9BF2-25B78C7F4596}"}},{"arcs": [[549, 550, 455, 551]], "type": "Polygon", "id": 16, "properties": {"ZONE_TYPE": "BA-4", "ZCODE": 45, "GlobalID": "{14416C5A-2419-4406-A573-05C3457F3F56}"}},{"arcs": [[552]], "type": "Polygon", "id": 170, "properties": {"ZONE_TYPE": "OS", "ZCODE": 88, "GlobalID": "{B5DC223C-452A-4A89-9E34-9AD0C1351D38}"}},{"arcs": [[553, 554, 555, 425, 556, -410, -373, 62, -372, 5, -508, -494, 557, 541, -137, 558, 44, 559, 560, 561, 562, -472, 563, 564, 565, -381, 417, -379, 566, 567, -474, 568, 525, 569, 570, 571, -249, -187, 467, 414, -377, 412, 464, -445, 15, -502, -229], [156], [29], [469], [416], [572], [185], [396], [573, 110], [450], [429], [214], [574], [47], [575], [446], [576], [577], [205], [478], [117]], "type": "Polygon", "id": 241, "properties": {"ZONE_TYPE": "C-1", "last_edited_date": "2026-01-08", "ZCODE": 35, "GlobalID": "{771D9914-FA97-44D7-B0DA-A242EAEFC428}", "last_edited_user": "BMONROE"}},{"arcs": [[-565, 578, -568, 579]], "type": "Polygon", "id": 60, "properties": {"ZONE_TYPE": "O-1", "ZCODE": 143, "GlobalID": "{00D6EC08-9864-451C-A11A-9BF8E00F8B45}"}},{"arcs": [[578, 470, 563]], "type": "Polygon", "id": 65, "properties": {"ZONE_TYPE": "BA-1", "ZCODE": 149, "GlobalID": "{9D309744-E29A-4679-A56C-9C048A45EB3F}"}},{"arcs": [[366]], "type": "Polygon", "id": 7, "properties": {"ZONE_TYPE": "OS", "ZCODE": 263, "GlobalID": "{AE07DA89-1705-4248-BCF5-81BAEBBDECB0}"}},{"arcs": [[580, -531, 310, 458, -98, 250, -439]], "type": "Polygon", "id": 188, "properties": {"ZONE_TYPE": "BA", "PUD_TYPE_NEW": "PUD-KS/PUD-7", "ZCODE": 161, "GlobalID": "{91D49AA5-57C8-4AFB-931B-5385646A9143}", "PUD_TYPE": "PUD-KS/PUD-7"}},{"arcs": [[581, 401]], "type": "Polygon", "id": 199, "properties": {"ZONE_TYPE": "BA", "ZCODE": 16, "GlobalID": "{D8C576AA-A774-4856-BBCD-61F1496F5ACF}"}},{"arcs": [[582, -516]], "type": "Polygon", "id": 214, "properties": {"ZONE_TYPE": "BA", "PUD_TYPE_NEW": "PUD-4", "ZCODE": 133, "GlobalID": "{DB066460-63D5-407A-B6DF-3CFB45B24E72}", "PUD_TYPE": "PUD-4"}},{"arcs": [[466, 94, -190, -389, -427, -71, 279, 385, 583, 584, 92, -82], [585]], "type": "Polygon", "id": 125, "properties": {"ZONE_TYPE": "BB", "ZCODE": 201, "GlobalID": "{8088474C-AE8B-40B3-AEC2-EB6A43698011}"}},{"arcs": [[17, 586, -503]], "type": "Polygon", "id": 15, "properties": {"ZONE_TYPE": "C-2", "ZCODE": 250, "GlobalID": "{CA2E4E1C-2A40-419B-B2C0-2E30E34C09F1}"}},{"arcs": [[548, 432, -500, 587]], "type": "Polygon", "id": 156, "properties": {"ZONE_TYPE": "O-2", "ZCODE": 168, "GlobalID": "{5E554067-B8ED-45CE-886F-C74B30741705}"}},{"arcs": [[588, 390, 589, 590, 344, 269, 591]], "type": "Polygon", "id": 169, "properties": {"ZONE_TYPE": "CRDD", "ZCODE": 220, "GlobalID": "{8FBBDC89-5320-48E8-8DC8-0425FD10A48A}"}},{"arcs": [[437, 580, -512, 592]], "type": "Polygon", "id": 187, "properties": {"ZONE_TYPE": "BA", "PUD_TYPE_NEW": "PUD-KS", "ZCODE": 161, "GlobalID": "{CA98DB16-F80C-446F-9693-77B86C227A17}", "PUD_TYPE": "PUD-KS"}},{"arcs": [[-170, 593, 594, 595]], "type": "Polygon", "id": 200, "properties": {"ZONE_TYPE": "C-3", "ZCODE": 69, "GlobalID": "{3DDAC5BA-2315-4A5B-8C3F-B1A2E9E4A3C3}"}},{"arcs": [[-441, 182, -509, -271, 323, -148, -429, -338, 498, 587, -548, -332, -458, -33, -151, 67, 307, 449, -317, 596, 597, 598, -395, 599, 600, 54, 101, 143, -517, -583, -515, 236, -532, -481, -534]], "type": "Polygon", "id": 213, "properties": {"ZONE_TYPE": "OS", "ZCODE": 97, "GlobalID": "{09F1C396-ED37-4F8D-ACE8-5AAB7DCBCDEC}"}},{"arcs": [[-498, -457, 551, 601, -544, -173, 602, -527, 603, -171, -596, 604, 12, -43, 14, 36, 605, 34, 606, -600, -396, -599, 607, -597, -316, -446, -383, 608, 119, 79, -466, 274, -21, 510, -19, 586, 503, 299], [430], [107, 609], [610], [194], [127], [55], [24], [48], [552], [120], [611]], "type": "Polygon", "id": 242, "properties": {"ZONE_TYPE": "C-1", "ZCODE": 35, "GlobalID": "{9F898BDC-D037-43C2-B9D5-6B8681BFE440}"}},{"arcs": [[575]], "type": "Polygon", "id": 59, "properties": {"ZONE_TYPE": "OS", "ZCODE": 275, "GlobalID": "{038E53D1-C9D4-44A6-BAA3-5E8ED426414E}"}},{"arcs": [[569, 612, -523]], "type": "Polygon", "id": 66, "properties": {"ZONE_TYPE": "O-1", "ZCODE": 150, "GlobalID": "{83206F36-28E8-42A7-93E3-18BF38C76646}"}},{"arcs": [[367]], "type": "Polygon", "id": 8, "properties": {"ZONE_TYPE": "OS", "ZCODE": 264, "GlobalID": "{474BE1E7-BBFB-42B9-95B0-50FFBD931320}"}},{"arcs": [[485, -178, 613, 506, 488, -58]], "type": "Polygon", "id": 102, "properties": {"ZONE_TYPE": "SD-3", "ZCODE": 6, "GlobalID": "{D0F32AB4-5FBA-485F-9DB4-4D6146054309}"}},{"arcs": [[-525, -181, 85, -291, -346, -268, 591, 614, 615, 616, 560, 617, 562, 472, 568]], "type": "Polygon", "id": 168, "properties": {"ZONE_TYPE": "BB", "ZCODE": 215, "GlobalID": "{DB5190AF-C60F-49AE-BFC4-DAA1067289EB}"}},{"arcs": [[-107, 618]], "type": "Polygon", "id": 190, "properties": {"ZONE_TYPE": "IA", "ZCODE": 244, "GlobalID": "{00CB64A2-56E7-4101-A79B-C284D744B07F}"}},{"arcs": [[-160, 619, 620, 621, 75]], "type": "Polygon", "id": 197, "properties": {"ZONE_TYPE": "SD-4", "ZCODE": 2, "GlobalID": "{0ED62E4B-6DF4-45B3-829C-1C96F23B9A68}"}},{"arcs": [[-214, 622, -374]], "type": "Polygon", "id": 225, "properties": {"ZONE_TYPE": "C-1", "ZCODE": 35, "GlobalID": "{E28D73E5-0AD8-48B3-B9CB-5E80B07F07D7}"}},{"arcs": [[-38, 605]], "type": "Polygon", "id": 32, "properties": {"ZONE_TYPE": "C-2", "ZCODE": 232, "GlobalID": "{8D7A6D21-11D3-4B28-8B5B-40D1E255554D}"}},{"arcs": [[623]], "type": "Polygon", "id": 58, "properties": {"ZONE_TYPE": "OS", "ZCODE": 251, "GlobalID": "{709BD112-F381-42A1-982E-8507524FC980}"}},{"arcs": [[-334, -281]], "type": "Polygon", "id": 81, "properties": {"ZONE_TYPE": "OS", "ZCODE": 166, "GlobalID": "{8233EDF3-2CF3-4AEE-B0F7-CB0E44A36FEA}"}},{"arcs": [[-364, 302]], "type": "Polygon", "id": 9, "properties": {"ZONE_TYPE": "OS", "ZCODE": 265, "GlobalID": "{AB87966D-A277-4974-97F5-EF6E56178370}"}},{"arcs": [[355, -461, -487]], "type": "Polygon", "id": 101, "properties": {"ZONE_TYPE": "SD-2", "ZCODE": 8, "GlobalID": "{9C4F5A89-1510-4BF6-B124-B3CC7DD0FA42}"}},{"arcs": [[-535, 624, -518, 496, -477, 625, -475, 453, 626, -550, 601, 544, 627, 628, 629]], "type": "Polygon", "id": 167, "properties": {"ZONE_TYPE": "OS", "ZCODE": 24, "GlobalID": "{74AB4530-B57A-4783-9836-B7EBBEB4EC16}"}},{"arcs": [[489, -529, 592, -437, -27]], "type": "Polygon", "id": 189, "properties": {"ZONE_TYPE": "BA", "PUD_TYPE_NEW": "PUD-KS/PUD-7", "ZCODE": 161, "GlobalID": "{9C7E0245-8F63-4F18-8214-AF28818593E8}", "PUD_TYPE": "PUD-KS/PUD-7"}},{"arcs": [[630, -409, 631]], "type": "Polygon", "id": 198, "properties": {"ZONE_TYPE": "OS", "ZCODE": 15, "GlobalID": "{F94E4DDA-10BC-4D89-AF55-06606D8C9FF7}"}},{"arcs": [[-627, 454, -551]], "type": "Polygon", "id": 226, "properties": {"ZONE_TYPE": "C-1", "ZCODE": 35, "GlobalID": "{1D72E640-E57D-43BC-B4AE-3E5145CCD10B}"}},{"arcs": [[611]], "type": "Polygon", "id": 31, "properties": {"ZONE_TYPE": "OS", "ZCODE": 253, "GlobalID": "{D27DC222-9FE8-42BA-AB95-83A565D6A629}"}},{"arcs": [[570, 632, 633, -348, -524, -613]], "type": "Polygon", "id": 57, "properties": {"ZONE_TYPE": "C-2B", "ZCODE": 138, "GlobalID": "{DA611FF9-A000-4C71-B044-97ABF243EB99}"}},{"arcs": [[-618, 561]], "type": "Polygon", "id": 82, "properties": {"ZONE_TYPE": "BA", "ZCODE": 0, "GlobalID": "{5B4FCCC9-C417-4027-910E-78F18032A93A}"}},{"arcs": [[494, -520, 634, 362, -302]], "type": "Polygon", "id": 10, "properties": {"ZONE_TYPE": "IA-1", "ZCODE": 27, "GlobalID": "{5C29B132-282B-45BF-A444-976835A6AE3D}"}},{"arcs": [[635, 162]], "type": "Polygon", "id": 104, "properties": {"ZONE_TYPE": "O-2A", "PUD_TYPE_NEW": "AOD-6", "ZCODE": 13, "GlobalID": "{396C0953-F900-4C8B-AF09-6AD630B4E108}", "PUD_TYPE": "AOD-6"}},{"arcs": [[350]], "type": "Polygon", "id": 130, "properties": {"ZONE_TYPE": "OS", "ZCODE": 219, "GlobalID": "{7839BF88-A7B7-4302-B5D2-A6C011CCDD3D}"}},{"arcs": [[545, 174, 636, -628]], "type": "Polygon", "id": 159, "properties": {"ZONE_TYPE": "IA-1", "ZCODE": 241, "GlobalID": "{C8F34185-63FA-420D-8389-01896CF1A221}"}},{"arcs": [[-362, 637, 629, 535, 624, 518, 634]], "type": "Polygon", "id": 166, "properties": {"ZONE_TYPE": "C-1A", "ZCODE": 285, "GlobalID": "{4BFD242E-271A-4D3B-8A28-74C9EE8CC90D}"}},{"arcs": [[638, 639, -539]], "type": "Polygon", "id": 195, "properties": {"ZONE_TYPE": "BA-2", "ZCODE": 7, "GlobalID": "{2F40EAD1-26CC-4CD0-AB2A-E426FA606298}"}},{"arcs": [[610]], "type": "Polygon", "id": 20, "properties": {"ZONE_TYPE": "C-2", "ZCODE": 56, "GlobalID": "{7F622B89-DFED-4C28-A095-201D950838CB}"}},{"arcs": [[-626, -476]], "type": "Polygon", "id": 227, "properties": {"ZONE_TYPE": "C-1", "ZCODE": 35, "GlobalID": "{945D3668-4FB5-4417-A92C-C2448EACFDCA}"}},{"arcs": [[-92, 77, 118, 640, 584]], "type": "Polygon", "id": 34, "properties": {"ZONE_TYPE": "BA", "ZCODE": 99, "GlobalID": "{FAA3F176-8E7E-402D-B936-CDD240401C18}"}},{"arcs": [[377, 566, 579, 565]], "type": "Polygon", "id": 56, "properties": {"ZONE_TYPE": "BA-1", "ZCODE": 141, "GlobalID": "{D4D87FC4-8D66-4319-9A6F-411A54E3EA77}"}},{"arcs": [[577]], "type": "Polygon", "id": 69, "properties": {"ZONE_TYPE": "BA", "ZCODE": 152, "GlobalID": "{6D141AAA-2CE4-4938-96ED-20108203A341}"}},{"arcs": [[349]], "type": "Polygon", "id": 83, "properties": {"ZONE_TYPE": "OS", "ZCODE": 258, "GlobalID": "{728A52E8-7400-423D-AC5C-1CBE078E7AD6}"}},{"arcs": [[-614, -177, 641, 540, 505]], "type": "Polygon", "id": 103, "properties": {"ZONE_TYPE": "C-2", "ZCODE": 18, "GlobalID": "{9BFED9AD-0CE0-469E-9E72-4707158AAB86}"}},{"arcs": [[352]], "type": "Polygon", "id": 129, "properties": {"ZONE_TYPE": "OS", "ZCODE": 187, "GlobalID": "{1250109D-F842-4864-80A3-D45988CFAFF7}"}},{"arcs": [[529, -492]], "type": "Polygon", "id": 160, "properties": {"ZONE_TYPE": "IA-1", "PUD_TYPE_NEW": "PUD-4C", "ZCODE": 147, "GlobalID": "{1D93ED02-2918-4CEC-B61D-137ED4372686}", "PUD_TYPE": "PUD-4C"}},{"arcs": [[642, -616, 643, -294]], "type": "Polygon", "id": 165, "properties": {"ZONE_TYPE": "SD-15", "ZCODE": 211, "GlobalID": "{A2ED0DE3-0212-492C-AEA2-704BFB98642F}"}},{"arcs": [[108, -610]], "type": "Polygon", "id": 19, "properties": {"ZONE_TYPE": "BA-1", "ZCODE": 51, "GlobalID": "{6393A0B5-025F-476D-A042-652542BF16B4}"}},{"arcs": [[644, 620]], "type": "Polygon", "id": 196, "properties": {"ZONE_TYPE": "SD-4A", "ZCODE": 282, "GlobalID": "{8804F9AD-E30B-4A0E-85DF-DFCB10D82D32}"}},{"arcs": [[593, 645, 168]], "type": "Polygon", "id": 228, "properties": {"ZONE_TYPE": "C-1", "ZCODE": 35, "GlobalID": "{7481EC07-DD81-4F99-81A3-EC9CB89B6230}"}},{"arcs": [[597, 607]], "type": "Polygon", "id": 33, "properties": {"ZONE_TYPE": "C-2", "ZCODE": 98, "GlobalID": "{034F3B80-DEA5-4DC7-89FA-0874846A795A}"}},{"arcs": [[-349, -634, 646, 246]], "type": "Polygon", "id": 55, "properties": {"ZONE_TYPE": "BB-1", "ZCODE": 144, "GlobalID": "{B817E37A-39F2-484C-A443-3706F333D701}"}},{"arcs": [[-136, 647, -134, -205, 43, -559]], "type": "Polygon", "id": 70, "properties": {"ZONE_TYPE": "OS", "ZCODE": 159, "GlobalID": "{4B2F837C-3A83-42E5-97C0-8FEF1B651745}"}},{"arcs": [[643, 389, -589, 614]], "type": "Polygon", "id": 84, "properties": {"ZONE_TYPE": "SD-7", "ZCODE": 176, "GlobalID": "{352F33A2-0625-4103-AB94-990DEF862E81}"}},{"arcs": [[-172, -604, -528, -603]], "type": "Polygon", "id": 106, "properties": {"ZONE_TYPE": "BA", "ZCODE": 42, "GlobalID": "{A00ABACF-CC55-4B51-B05F-17F302558ACE}"}},{"arcs": [[292, 642, 616, -560, 45, -204, -139, 542, -558, -493, 124, -436]], "type": "Polygon", "id": 164, "properties": {"ZONE_TYPE": "IB", "ZCODE": 211, "GlobalID": "{B49B52E1-8E1B-435D-9883-EDB6E2A9E029}"}},{"arcs": [[648, 554]], "type": "Polygon", "id": 193, "properties": {"ZONE_TYPE": "BA", "ZCODE": 81, "GlobalID": "{46541EF8-26FC-4822-A367-875D9FB34748}"}},{"arcs": [[-162, 649, -632, -408, 650, -406, -483, 484, -510, -164, 635]], "type": "Polygon", "id": 220, "properties": {"ZONE_TYPE": "IB-2", "PUD_TYPE_NEW": "AOD-Q", "ZCODE": 14, "GlobalID": "{41F394A1-AC45-48D1-AFF1-D759BAEDD69B}", "PUD_TYPE": "AOD-Q"}},{"arcs": [[-648, -135]], "type": "Polygon", "id": 221, "properties": {"ZONE_TYPE": "C-1", "ZCODE": 35, "GlobalID": "{AF8977A2-0160-427F-B27F-F5CF673B2092}"}},{"arcs": [[-584, 386, 608, 640]], "type": "Polygon", "id": 36, "properties": {"ZONE_TYPE": "C-2", "ZCODE": 202, "GlobalID": "{ECFAFE7C-4352-4784-AE02-BB49EA24410A}"}},{"arcs": [[632, 646, -246, -572]], "type": "Polygon", "id": 54, "properties": {"ZONE_TYPE": "BB-2", "ZCODE": 237, "GlobalID": "{CE835D46-DD90-4E90-B271-2259BDC06FDA}"}},{"arcs": [[651, 447, 341, 215, 234, 342, -266, 343, -591]], "type": "Polygon", "id": 85, "properties": {"ZONE_TYPE": "SD-9", "ZCODE": 221, "GlobalID": "{7349BE88-7FCF-4747-AD98-08342AA90BDC}"}},{"arcs": [[-642, -176, 636, 628, -638, -361, 539]], "type": "Polygon", "id": 105, "properties": {"ZONE_TYPE": "BA", "PUD_TYPE_NEW": "AOD-5", "ZCODE": 22, "GlobalID": "{6560DFD3-1A8D-4187-9391-5CB554B7C41A}", "PUD_TYPE": "AOD-5"}},{"arcs": [[112, -424, -533]], "type": "Polygon", "id": 163, "properties": {"ZONE_TYPE": "IA-1", "PUD_TYPE_NEW": "PUD-4C", "ZCODE": 291, "GlobalID": "{DF78B40B-F7A7-4AEA-A27B-A5F64D55DE7E}", "PUD_TYPE": "PUD-4C"}},{"arcs": [[-640, 652, -522, 200, -537]], "type": "Polygon", "id": 194, "properties": {"ZONE_TYPE": "OS", "ZCODE": 7, "GlobalID": "{E40BD4DB-9DEE-40FF-B606-57DFD00E8DA8}"}},{"arcs": [[-651, -407]], "type": "Polygon", "id": 219, "properties": {"ZONE_TYPE": "C-1", "PUD_TYPE_NEW": "AOD-Q", "ZCODE": 17, "GlobalID": "{D93FD67F-1216-4585-80A6-7686EC4563DD}", "PUD_TYPE": "AOD-Q"}},{"arcs": [[2, 263, -243, -141]], "type": "Polygon", "id": 222, "properties": {"ZONE_TYPE": "C-1", "ZCODE": 35, "GlobalID": "{C6D8CF7C-6133-4BA0-B9FF-D1C4FBFDF22D}"}},{"arcs": [[468]], "type": "Polygon", "id": 35, "properties": {"ZONE_TYPE": "OS", "ZCODE": 260, "GlobalID": "{6DFEC6C7-9587-4142-B994-7F8966D0B5F7}"}},{"arcs": [[573, -110]], "type": "Polygon", "id": 53, "properties": {"ZONE_TYPE": "C-2A", "ZCODE": 136, "GlobalID": "{5F5E074B-27CA-4F95-A6B4-CBE03D0FAC87}"}},{"arcs": [[589, 651, -449, 420, -392], [418]], "type": "Polygon", "id": 86, "properties": {"ZONE_TYPE": "SD-8", "ZCODE": 223, "GlobalID": "{A406ED45-D75D-41B6-97A8-E698E3F5E2BB}"}}]}},"arcs":[[[8439, 3175], [3, 24], [11, 88], [3, 22]],[[8456, 3309], [2, 16], [1, 10], [2, 19], [2, 11]],[[8463, 3365], [7, 60], [2, 13], [3, 22], [4, 34]],[[8479, 3494], [6, 54], [3, 29]],[[8488, 3577], [-15, 4], [-96, 23], [-19, 5], [-3, -28], [-5, -38], [-1, -5]],[[8349, 3538], [-6, -50], [-2, -16], [-2, -16], [-14, -115], [0, -5], [-14, -108], [-3, -21], [14, -3], [36, -9], [16, -4], [11, -3], [40, -10], [14, -3]],[[8349, 3457], [3, 27], [113, -27], [-4, -27], [-112, 27]],[[4889, 1664], [25, 4], [1, -1], [20, 32], [4, -5], [8, -9], [17, -21], [7, -8], [8, -9], [14, -18], [15, -17], [-3, -5], [-17, -29], [-15, 18], [-6, 8], [-4, 5], [-5, 5], [-7, 9], [-3, 3], [-3, 5], [-1, 1], [-14, 17], [-39, -8], [-1, 16], [-1, 7]],[[4742, 3162], [0, 18], [0, 26], [0, 4], [0, 1], [-7, 3], [-23, 12], [7, 26], [4, 15], [2, 9], [3, 10], [20, -10], [1, 17], [6, 67], [3, 39], [-3, 1], [-5, 3], [-24, 16], [-18, 11], [8, 22], [-4, 2], [-10, 7], [-5, -14], [-5, -15], [-5, -16], [-2, -5], [-7, 5], [-6, -19], [-5, -14], [6, -3], [-2, -10], [-15, 7], [3, 10], [-14, 7], [-7, 3], [-2, -7], [-8, -29], [-3, -9], [-3, -13]],[[4622, 3339], [0, -1], [29, -14], [-2, -11], [-8, -31], [-5, -19], [-1, 1], [-13, -51], [-3, -10], [78, -39], [3, 0], [29, -1], [13, -1]],[[1496, 4504], [15, -71], [6, -30]],[[1517, 4403], [-127, -18], [-208, -64], [-15, -5], [-56, -17], [-1, 0], [-35, 7], [-3, 1], [-23, 5], [-3, 3], [-4, 2], [-3, 2], [-4, 1], [-47, 15], [-20, 4], [-4, 0], [-3, 1], [-4, 1], [-4, 1], [-3, 1], [-4, 1], [-3, 0], [-4, 1], [-4, 1], [-3, 1], [-4, 0], [-4, 1], [-3, 1], [-4, 0], [-4, 1], [-3, 0], [-4, 1], [-4, 1], [-4, 1], [-3, 0], [-4, 1], [-4, 1], [-3, 0], [-4, 1], [-4, 1], [-4, 0], [-3, 1], [-4, 1], [-20, 3]],[[845, 4362], [7, 76], [1, 10], [15, -2], [12, -3], [27, -4], [20, -4], [29, -5], [3, 0], [11, -2], [0, -1], [23, -5], [2, 0], [24, -7], [1, 0], [20, -6], [1, -1], [42, -15], [6, 21], [2, 7], [2, 9], [7, 23], [48, 162], [-3, 2], [1, 5]],[[1146, 4622], [37, 6], [4, 1], [14, 2], [13, 2], [14, 2], [36, 6], [14, -189], [1, -7], [20, 6], [1, 1], [25, 7], [-2, 34], [-1, 10], [-1, 8], [-2, 22], [0, 7], [23, 4], [-8, 34], [-4, 18], [-6, 24], [0, 3], [-1, 2], [-1, 5], [-1, 5], [-3, 10], [-1, 4], [-6, 26], [-10, 46], [-16, 67], [61, 30], [7, 4], [8, 3]],[[1361, 4825], [3, -13], [6, -25], [18, -70], [8, -32], [-2, -1], [13, -58], [19, -82], [3, -10], [11, -43], [56, 13]],[[4273, 5631], [3, 60], [6, 96], [3, 58], [2, 38], [11, 192], [2, 38], [5, 103], [2, 21], [3, 43], [1, 25], [6, 83], [1, 31], [1, 21], [3, 44], [1, 8], [0, 10], [1, 0], [0, 1], [0, 2], [1, 28], [0, 16], [1, 1], [1, 21], [1, 15], [0, 4], [0, 1], [0, 1], [0, 1]],[[4328, 6593], [-38, 3], [-19, 2], [2, 47], [-15, -4], [-37, -7]],[[4221, 6634], [-1, -7], [-1, -62], [-8, -2]],[[4211, 6563], [-6, -99], [-1, -11]],[[4204, 6453], [-9, -167]],[[4195, 6286], [-14, -249], [-2, -33], [-10, -189], [-3, -31], [-4, -84], [-1, 0], [-9, -157], [-2, -45], [-2, -47]],[[4148, 5451], [-1, -20], [-2, -26], [0, -1], [0, -2], [-1, -19], [-5, -20], [-1, -2], [0, -3], [-2, -10]],[[4136, 5348], [32, 9], [14, 4], [17, -2], [58, -5]],[[4257, 5354], [0, 10], [0, 1], [2, 35], [1, 13], [0, 1], [3, 46], [2, 41], [1, 7], [0, 1], [0, 13], [1, 12], [0, 1], [3, 49], [3, 46], [0, 1]],[[3461, 5270], [30, -92], [-12, -8], [-14, -9], [-14, -9], [-42, -27], [-30, 92], [82, 53]],[[8195, 2541], [-72, 18], [-31, 7]],[[8092, 2566], [-14, -46], [-15, -50], [-6, -20]],[[8057, 2450], [20, -5], [104, -25]],[[8181, 2420], [9, 74], [5, 47]],[[4550, 5873], [1, 50], [0, 38], [30, -1], [-6, -87], [-4, 0], [-21, 0]],[[4747, 2107], [-15, 182], [-1, 10], [-4, 18], [-15, -2], [-8, -1]],[[4704, 2314], [-90, -14]],[[4614, 2300], [-3, -22], [0, -1], [-1, -1], [0, -1], [0, -1], [0, -78], [0, -66], [0, -23], [0, -8], [1, -14]],[[4611, 2085], [136, 22]],[[1696, 4454], [5, -24]],[[1701, 4430], [-178, -26], [-6, -1]],[[1496, 4504], [76, 18], [9, 2], [60, 16], [29, 9], [8, 2], [11, -57], [2, -10]],[[1691, 4484], [5, -30]],[[8551, 3745], [-1, -4]],[[8550, 3741], [-4, -6], [-9, -12], [-8, -7], [-1, 0], [-4, -3], [-4, -1], [-6, 0], [-2, 0], [-4, 1], [-4, 1], [-12, 3], [-27, 6], [-74, 18], [-16, 4]],[[8375, 3745], [1, 7], [6, 49], [-65, 63], [-8, 8], [-19, 18], [-1, 1], [-15, 14], [30, -8], [12, -2], [2, -1], [5, 0], [2, -1], [6, 1], [1, 0], [12, 3], [4, 2], [16, 16]],[[8364, 3915], [24, -22], [14, -14], [15, -14], [72, -69], [12, -10], [11, -9], [15, -13], [24, -19]],[[1361, 4825], [-16, 65], [-5, 22], [-6, 25], [-10, 47], [-4, 17], [-29, -10], [-39, 3], [-5, -16], [-9, -30], [-8, -29], [-7, -24], [-6, -23], [-7, -23], [-6, -23], [-6, -23], [-7, -23], [-5, -19], [-18, -60], [-13, -49], [-2, -5], [-1, -5], [-1, -5], [-5, -15]],[[6899, 2591], [-18, -44], [-5, -15]],[[6876, 2532], [11, -9], [65, -52], [10, -8], [7, 17], [12, 29]],[[6981, 2509], [5, 13]],[[6986, 2522], [-5, 4], [-24, 18], [-15, 12], [-37, 30], [-6, 5]],[[7998, 3077], [6, 53], [6, -1], [47, -11], [-7, -54], [-9, 2], [-9, 3], [-12, 2], [-12, 3], [-10, 3]],[[1796, 5221], [59, 22], [6, -26], [6, -26], [46, 17], [0, -2], [-46, -18], [-57, -20], [-6, 17], [-1, 5], [-1, 5], [-2, 4], [-1, 5], [0, 5], [-1, 5], [-2, 7]],[[5510, 2752], [3, -3], [6, -8], [56, -62], [56, -64], [10, -11]],[[5641, 2604], [-8, -13], [-15, -24]],[[5618, 2567], [-6, 7], [-30, 33], [-7, -10], [-15, 17], [-22, 24], [-38, 42], [5, 9], [-16, 17], [-4, -9], [-15, 16], [24, 42], [5, 9], [3, -4], [8, -8]],[[9110, 3202], [3, -3], [23, -21], [27, -27], [158, -152], [1, 0], [0, -1]],[[9322, 2998], [-7, -15], [-62, -126]],[[9253, 2857], [-5, 4], [-120, 115], [-25, 24], [-27, 26], [-23, 22], [-18, 17], [75, 137]],[[2186, 5643], [18, 6], [16, 6], [22, 8], [15, 5], [7, 2], [16, 1], [27, 3], [3, -49], [2, -21], [10, 1], [21, 3], [-4, -35], [-3, -22], [-1, -16], [-28, -4], [-25, -3], [-9, -1], [-10, -4], [-51, -19], [-3, 16], [-7, 36], [-16, 87]],[[5143, 2456], [13, 2], [69, 11], [10, 2], [4, -50], [2, -21], [1, -22], [4, -49], [-10, -2], [-72, -12], [-9, -2], [-5, 53], [-1, 19], [-2, 19], [-4, 52]],[[2521, 8983], [0, -113]],[[2521, 8870], [4, 1], [33, 7], [15, 33], [2, -1], [86, -10], [61, -7], [140, -16], [0, -18], [44, -5], [39, -5], [-3, -3], [47, -6]],[[2989, 8840], [1, 5], [0, 9], [-3, 7], [-14, 20], [0, 1], [-1, 0], [-10, 16], [-12, 18], [-20, 31], [-3, 5], [-28, 41]],[[2899, 8993], [-85, 10], [-102, 12], [0, -1], [0, -20], [-51, 7], [0, -24], [-20, 3], [-19, 2], [0, -11], [-11, 3], [-1, -1], [-2, 0], [-2, 0], [-75, 9], [-9, 1], [-1, 0]],[[8225, 3568], [2, 10], [-10, 3], [-9, 2], [-18, 4], [-2, -10]],[[8188, 3577], [-3, -26], [-3, -26], [36, -10], [1, 0], [3, 27], [3, 26]],[[3073, 8327], [0, 12], [0, 6], [0, 22], [0, 9], [0, 51], [28, 33], [3, 4], [4, 4], [3, 4], [8, 9], [26, -45], [10, -17], [-9, -10], [-9, -10], [23, -41], [-3, -4], [-3, -3], [-2, -2], [-1, -2], [-24, 40], [-11, -12], [-5, -6], [-5, -5], [-11, -12], [-10, -12], [-12, -13]],[[4637, 3591], [-5, -12], [-2, -6], [-17, -52], [6, -4], [-7, -19], [-7, -19], [6, -4], [-8, -24], [-10, -31], [-7, 3], [-13, -49], [-2, -10], [6, -3], [36, -18], [9, -4]],[[4742, 3162], [0, -18], [-1, -61], [0, -94], [-1, -19], [0, -20], [-2, -75], [8, -2], [33, -2], [21, -1], [1, 0], [3, 0], [-1, -43], [58, -3], [-1, -104], [0, -14], [-1, -37], [0, -2], [-11, 2], [-42, -1], [-4, 0], [-6, 0], [-1, -17], [-24, 1], [0, 8], [-27, 0], [-8, 1], [0, -2], [0, -16], [-1, -7], [-6, -42], [-3, -15]],[[4726, 2579], [-13, 1], [-83, 7], [-1, 1]],[[4629, 2588], [1, 17], [1, 32], [-1, 30], [0, 7], [0, 4], [-1, 21], [-2, 31], [-1, 4], [-1, 15], [1, 0], [0, 1], [0, 1], [0, 1], [0, 1], [1, 0], [0, 1], [1, 0], [0, 1], [1, 0], [1, 0], [1, 0], [-5, 19], [-1, 0], [0, 1], [-1, 0], [-1, 0], [0, 1], [0, 1], [-1, 0], [0, 1], [-3, 27], [-6, 35], [-5, 31], [9, 0], [8, -1], [58, -2], [0, -13], [46, -2], [0, 12], [1, 94], [-90, 4], [-42, 2], [-8, 0], [-1, 0], [9, 20], [4, 20], [-1, -2], [-1, -1], [-2, -1], [0, -1], [-1, 0], [-1, -1], [-2, 0], [-1, 0], [-1, 1], [-1, 0], [-1, 1], [-1, 1], [-1, 1], [-1, 3], [0, 2], [-1, 4], [-15, 49], [-10, 31], [-12, 34], [-17, 51], [-11, 30], [-7, 20], [0, 1], [0, 1], [0, 1], [0, 1], [0, 1], [0, 1], [1, 1], [0, 1], [0, 1], [1, 1], [1, 1], [1, 1], [1, 0], [0, 1], [1, 0], [1, 0], [1, 0], [-8, 5], [-42, 34], [-4, 3], [-24, 27], [-4, 3], [-3, 3], [-3, 3], [-3, 2], [-3, 3], [-4, 3], [-3, 3], [-3, 3], [-3, 2], [-4, 3], [-3, 2], [-3, 3], [-4, 2], [-3, 3], [-14, 9], [-13, 6], [-95, 47], [-12, 6], [-14, 6], [-3, -15], [0, -2], [0, -1], [0, -1], [-1, -1], [-1, -1], [0, -1], [-1, 0], [0, -1], [-1, 0], [0, -1], [-1, 0], [-1, 0], [-1, -1], [-2, 1], [-3, 0], [-4, 0], [-3, 1], [-4, 0], [-4, 0], [-3, 0], [-4, 0], [-4, 0], [-3, 0], [-4, 0], [-4, 0], [-4, 0], [-4, 0], [-4, 0], [-3, 0], [-4, 0], [-4, -1], [-4, 0], [-4, 0], [-3, -1], [-4, 0], [-2, 0], [-28, -4], [-70, -13], [-23, -3], [-18, -2], [-3, 0], [-4, 0], [-4, 0], [-7, 0], [-3, 0], [-4, -1], [-4, 0], [-3, 1], [-4, 0], [-4, 1], [-3, 2], [-4, 1], [-11, 6], [-1, 1], [-25, 14], [1, 1], [1, 1], [62, 139], [-111, 96], [20, 45], [73, 162], [-16, 14]],[[3965, 3857], [7, 16]],[[3972, 3873], [4, -3], [1, 0], [3, -2], [2, -1], [5, -1], [8, -1]],[[3995, 3865], [10, -19], [3, -9], [3, -13], [3, -13], [1, -1], [1, -4], [49, -99], [4, -6], [8, -15], [9, 21], [5, 11], [5, 10], [11, -8], [30, -22], [3, -2]],[[4140, 3696], [54, -39], [7, -5], [3, 10], [23, 78], [4, 13], [85, -70], [1, -1], [150, -91], [24, 76], [6, 18]],[[4497, 3685], [13, -9], [74, -49], [10, -7], [10, -7], [33, -22]],[[877, 8825], [-4, -1], [-3, -2], [-4, -1], [-4, -2], [-3, -1], [-4, -1], [-4, -2], [-3, -1], [-4, -1], [-4, -1], [-3, -1], [-4, -1], [-4, -1], [-3, -1], [-4, 0], [-4, -1], [-3, -1], [-4, 0], [-4, -1], [-4, 0], [-3, 0], [-4, 0], [-4, 0], [-3, 0], [-4, 1], [-3, 0], [-4, 0], [-4, 0], [-3, 0], [-4, 0], [-4, 0], [-3, 0], [-4, 0], [-4, 0], [-3, 0], [-4, 1], [-4, 0], [-3, 1], [-4, 0], [-4, 1], [-4, 0], [-3, 1], [-4, 1], [-4, 0], [-3, 1], [-4, 1], [-4, 1], [-4, 1], [-3, 1], [-4, 1], [-4, 1], [-3, 1], [-4, 2], [-3, 1], [-4, 1], [-4, 2], [-3, 1], [-4, 2], [-3, 1], [-4, 2], [-4, 2], [-3, 2], [-4, 1], [-3, 2], [-4, 2], [-3, 2], [-4, 2], [-3, 2], [-4, 3], [-3, 2], [-3, 2], [-4, 2], [-3, 3], [-4, 2], [-3, 3], [-3, 2], [-4, 3], [-4, 3]],[[594, 8871], [27, 62], [1, 3], [30, 67], [1, 3], [27, 62], [1, 2], [24, 55]],[[705, 9125], [0, -2], [0, -35], [0, -1], [1, -58], [1, -28], [0, -6], [0, -5], [1, -6], [1, -6], [0, -6], [1, -5], [2, -6], [1, -5], [1, -6], [1, -5], [2, -5], [1, -4], [2, -5], [2, -4], [2, -5], [2, -4], [2, -4], [2, -5], [2, -4], [3, -4], [2, -3], [3, -4], [2, -3], [3, -3], [2, -3], [3, -3], [3, -3], [2, -2], [3, -3], [3, -2], [3, -2], [3, -2], [3, -2], [4, -3], [4, -2], [4, -2], [4, -1], [5, -2], [4, -1], [4, -1], [4, -1], [5, -1], [2, 0], [2, -1], [15, 0], [24, -1], [26, 0], [0, -25]],[[4309, 4275], [-2, 20], [-1, 10], [-7, 26], [-16, -4], [-33, -7], [-33, -7]],[[4217, 4313], [-21, -4], [-16, -4], [-19, -4], [-17, 63], [-1, 0]],[[4143, 4364], [-13, 27], [-2, 2], [18, 42], [22, 50], [8, 18], [-73, 61], [-14, 11], [-19, 17], [-75, 62], [-16, 15], [-14, 21], [-12, 26], [-19, 40], [-40, 79]],[[3894, 4835], [49, 24], [31, 17], [21, 11], [64, 36], [13, 7], [19, 9]],[[4091, 4939], [13, 6], [10, 2], [10, -2], [4, 28], [41, 254], [20, 87], [4, 15], [-2, -101], [-2, -52], [-2, -19], [-1, -17], [-10, -189], [-2, -38], [10, -36], [25, -127], [3, -15], [2, -10], [52, -50], [23, -24], [32, -31], [16, -11], [15, -8], [13, -4], [-18, -125], [-4, -39], [-1, -2], [-1, -16], [-4, -41], [-9, -76], [0, -4], [0, -1], [-2, -6], [-2, -5], [0, -4], [-2, -12], [-1, -5], [-9, -25]],[[4312, 4236], [-3, 39]],[[5937, 2270], [-4, -8], [-45, -77], [-9, -15]],[[5879, 2170], [-12, 15], [-87, 97], [-23, 26], [-15, 17], [-10, 11], [-11, 12], [-22, 25], [-25, 28], [-10, 12], [-12, 13], [-12, 17], [-17, 19]],[[5623, 2462], [23, 5], [31, 6], [45, 7], [24, 5]],[[5746, 2485], [15, -16], [39, -43], [66, -75], [61, -70], [6, -6], [4, -5]],[[5597, 475], [-131, 36]],[[5466, 511], [58, 106]],[[5524, 617], [79, -84], [27, -28]],[[5630, 505], [-33, -30]],[[3098, 8848], [63, -9], [-20, -34], [-20, 1], [-9, 16], [-14, 26]],[[4217, 4313], [2, -17], [2, -34]],[[4221, 4262], [16, -1], [13, 1], [41, 9], [18, 4]],[[4702, 3855], [-7, 4], [-83, 43]],[[4612, 3902], [11, -14], [6, -11]],[[4629, 3877], [55, -90], [7, -11], [11, 79]],[[8019, 1869], [-126, 109]],[[7893, 1978], [-6, 6]],[[7887, 1984], [-6, -17], [19, -20], [31, -37], [2, -3], [3, -3], [3, -3], [3, -4], [3, -2], [4, -3], [3, -3], [3, -3], [3, -2], [3, -3], [4, -2], [3, -2], [1, -1]],[[7969, 1876], [50, -7]],[[9799, 3217], [-18, -1], [-176, -11], [-19, 0], [-14, 0], [-122, -1], [-10, 1], [-13, 0], [-4, 0], [-30, -61], [-2, -6], [-38, -76], [-4, -8], [-15, -32], [-3, -5], [-9, -19]],[[9110, 3202], [-20, 20], [-37, 31]],[[9053, 3253], [-46, 40], [-42, 39], [-67, 64], [-104, 107]],[[8794, 3503], [-40, 56]],[[8754, 3559], [21, 34], [4, 7], [1, 2], [-8, 9], [-8, -16], [-7, 8], [-5, 5], [-25, 28], [-49, 44], [7, 15], [1, 2], [1, 3], [-52, 49], [-32, 31], [-58, 55], [-4, 4], [1, 3], [-16, 17], [-55, 54], [-1, 0], [-23, 21], [-10, 10], [-26, 28], [-8, 13], [-22, 25], [-27, 31], [0, 1], [-45, 52], [0, 1], [-6, 6], [-58, 67], [-10, 13]],[[8235, 4181], [2, 0], [0, 1], [8, 7], [1, 1], [0, 1], [1, 0], [0, 1], [1, 0], [0, 1], [1, 0], [0, 1], [1, 0], [0, 1], [1, 0], [1, 0], [0, 1], [1, 0], [1, 0], [0, 1], [1, 0], [1, 0], [1, 0], [1, 0], [13, 3], [7, 5], [13, 11], [1, 0], [0, 1], [1, 0], [1, 0], [0, 1], [1, 0], [1, 0], [1, 0], [0, 1], [1, 0], [1, 0], [1, 0], [1, 0], [0, -1], [1, 0], [1, 0], [1, 0], [0, -1], [1, 0], [1, 0], [0, -1], [1, 0], [0, -1], [1, 0], [0, -1], [1, 0], [0, -1], [1, 0], [0, -1], [0, -1], [1, 0], [5, -9], [1, -1], [2, -4], [1, -1], [3, -5], [0, -1], [1, -2], [3, -5], [8, -15], [12, -10], [4, -1], [2, 0], [2, 1], [8, 5], [2, 2], [8, 9], [5, 5], [8, 9], [12, 15], [0, 1], [2, 2], [2, 2], [9, 9], [2, 1], [5, 3], [0, 1], [1, 0], [2, 1], [2, 1], [3, 0], [2, 1], [1, 0], [1, 0], [6, 1], [1, 0], [10, -1], [1, -1], [6, -2], [1, 0], [0, -1], [2, -1], [5, -3], [1, -1], [3, -2], [2, -2], [0, -1], [2, -1], [3, -3], [4, -4], [1, -1], [5, -5], [2, -2], [7, -7], [1, -2], [3, -4], [2, -2], [1, -2], [3, -5], [1, -1], [1, -1], [5, -8], [1, -1], [5, -8], [5, -8], [2, -2], [2, -3], [3, -4], [8, -7], [1, -1], [7, -7], [0, -1], [5, -5], [1, 0], [1, -1], [1, -1], [5, -2], [2, -2], [4, -1], [4, -1], [4, -1], [1, -1], [1, 0], [9, -1], [3, 0], [4, 0], [4, 0], [3, 0], [2, 0], [5, 0], [6, 1], [1, 0], [4, 1], [2, 0], [1, 0], [2, 0], [1, 0], [3, 1], [17, 2], [5, 1], [5, 1], [0, 1], [1, 0], [2, 0], [1, 1], [1, 0], [2, 0], [2, 1], [1, 0], [1, 1], [4, 1], [6, 3], [1, 1], [1, 0], [5, 5], [3, 1], [1, 1], [1, 0], [1, 1], [4, 2], [2, 1], [0, 1], [4, 4], [0, 1], [1, 1], [2, 2], [1, 2], [2, 1], [0, 1], [3, 4], [6, 6], [2, 4], [3, 3], [3, 3], [2, 3], [2, 1], [2, 3], [4, 4], [2, 2], [3, 4], [1, 0], [1, 2], [1, 1], [2, 2], [1, 0], [0, 1], [1, 0], [0, 1], [1, 0], [0, 1], [1, 0], [1, 1], [1, 0], [0, 1], [1, 0], [1, 0], [0, 1], [1, 0], [1, 0], [1, 0], [0, 1], [1, 0], [1, 0], [1, 0], [1, 0], [1, 0], [1, 0], [1, 0], [1, 0], [1, 0], [1, 0], [1, 0], [0, -1], [1, 0], [1, 0], [1, -1], [1, 0], [1, -1], [1, 0], [0, -1], [1, 0], [0, -1], [1, 0], [1, 0], [0, -1], [2, -1], [1, -1], [1, -1], [1, -1], [1, -1], [0, -1], [2, -3], [1, 0], [4, -5], [2, -3], [4, -6], [2, -3], [7, -11], [6, -9], [17, -31], [5, -10], [9, -22], [1, -2], [2, -5], [2, -4], [2, -4], [2, -8], [2, -3], [0, -1], [0, -1], [1, -3], [3, -7], [2, -6], [1, -5], [6, -16], [4, -14], [2, -6], [9, -20], [5, -9], [1, -1], [1, -2], [1, -1], [3, -6], [1, -2], [9, -14], [16, -21], [3, -4], [4, -3], [14, -6], [6, -1], [1, 0], [4, -1], [14, 1], [6, 1], [2, 1], [4, 1], [9, 3], [8, 6], [10, 11], [1, 1], [1, 1], [0, 1], [4, 5], [3, 6], [2, 3], [1, 1], [6, 7], [6, 6], [12, 13], [4, 4], [10, 11], [1, 1], [17, 12], [5, 3], [8, 9], [7, 8], [2, 2], [14, 12], [5, 6], [1, 0], [18, -79], [9, -37], [2, -10], [0, -1], [119, -36], [33, -10], [24, -7]],[[9308, 3859], [255, -353], [3, 2], [16, 21], [15, -19], [130, -183], [72, -110]],[[3031, 5705], [46, -53], [12, -13], [1, -2], [3, -2], [1, 0], [1, 0], [4, 3], [2, 2], [1, 2], [2, 4], [1, 1], [42, 73], [-7, 9], [-37, 43], [-15, 16]],[[3088, 5788], [-2, 2], [-1, 1], [-16, -25], [-38, -61]],[[5660, 3363], [26, 52], [3, 6]],[[5689, 3421], [-8, 4], [-11, -21], [-13, -24], [-25, 12], [0, 1], [-1, 0], [-18, 9], [-22, 11], [-3, 2], [-5, 2], [-15, 9], [-1, 2], [13, 41], [2, 6], [-103, 53], [-15, -48], [-6, 2], [-20, 11], [-36, 18], [17, 49], [-3, 1], [-67, 36], [-20, -62], [71, -37], [137, -71], [15, -8], [12, -6], [96, -50]],[[8562, 2737], [-2, -23], [-11, -89], [-3, -20]],[[8546, 2605], [-20, 5], [-86, 21], [-3, -30], [-1, -7], [-4, -28], [-7, -64], [-2, -15]],[[8423, 2487], [-2, 0], [-6, 2], [-59, 14]],[[8356, 2503], [4, 31], [12, 96], [2, 17], [3, 23], [10, 85]],[[8387, 2755], [1, 4], [2, 20]],[[8390, 2779], [18, -5], [131, -31], [23, -6]],[[8281, 2983], [4, 9], [5, 13], [1, 2], [5, 13], [2, 0], [3, 8], [4, 10], [1, 7], [-4, 3], [3, 10], [4, -1], [8, -2], [11, -3], [19, -9], [-4, -32], [-6, -52], [0, -1], [-1, -2], [0, -1], [0, -1], [-1, -1], [0, -2], [-1, -1], [0, -1], [-1, -1], [-2, -1], [-1, -1], [-1, -1], [-1, 0], [-1, -1], [-1, 0], [-1, 0], [-9, 2], [-34, 9], [7, 23], [-6, 4], [-2, 1]],[[4143, 4364], [-16, -17], [-5, -5], [-7, -7], [-8, -9], [-5, -4], [-9, -10], [-11, -12], [-20, -21], [-21, 43], [-46, -49], [-5, 10], [-7, 15], [-5, 12], [-40, -41]],[[3938, 4269], [-30, 49], [-36, -34], [-8, -8], [-6, 11], [-25, 50], [3, 3], [1, 1], [-2, 3], [-2, 4], [-2, 3], [-2, 3], [-3, 3], [-1, 1], [-3, 3], [-3, 2], [-3, 2], [-4, 2], [-3, 2], [-4, 1], [-12, 5], [-7, 3], [-1, -7], [-76, 33], [-14, 7], [4, 17], [2, 9], [21, 105], [6, 26], [-11, 83], [67, 30], [-1, 5], [20, 10], [3, -5], [28, 12], [31, 27], [-9, 14], [-9, 16], [-19, 33], [-28, 46], [23, 23], [2, 3], [22, 22], [16, 16], [8, -17], [14, -30], [9, -21]],[[2739, 4485], [0, 3], [25, -2], [7, -43], [1, -9], [32, -4], [1, -3], [7, -51], [-46, 5], [-9, 2], [-7, 40], [-4, 20], [-2, 11], [-5, 31]],[[7575, 2233], [94, 204], [6, 15]],[[7675, 2452], [14, 34], [5, 32], [18, 140]],[[7712, 2658], [-3, 1], [-131, 31], [-54, 13], [-26, -2], [-6, 41], [-19, 15], [-75, 70], [-8, 7]],[[7390, 2834], [-11, -80], [-25, -173], [-14, -105], [-1, -2], [0, -3], [0, -2], [-1, -3], [0, -2], [0, -3], [-1, -2], [0, -3], [0, -3], [-1, -2], [0, -3], [0, -2], [0, -3], [-1, -2], [0, -3], [0, -2], [-1, -3], [-3, -39], [0, -3], [-1, -2], [0, -3], [0, -3], [0, -2], [0, -3], [-1, -3], [0, -2], [0, -3], [0, -2], [0, -3], [-1, -3], [0, -2], [0, -3], [-1, -3], [0, -2], [0, -3], [-11, -77], [-3, -25], [-8, -52], [-1, -3], [0, -3], [-1, -2], [0, -3], [-1, -2], [0, -3], [-1, -2], [0, -3], [-1, -3], [0, -2], [-1, -3], [-1, -2], [0, -3], [-1, -2], [-1, -3], [0, -2], [-1, -3], [-1, -2], [0, -3], [-1, -2], [-1, -3], [0, -2], [-1, -3], [-1, -2], [-1, -2], [-1, -3], [0, -2], [-1, -3], [-1, -2], [-1, -3], [-1, -2], [-1, -2], [0, -3], [-1, -2], [-1, -2], [-1, -3], [-1, -2], [-1, -3], [-1, -2], [-1, -2], [-1, -2], [-1, -3], [-1, -2], [-1, -2], [-1, -3], [-1, -2], [-1, -2], [-1, -2], [-1, -3], [-1, -2], [-1, -2], [-1, -2], [-1, -2], [-1, -3], [-1, -2], [-1, -2], [-2, -2], [-1, -2], [-1, -3], [-1, -2], [-1, -2], [-1, -2], [-1, -2], [-1, -2], [-2, -2], [-1, -3], [-1, -2], [-1, -2], [-1, -2], [-1, -2], [-2, -2], [-1, -2], [-1, -2], [-1, -2], [-1, -2], [-2, -2], [-1, -2], [-1, -2], [-1, -2], [-2, -2], [-1, -2], [-1, -2], [-1, -2], [-2, -2], [-1, -2], [-1, -2], [-1, -2]],[[7223, 1996], [126, -13], [114, -16], [14, -3]],[[7477, 1964], [8, 108], [-30, 23], [-1, -3], [-60, 48], [1, 7], [5, 69], [-26, 20], [-10, 1], [3, 23], [2, 10], [0, 1], [0, 1], [61, -49], [28, 70], [14, -10], [-26, -64], [0, -1], [-2, -6], [46, -36], [14, -7], [13, -11], [4, -1], [24, 58], [13, 31], [15, -11], [2, -2]],[[3177, 5687], [11, 18], [35, 59], [30, -35], [14, 23], [3, 5], [68, -76], [53, 49], [34, 31], [4, 4], [86, -165], [-27, -24], [-1, 0], [-2, -3], [-2, -1], [-1, -3], [-2, -3], [-29, -56], [-27, -50], [-11, -22], [-15, 15], [-56, 58], [-58, 58], [-7, 8], [-14, 15], [-36, 37], [-13, 14], [-37, 44]],[[4791, 3596], [-15, -41], [7, -6], [8, -5], [4, -4], [-8, -22], [-10, -20]],[[4777, 3498], [2, -1], [23, -16]],[[4802, 3481], [13, 29], [1, -1], [3, 5], [10, -9], [17, 35], [-12, 17], [-8, 13]],[[4826, 3570], [-35, 26]],[[7002, 2654], [-61, 44], [-16, -40], [-7, -18], [-3, -8]],[[6915, 2632], [-23, 18]],[[6892, 2650], [-27, 19]],[[6865, 2669], [-5, 4], [-11, 9], [-12, 8]],[[6837, 2690], [4, 11], [14, 35], [9, 19], [9, 19], [9, 18], [6, 11]],[[6888, 2803], [10, -13], [34, -45]],[[6932, 2745], [70, -91]],[[8628, 3264], [0, 1], [-19, 4], [-5, 2], [-4, 2], [-65, 16], [-38, 9], [-6, 1], [-22, 5], [-13, 5]],[[8463, 3365], [47, -12], [2, 11], [1, 13], [2, 12], [2, 13], [1, 14], [2, 10]],[[8520, 3426], [106, -25], [18, -5], [2, 18], [14, 120]],[[8660, 3534], [69, -19], [65, -12]],[[9053, 3253], [-31, -53], [-6, -12], [-2, 2], [22, 42], [-2, 20], [-38, 37], [-7, -15], [-20, -40], [24, -24], [-17, -37], [-25, 25], [-59, 58], [-37, 36], [-19, 18], [-23, 23], [19, 37], [19, 38], [-6, 6], [-1, -2], [-2, -3], [-17, 17], [-17, -32], [-17, 17], [0, 15], [-9, -52], [-66, 17], [-4, -27], [-2, -17], [-2, -13], [-4, -25], [-5, -39], [-57, 15], [-3, -24]],[[8639, 3261], [-11, 3]],[[5617, 204], [-1, 139], [-15, 3], [-21, -2], [-19, -2]],[[5561, 342], [-12, -11], [-10, -9], [-2, -2], [-1, -2], [-2, -3], [-1, -2], [0, -1], [-1, -3], [0, -2], [-1, 0], [0, -4], [0, -2], [-4, -92]],[[5527, 209], [19, 0], [2, 0], [2, -1], [4, 0], [3, 0], [4, -1], [4, 0], [4, -1], [3, 0], [4, 0], [4, 0], [4, -1], [3, 0], [4, 0], [4, 0], [4, 0], [3, -1], [4, 0], [4, 0], [4, 0], [3, 0]],[[8674, 2596], [1, 5], [25, 210], [39, -9], [34, -7], [-31, -63], [-12, -23], [-8, -16], [-46, -93], [0, -1], [-1, -1], [0, -1], [-1, 0], [0, -1]],[[4704, 2314], [2, 18], [5, 39], [2, 17], [0, 4], [0, 3], [1, 9], [3, 19], [4, 33], [1, 11], [-3, 0], [-9, 1], [2, 16], [12, 78], [2, 17]],[[4629, 2588], [-1, -8], [-4, -94], [-2, -25], [0, -1], [-3, -84], [-2, -38], [0, -15], [-3, -23]],[[7857, 4061], [-3, 2], [-2, 1], [-2, 1], [-3, 2], [-4, 3], [-3, 3], [-3, 3], [-2, 2], [-1, 1], [-2, 3], [-3, 4], [-3, 3], [0, 1], [-2, 2], [0, 1], [-2, 3], [-1, 1], [-2, 4], [-2, 4], [-2, 5], [-1, 4], [-2, 5], [-2, 5], [-1, 4], [0, 2], [-3, 8], [-13, 40], [-2, 5], [-11, 18], [-1, -4], [-66, -191], [-7, 3], [-33, 15]],[[7673, 4024], [0, -1], [-5, -19], [-4, -17], [-23, -81], [-14, -49]],[[7627, 3857], [150, -37]],[[7777, 3820], [1, 3], [26, 71], [5, 15]],[[7809, 3909], [-2, 1], [14, 45], [32, 93], [4, 12], [0, 1]],[[4364, 5988], [1, 28], [6, -1], [23, -1], [23, -2], [27, -2], [24, -3], [5, 0], [-1, -13], [-1, -16], [-1, -24], [-2, -24], [-4, 0], [-2, -56], [-38, 1], [0, 57], [-10, 0], [-20, 1], [-30, 1], [0, 54]],[[2574, 9503], [1, 2], [3, 7], [11, 26], [3, 8], [2, 4], [2, 4], [1, 4], [2, 4], [2, 4], [2, 4], [7, 15], [12, 24], [1, 4], [2, 3], [2, 4], [2, 3], [2, 4], [1, 2], [2, 4], [3, 4], [2, 4], [2, 3], [2, 3], [2, 4], [3, 3], [2, 4], [2, 3], [3, 4], [2, 3], [3, 4], [2, 3], [3, 3], [0, 1], [1, 0], [13, 21], [1, 1], [2, 4], [2, 4], [3, 4], [2, 5], [2, 4], [2, 4], [2, 4], [2, 5], [1, 4], [6, 15], [0, 1], [1, 1], [8, 24], [0, 1], [1, 2], [1, 2], [1, 4], [1, 5], [1, 4], [1, 5], [1, 5], [1, 5], [1, 4], [0, 5], [1, 5], [1, 5], [1, 5], [0, 5], [1, 5], [0, 5], [1, 6], [0, 5], [0, 5], [1, 5], [0, 5], [0, 5], [0, 6], [0, 5], [0, 5], [0, 6], [0, 5], [0, 5], [0, 5], [0, 5], [0, 5], [-1, 6], [0, 5], [0, 5], [0, 5], [0, 4], [-1, 4], [0, 4], [-1, 12]],[[2725, 9975], [-4, -21], [-16, -58], [-26, -97], [-10, -20], [0, -1], [-12, -23], [-1, -3], [0, -1], [-30, -61], [-4, -8], [-26, -54], [-10, -20], [-15, -30], [-5, -12], [-1, 0], [-56, -74], [-33, -45], [-23, -31], [-24, -24], [-1, -1], [-77, -80], [-9, -9], [-118, -10], [-48, -4], [-5, 0], [-63, -48], [-7, -6], [-52, -39], [-7, -11], [-81, -121], [-22, -31], [-41, -63], [-60, -79], [-30, -42], [-19, -26], [-6, -29], [-6, -30], [-2, -12], [-1, -3], [-2, -14], [0, -3], [-1, 1], [-2, 2], [-21, 16], [-9, 7], [-119, 94], [-5, 4], [-154, 122], [-2, 2], [-3, 2]],[[1456, 8981], [0, -1], [0, -3], [-1, -5], [-19, -101], [-27, -157], [-3, -14], [-3, 0], [-39, 0], [-78, 2], [-12, 0], [-1, 0], [-35, -2], [-50, -9], [-35, -8], [-5, 18], [-8, 36], [-16, 68], [-5, 21], [-4, 0], [-3, 0], [-4, 0], [-3, 1], [-4, 0], [-224, -2]],[[594, 8871], [-56, -130], [-16, -38], [-70, -160], [-1, 0]],[[451, 8543], [94, -10], [6, -1], [61, -6], [22, -5], [39, -10], [68, -14]],[[741, 8497], [23, -4], [42, -7], [283, -1], [196, 0], [9, 0], [106, 0], [50, 4], [92, 14], [82, 18], [120, 43], [11, 4], [3, 0], [1, 1], [26, 12], [27, 11], [120, 56], [27, 13], [30, 7], [2, 0], [6, -31], [21, -103], [1, -4], [1, -5], [1, -4], [1, -5], [1, -4], [0, -5], [1, -5], [1, -5], [1, -5], [1, -6], [0, -5], [1, -5], [1, -5], [1, -6], [1, -5], [0, -5], [1, -5], [0, -5], [1, -5], [1, -5], [0, -5], [1, -5], [0, -5], [1, -5], [0, -5], [1, -5], [0, -5], [1, -6], [0, -5], [1, -5], [0, -5], [0, -6], [1, -5], [0, -5], [1, -5], [0, -5], [0, -5], [0, -5], [0, -5], [0, -5], [0, -5], [0, -6], [0, -5], [0, -5], [0, -5], [0, -5], [0, -5], [0, -5], [-1, -4], [-1, -5], [-1, -5], [-2, -8], [-2, -4], [-2, -4], [-3, -3], [-2, -4], [-2, -2], [-1, -1], [-2, -1], [-3, -1], [-3, -1], [-4, -1], [-3, -1], [-3, -1], [-4, -1], [-3, -1], [-4, -1], [-3, -1], [-1, -60], [10, -9], [6, -5], [26, -26], [2, -2], [2, -2], [1, -3], [2, -2], [1, -3], [1, -3], [1, -3], [1, -3], [0, -3], [1, -3], [0, -27], [5, 0], [0, -6], [-1, -5], [0, -5], [0, -5], [0, -3], [0, -3], [-1, -6], [-1, -5], [0, -5], [-1, -5], [-1, -6], [-1, -5], [-1, -5], [-1, -5], [-1, -4], [-1, -3], [-1, -4], [-1, -5], [0, -5], [-1, -4], [-1, -5], [-1, -5], [-1, -5], [-1, -5], [-1, -5], [-1, -4], [-1, -5], [-1, -5], [-1, -5], [-1, -5], [-1, -5], [0, -5], [-1, -6], [-1, -5], [-1, -5], [-1, -4], [-1, -5], [0, -5], [-1, -4], [-1, -5], [-1, -5], [0, -4], [-30, -34], [-6, -7], [0, -5], [0, -4], [0, -3], [0, -2], [-1, -5], [0, -4], [0, -5], [0, -3], [-1, -4], [0, -5], [0, -5], [-1, -5], [0, -5], [-1, 0]],[[1978, 7791], [0, -5], [-1, -5], [0, -5], [-1, -4], [-1, -5], [0, -5], [-1, -5], [-1, -4], [-1, -5], [0, -4], [-1, -5], [-1, -4], [-1, -5], [-1, -4], [0, -2], [-1, -3]],[[1967, 7721], [1, 0], [21, -7], [-2, -9], [-1, -5], [-2, -15], [-2, -9], [-2, -15], [-1, -5], [-1, -5], [-1, -5], [0, -4], [-1, -5], [-1, -5], [-1, -5], [-1, -5], [-1, -5], [-1, -5], [-1, -6], [0, -5], [-1, -5], [-1, -4], [-1, -5], [-1, -5], [-1, -4], [0, -4], [-1, -4], [-1, -3], [-2, -5], [-1, -4], [-2, -5], [-1, -4], [-1, -4], [-1, -5], [-2, -5], [-1, -4], [-2, -5], [-1, -4], [-1, -5], [-2, -4], [-1, -5], [-2, -5], [-1, -4], [-2, -5], [-1, -4], [-63, -144], [-4, -9], [-28, -66], [-38, -89], [-12, -28], [-9, -19], [-2, -4], [-2, -4], [-2, -4], [-3, -4], [-2, -4], [-3, -4], [-2, -3], [-3, -4], [-3, -3], [-3, -3], [-3, -3], [-3, -3], [-3, -3], [-3, -3], [-3, -2], [-4, -3], [-3, -2], [-13, -4], [-1, 3], [-5, -9], [-4, -9], [-5, -10], [-8, -15], [-13, 12], [-27, 17], [-69, 35], [-7, 3]],[[1586, 7102], [-82, 41], [-10, 5], [-22, 10], [-189, 76], [-10, 3], [-27, 12], [-63, 24], [-165, 59], [-9, 2], [-35, 10], [-71, 17], [-100, 25], [-126, 30], [-15, 3], [-21, 5], [-154, 37], [-71, 13], [-27, 6]],[[389, 7480], [-65, 15]],[[324, 7495], [25, -141], [2, -13], [-34, -255]],[[317, 7086], [52, -17], [-6, -46], [-5, -44], [-6, -45], [-6, -44], [-6, -46], [0, -2], [-1, -5], [-1, -5], [-1, -5], [-1, -4], [-1, -5], [-1, -5], [-1, -4], [-1, -5], [-1, -5], [-1, -4], [-1, -5], [-1, -5], [-1, -5], [-2, -5], [-1, -5], [-2, -5], [-1, -5], [-2, -5], [-1, -5], [-2, -5], [-1, -4], [-2, -5], [-1, -4], [-2, -4], [-1, -5], [-2, -4], [-2, -4], [-1, -4], [-2, -5], [-2, -4], [-2, -4], [-1, -4], [-2, -5], [-2, -4], [-2, -5], [-3, -4], [-2, -4], [-2, -4], [-3, -4], [-2, -4], [-3, -4], [-2, -3], [-3, -4], [-3, -4], [-3, -3], [-3, -4], [-3, -3], [-3, -3], [-3, -3], [-3, -3], [-3, -3], [-3, -3], [-3, -3], [-4, -2], [-3, -2], [-3, -2], [-3, -2], [-3, -2], [-4, -1], [-3, -2], [-3, -2], [-3, -1], [-4, -1], [-12, -4], [-34, -9], [-1, 2], [-39, -4], [-38, -10], [-14, -14], [9, -21], [10, -25], [6, 4], [7, -19], [13, -40], [15, -43], [14, -41], [14, -41], [13, -40], [14, -41], [13, -39], [16, -46], [4, -11], [6, -17], [4, -12], [11, -33], [1, -4], [15, -39], [14, -39], [2, -5], [13, -34], [13, -35], [1, -3], [0, -3], [2, -5], [1, -5], [1, -5], [1, -5], [2, -4], [1, -5], [1, -5], [1, -5], [1, -5], [1, -5], [1, -5], [1, -6], [1, -5], [1, -5], [0, -5], [1, -5], [1, -5], [1, -6], [0, -5], [1, -5], [0, -5], [1, -5], [0, -5], [1, -5], [0, -6], [1, -5], [3, -35], [4, -2], [3, -2], [3, -2], [3, -2], [3, -3], [3, -2], [3, -2], [4, -2], [3, -2], [3, -3], [4, -2], [3, -2], [4, -2], [3, -2], [3, -3], [4, -2], [3, -2], [4, -2], [3, -2], [3, -2], [4, -2], [3, -2], [4, -2], [3, -2], [3, -2], [4, -1], [3, -2], [4, -2], [3, -1], [4, -2], [3, -1], [4, -2], [3, -1], [4, -2], [64, -28], [-1, -11]],[[502, 5661], [47, -20], [10, -6], [13, -8], [18, -15], [15, -17], [16, -22], [15, -23], [4, -7], [5, -7], [2, -2], [2, -3], [5, -5], [3, -5], [3, -4], [4, -3], [7, -6], [16, -10], [19, -9]],[[706, 5489], [13, -6], [7, -5], [11, -7], [14, -12], [3, -4], [5, -6], [6, -8], [27, -40], [5, -9], [11, -13], [6, -10], [42, -20], [33, -2], [6, -1], [14, -3], [13, -3], [9, -3], [5, -2], [18, -9], [13, -10], [6, -6], [8, -9], [25, -37], [13, -17], [32, -30], [9, -9], [14, -7], [177, -54], [11, -3], [69, -22], [28, -4], [32, 2], [15, 6], [22, 8], [16, 9], [10, 8], [15, 12], [14, 13], [10, 11], [10, 15], [35, 54], [15, 19], [17, 19], [16, 16], [18, 15], [17, 12], [25, 17], [17, 11], [-2, 22], [-3, 26], [0, 6], [-1, 13], [-1, 5], [-2, 22], [0, 5], [-2, 21], [0, 6], [-1, 9], [-1, 13], [-1, 3], [0, 6], [0, 4], [-1, 5], [0, 4], [0, 5], [1, 4], [0, 3], [1, 4], [6, 29], [1, 3], [1, 5], [2, 5], [1, 4], [2, 5], [2, 4], [2, 5], [2, 5], [2, 4], [2, 4], [2, 4], [18, 30], [2, 2], [11, 17], [96, 183], [11, 17], [14, 33], [1, 1], [6, 15]],[[1834, 5926], [42, 97], [11, 27], [0, 3], [1, 3], [0, 3], [1, 3], [0, 3], [1, 3], [38, 105], [14, 42], [10, 27], [1, 1], [1, 1], [1, 1], [1, 1], [1, 0], [1, 1], [1, 0], [1, 0], [1, 1], [1, 0], [1, -1], [32, -3], [0, 2], [-1, 4], [3, 41], [2, 26], [1, 11], [2, 43], [6, 80], [2, 26], [1, 28], [2, 26], [1, 27], [2, 31], [5, 16], [1, 3], [1, 4], [2, 4], [1, 4], [3, 4], [2, 3], [2, 3], [3, 3], [3, 3], [3, 2], [3, 2], [3, 1], [3, 1], [4, 1], [3, 0], [3, 0], [3, -1]],[[2064, 6642], [3, 17], [4, -2], [5, 12]],[[2076, 6669], [-6, 6], [-5, 4], [-13, 10], [-17, 14], [-2, 2], [-4, 4], [-15, 12]],[[2014, 6721], [-3, 3], [-12, 9], [-24, 21], [-16, 14], [-6, 4], [-5, 7], [-3, 3]],[[1945, 6782], [-6, 4], [-2, 2], [-4, 5], [-3, 3], [-3, 3], [-3, 3], [-3, 4], [-3, 3], [-3, 3], [-3, 4], [-3, 3], [-3, 3], [-2, 4], [-3, 3], [-3, 4], [-3, 3], [-3, 3], [-2, 4], [-3, 3], [-3, 4], [-2, 3], [-2, 3], [-3, 3], [-2, 3], [-21, 25], [-10, 15], [-1, 1], [-3, 4], [-2, 3], [-2, 3], [-3, 4], [-2, 3], [-5, 11], [-2, 4], [-2, 5], [-2, 4], [-1, 5], [-2, 5], [-1, 5], [-1, 4], [-1, 4], [-1, 4], [-1, 5], [-1, 6], [-1, 3], [0, 2], [0, 5], [0, 6], [0, 5], [0, 5], [1, 5], [0, 5], [0, 5], [0, 5], [1, 5], [0, 2], [0, 3], [1, 5], [0, 5], [1, 5], [1, 5], [0, 5], [1, 5], [1, 5], [2, 5], [1, 4], [1, 5], [2, 5], [1, 4], [2, 5], [2, 4], [6, 17], [6, 14], [5, 13], [2, 4], [2, 4], [1, 4], [1, 4], [2, 3], [2, 5], [2, 4], [2, 4], [2, 4], [2, 4], [1, 5], [2, 5], [2, 4], [2, 5], [2, 4], [2, 4], [3, 5], [2, 4], [2, 4], [2, 5], [1, 5], [2, 4], [2, 5], [2, 4], [1, 4], [2, 5], [2, 4], [2, 5], [2, 4], [2, 5], [2, 4], [2, 5], [2, 4], [2, 5], [2, 4], [2, 5], [2, 4], [2, 5], [2, 4], [1, 5], [2, 4], [2, 5], [2, 4], [2, 5], [2, 4], [2, 5], [2, 4], [2, 5], [2, 4], [2, 5], [2, 4], [2, 5], [2, 5], [2, 4], [2, 5], [2, 4], [1, 5], [2, 4], [3, 5], [2, 4], [2, 4], [2, 5], [2, 4], [2, 5], [3, 4], [2, 4], [2, 5], [2, 5], [2, 4], [2, 5], [2, 4], [2, 5], [1, 5], [2, 4], [2, 5], [2, 5], [2, 4], [2, 5], [1, 5], [2, 5], [2, 4], [1, 5], [2, 5], [2, 5], [1, 5], [2, 4], [2, 5], [1, 5], [2, 5], [1, 5], [2, 5], [1, 5], [1, 5], [2, 5], [1, 5], [1, 5], [2, 5], [1, 5], [1, 5], [2, 5], [1, 5], [1, 5], [1, 5], [1, 5], [1, 5], [1, 5], [1, 6], [1, 5], [1, 5], [1, 5], [1, 5], [4, 23], [20, 95]],[[2064, 7778], [-1, 69], [1, 0], [-1, 56], [-1, 0], [16, 182], [-1, 21]],[[2077, 8106], [-1, 27], [0, 4], [-1, 85], [0, 5], [0, 5], [-1, 10], [0, 10], [0, 5], [-1, 5], [0, 5], [0, 5], [0, 5], [-1, 4], [0, 4], [0, 4], [-4, 78], [0, 5], [0, 5], [-1, 5], [0, 5], [0, 5], [-1, 4], [0, 5], [-1, 5], [0, 5], [-2, 43], [21, 6], [0, 23], [8, 0], [-2, 51], [-2, 17], [-18, 106], [6, 3], [-4, 18], [-3, 18], [-7, 35], [-1, 4], [-1, 5], [-3, 13], [-1, 5], [-1, 5], [-1, 5], [-1, 5], [-1, 5], [-1, 5], [-1, 5], [-1, 5], [0, 5], [-1, 5], [-1, 5], [-1, 5], [-1, 5], [-1, 5], [0, 5], [-1, 5], [-1, 5], [-1, 5], [0, 6], [0, 5], [0, 5], [0, 5], [0, 6], [0, 5], [0, 5], [0, 5], [0, 6], [0, 5], [0, 5], [0, 5], [0, 5], [0, 6], [0, 5], [0, 5], [1, 6], [0, 5], [0, 5], [0, 5], [1, 6], [0, 4], [1, 5], [0, 5], [0, 5], [1, 10], [1, 4], [1, 5], [1, 5], [1, 5], [1, 5], [1, 5], [1, 5], [2, 5], [1, 5], [12, 11]],[[2067, 9038], [18, 16], [0, 2], [1, 3], [8, 16], [1, 2], [2, 3], [2, 3], [2, 4], [2, 3], [3, 4], [2, 3], [1, 2], [2, 3], [2, 3], [2, 3], [3, 3], [2, 3], [1, 1], [3, 3], [2, 3], [3, 3], [2, 3], [3, 2], [1, 1], [3, 3], [2, 2], [3, 3], [2, 2], [3, 2], [1, 1], [3, 2], [3, 3], [3, 2], [3, 2], [3, 2], [1, 1], [3, 2], [2, 2], [3, 1], [3, 2], [3, 2], [2, 0], [3, 2], [3, 2], [3, 1], [3, 1], [3, 2], [1, 0], [3, 2], [3, 1], [3, 1], [4, 1], [3, 2], [4, 1], [3, 1], [3, 1], [4, 0], [3, 1], [4, 1], [3, 1], [3, 0], [4, 1], [3, 0], [3, 1], [4, 0], [3, 1], [3, 0], [4, 0], [3, 0], [3, 1], [4, 0], [3, 0], [4, 0], [4, 0], [3, 0], [4, 0], [4, 0], [12, -1], [1, 0], [1, 0], [1, -2], [2, -3], [18, -38], [2, 1], [26, 25], [18, 17], [21, 20], [13, 13], [16, 15], [18, 17], [11, 11], [14, 14], [10, 9], [31, 30], [16, 13], [0, 1], [1, 1], [7, 7], [3, 2], [2, 3]],[[2540, 9344], [11, 10], [23, 22], [-20, 81], [4, 10], [16, 36]],[[5746, 2485], [-9, 10], [-23, 27], [-23, 26], [-39, 44], [-11, 12]],[[5618, 2567], [-9, -14], [-20, -32], [-8, -14], [8, -9], [13, -14], [21, -22]],[[8332, 1825], [2, -14], [-13, -16], [0, -2], [-14, -8], [0, -7], [-26, -16], [-107, -68], [-9, -6], [-2, -1]],[[8163, 1687], [-21, 55], [1, 10], [-14, 2], [-16, 3], [9, 97]],[[8122, 1854], [210, -29]],[[6591, 3503], [11, -17], [16, -25], [9, 12], [13, 17], [4, 14], [3, 17], [4, 15], [3, 11], [-34, 20], [-7, 4], [-15, -44], [-7, -24]],[[4795, 3808], [-23, -50], [91, -140], [0, -1]],[[4863, 3617], [-25, -31], [-12, -16]],[[4791, 3596], [-77, 59], [-55, 44], [-2, 2], [-1, 1], [-10, 16], [2, 20], [-7, 47]],[[4641, 3785], [-12, 92]],[[4702, 3855], [93, -47]],[[8135, 4104], [-19, -15], [-6, -5], [-18, -8], [-19, -6], [-10, -2], [-9, -1], [-24, -3], [-11, 1], [-14, 1], [-37, 3], [-15, -1], [-9, -1], [-2, 0], [-24, -6], [-3, 0], [-19, -5], [-4, -1], [-3, 0], [-4, -1], [-4, 1], [-3, 0], [-4, 0], [-3, 1], [-4, 1], [-3, 1], [-3, 1], [-2, 1], [-2, 1]],[[7809, 3909], [4, -3], [40, -26], [11, -7], [9, -6], [45, -11], [83, -20], [6, 50], [2, 16], [2, 16], [-3, 1], [4, 37], [4, -1], [1, 11], [2, 11], [0, 3], [24, -6], [1, 0], [9, -2], [2, 0], [2, -1], [2, 0], [5, 35], [19, -5], [1, 6], [8, -2], [-5, -41], [1, 0], [2, -1], [4, 0], [3, -1], [4, 33], [1, 0]],[[8102, 3995], [10, 58], [1, 7], [1, 6], [15, 27], [6, 10], [0, 1]],[[3492, 5763], [20, 12], [6, 4], [156, 137], [10, 9], [9, 8], [9, 8], [10, 8], [6, -15], [164, -366], [3, -17], [-10, -7], [-51, -36], [-74, -54], [-66, -55], [-17, -15], [-10, 21], [-37, 83], [-9, 21], [-49, 111], [-7, 15], [-8, 17], [-25, 56], [-16, 33], [-14, 22]],[[2540, 9344], [1, -1], [12, -11], [1, -1], [14, -13], [15, -13], [2, -1], [13, -11], [14, -10], [7, -6], [0, -1], [2, -1], [17, -14], [1, 0], [0, -1], [18, -14], [14, -10], [9, -8], [4, -3], [9, -8], [4, -3], [15, -12], [6, -5], [6, -5], [1, -1], [12, -10], [8, -7], [2, -1], [0, -1], [3, -1], [0, -1], [2, -1], [2, -2], [3, -2], [1, -1], [2, -1], [2, -2], [0, -1], [2, -1], [2, -2], [2, -3], [1, 0], [4, -4], [9, -9], [3, -4], [3, -3], [7, -8], [10, -11], [9, -12], [1, -2], [2, -3], [2, -2], [12, -13], [6, -6], [2, -2], [2, -2], [1, -1], [1, -2], [2, -1], [2, -3], [41, -58], [0, -1], [7, -8], [4, -6]],[[2989, 8840], [63, -8], [0, -21], [-55, 8]],[[2997, 8819], [-2, -28], [19, -2], [45, -6], [1, 0], [0, -1], [1, -38], [0, -19], [0, -8], [1, -110], [1, -30], [0, -11], [0, -1], [7, 8], [18, 20], [1, 0], [8, 10], [10, 11], [5, 5], [5, 6], [9, 10], [2, 2], [3, -3], [35, -63], [16, -27], [54, -95], [16, -25], [67, -109], [14, -27], [64, -107], [15, -25], [92, -155], [30, -49], [80, -132], [41, -71], [40, -67], [1, 0], [5, -8], [1, -3], [0, -1], [3, -4], [2, -4], [1, -1], [2, -4], [0, -1], [3, -4], [3, -4], [0, -1], [2, -4], [1, 0], [2, -4], [1, -1], [2, -4], [1, 0], [2, -4], [1, 0], [2, -3], [7, -12], [17, -25], [17, -24], [6, -7], [7, -7], [29, -28], [23, -25], [35, -30], [2, -2], [6, -4], [7, -6], [1, -1], [7, -5], [9, -8], [10, -9], [10, -9]],[[3923, 7425], [22, 48], [13, 16], [75, -64], [44, -43], [10, -10], [38, 48], [5, 6]],[[4130, 7426], [20, 24], [-80, 121], [-10, -14], [-13, -19], [-14, -19], [-27, 38], [-12, -17], [-26, 37], [7, 10], [-1, 1], [-1, 2], [-21, 31], [29, 40], [-22, 33], [7, 9], [8, 12], [1, 1], [-9, 14], [-7, 9], [-2, 4], [-1, 1], [4, 6], [-2, 3], [-11, 18], [-5, 9], [-11, -15], [-11, -14], [-14, -17], [-28, -34], [-10, -13], [-5, -8], [-8, 7], [-11, 10], [-8, 8], [-8, 10], [-8, 11], [-67, 111], [-10, 16], [-18, 29], [-13, 23], [-24, 39], [-12, 21], [-95, 160], [-15, 24], [-49, 88], [-16, 21], [-50, 84], [-15, 24], [-55, 93], [-13, 20], [-47, 81], [-15, 29], [-24, 37], [11, 14], [1, -1], [2, 2], [12, 14], [19, 23], [-1, 39], [-4, 8], [-6, 8], [27, 34], [6, 8]],[[3349, 8774], [-4, 0], [5, 6], [13, -1], [-13, 29], [-90, 11], [0, -8], [-6, 1], [-1, -26], [-89, 10], [26, 42]],[[3190, 8838], [-13, 2], [7, 13], [9, 14], [-14, 17], [-55, 64], [-9, 11], [-2, -3], [-3, -4], [-25, 32], [-8, -15], [-4, -7], [-4, -9], [-27, 27], [7, 13], [2, 5], [-27, 42], [-1, 2], [-3, 4], [-32, 50], [-2, -4], [-76, 105], [1, 1], [-73, 84], [-1, 0], [0, -1], [-38, 34], [-18, 16], [-29, 23], [-14, 11], [-15, 12], [-5, 4], [-5, 4], [0, 1], [-15, 12], [-1, 0], [-15, 12], [-1, 1], [-3, 2], [-10, 9], [-14, 10], [-6, 6], [-4, 4], [-1, 0], [-16, 14], [-10, 8], [-37, 34], [-6, 5]],[[3112, 8822], [-14, 26], [63, -9], [-20, -34], [-20, 1], [-9, 16]],[[7002, 2654], [16, -13], [12, -8], [-7, -17], [-37, -94]],[[6899, 2591], [13, 33], [3, 8]],[[6361, 2368], [11, 37], [4, 15], [7, 22], [6, 19], [11, 37], [25, -8], [17, -7], [-6, -26], [-5, -26], [-4, 2], [-4, -16], [-4, -18], [40, -15], [-1, -5], [-2, -12], [-6, -26], [-3, -18], [-46, 19], [1, 2], [-41, 24]],[[7608, 1869], [1, 4], [0, 8], [3, 41], [0, 1], [2, 21]],[[7614, 1944], [9, -2], [75, -10], [97, -14], [11, -2], [34, -14], [25, -5], [27, -8], [10, -3]],[[7902, 1886], [-1, -15], [-3, -50], [-19, 4], [-53, 14], [-10, 1], [-104, 15], [-15, 2], [-1, 0], [-35, 5], [-34, 5], [-9, 1], [-10, 1]],[[7124, 3979], [0, -5], [-5, -41], [-6, -23]],[[7113, 3910], [-17, 4], [-57, 14], [-51, 12], [-25, 6]],[[6963, 3946], [5, 23], [7, 42], [1, 4], [13, 66], [9, 71], [3, 17], [7, 58], [1, 1]],[[7009, 4228], [8, -1], [4, -1], [81, -12], [44, -6], [1, 0], [6, -1]],[[7153, 4207], [0, -1], [-12, -90], [-17, -137]],[[5021, 3693], [13, -7], [96, -49], [15, -7], [14, -7], [97, -50], [12, -6], [8, 21], [13, 39], [-7, 4], [-4, -11], [-13, -38], [-13, 8], [-10, 5], [-4, 2], [17, 48], [-17, 9], [-14, 8], [-28, 13], [-37, 19], [-17, -48], [-13, 6], [-16, 9], [18, 48], [-32, 16], [-25, 12], [-13, -50], [-28, 14], [17, 49], [-7, 4], [-14, -40], [-8, -21]],[[5499, 956], [-28, 30], [-2, 3], [-12, 13], [-4, 4], [-27, 29]],[[5426, 1035], [-24, -41]],[[5402, 994], [-5, -9], [27, -30], [10, -10], [9, -10], [22, -24], [5, -5], [6, 10], [23, 40]],[[4364, 6684], [0, 11], [3, 54], [21, -2], [2, -1], [14, -2], [4, -1], [17, -2], [2, 0], [14, -2], [1, 0], [1, 0], [26, -3], [12, -1]],[[4481, 6735], [-11, 20], [-20, 39], [-3, 4], [-46, 88], [-5, 9], [-13, 24], [-2, 4], [15, 14], [23, 22], [6, 5], [13, 12], [13, 12], [6, 6], [1, 0], [-8, 19]],[[4450, 7013], [-4, 4], [-2, 2], [-4, 4], [-12, 13], [-20, 19], [-17, 18], [-8, 12], [-11, 15], [-3, 5], [-3, 6], [-1, 1], [-1, 2], [-2, 4], [-3, 5], [-1, 2], [-16, 24], [-15, 24], [-2, 3], [-10, 14], [-13, 21], [-3, 5], [-2, 4], [-12, 24], [-14, 27], [-1, 2], [-4, 8]],[[4266, 7281], [-6, -7], [-24, -25]],[[4236, 7249], [-42, -44], [-6, -6], [19, -39], [7, -16], [9, -34], [12, -57], [9, -39], [4, -29], [4, -29], [13, -82], [7, -50], [3, -25], [2, -33], [1, -24], [-1, -28], [-1, -22], [7, -1], [81, -7]],[[5165, 2952], [16, 42], [18, -17], [-20, -39], [-14, 14]],[[7608, 1869], [-16, 2], [-1, 0], [-21, 4]],[[7570, 1875], [4, 52], [1, 22]],[[7575, 1949], [21, -3], [12, -2], [6, 0]],[[4481, 6735], [18, -33], [12, -22], [0, -1], [0, -1], [5, -10], [0, -1]],[[4516, 6667], [-1, 0], [-15, 1], [-38, 5], [-98, 11]],[[8544, 3564], [92, -23], [24, -7]],[[8754, 3559], [-14, 21], [-8, 11], [-27, 30], [-39, 38], [-37, 30], [-57, 42], [-7, 5]],[[8565, 3736], [0, -1], [-6, -47], [-1, -11], [-1, -9], [-1, -8], [-1, -3], [-1, -7], [-1, -14], [-1, -1], [-2, -24], [-4, -29], [-2, -18]],[[6980, 3421], [116, -73], [4, -3], [56, -34], [11, 33], [72, 238], [-178, 111], [-81, -272]],[[5473, 1119], [-21, 23], [-36, -65], [-9, -15], [1, 0], [-16, -27], [-11, -19], [5, -6], [6, -5], [10, -11]],[[5426, 1035], [11, 19], [30, -33], [8, 13], [29, 52], [-16, 17], [-13, 14], [-2, 2]],[[7570, 1875], [-1, -20], [27, -4], [-3, -33], [4, -1], [32, -4], [14, -2], [41, -6], [4, 0], [2, 16], [-19, 3], [-37, 5], [-28, 4], [2, 36]],[[8909, 2996], [-1, -3], [-4, -7]],[[8904, 2986], [-4, -8], [-25, -49]],[[8875, 2929], [-21, 21], [-42, 43], [6, 52], [16, 31], [20, -21], [37, -39], [18, -20]],[[4450, 7013], [-4, 9], [-3, 7], [-9, 22], [-8, 21], [-8, 18], [-13, 33], [-4, 8], [5, 5], [13, 12]],[[4419, 7148], [-3, 6], [-1, 0], [-2, 5], [-1, 2], [-5, 9], [-4, 6], [0, 1], [-4, 6], [0, 1], [-26, 48], [-8, 13], [0, 1], [-30, 54], [-1, 3], [-10, 18], [-3, 5], [-4, 8]],[[4317, 7334], [-11, -12], [-40, -41]],[[8520, 3426], [6, 56]],[[8526, 3482], [1, 13], [9, 71]],[[8536, 3566], [8, -2]],[[5058, 3387], [-1, -3], [-10, -26], [-5, -15], [-6, -18]],[[5036, 3325], [-10, 7], [-38, 26], [-30, 21], [-8, -20], [-20, -56]],[[4930, 3303], [-30, 21], [-24, 16], [2, 19], [5, 68], [-13, 8], [-68, 46]],[[4863, 3617], [23, -34], [61, -96], [-7, -21], [118, -79]],[[5216, 1129], [-10, -21], [20, -22], [31, -33], [22, -23], [17, 29], [23, 40], [17, 31], [1, 1], [-24, 26], [-28, 29], [-22, 24], [0, -1], [-19, -33], [-16, -24], [-7, -13], [-5, -10]],[[7893, 1978], [14, 32], [37, 90], [1, 3]],[[7945, 2103], [15, -7], [134, -61], [-5, -24], [-6, -63], [-4, -57], [-2, -30]],[[8077, 1861], [-58, 8]],[[8439, 3175], [13, -3], [35, -9], [-9, -65], [-8, -67], [38, -9], [-6, -49], [-11, -83], [-72, 18], [-13, 3]],[[8406, 2911], [-2, -22], [-11, -90], [-3, -20]],[[8562, 2737], [4, 26], [10, 80], [2, 18]],[[8578, 2861], [1, 8], [2, 22], [11, 88], [3, 22], [3, 20], [11, 90], [3, 22], [2, 21], [11, 92], [3, 18]],[[4317, 7334], [36, 38], [35, 34], [7, 6], [0, 1]],[[4395, 7413], [4, -6], [1, -3], [12, -22], [28, -51], [2, -3], [8, -14], [26, -49], [7, -11], [14, -27], [-1, -1], [-6, -6], [-15, -15], [-13, -13], [-17, -18], [-19, -19], [-7, -7]],[[8565, 3736], [-13, 8], [-1, 1]],[[8364, 3915], [-110, 107], [-18, 18], [-6, -50], [-2, -16], [-29, 8], [-2, 0], [-8, 2], [-10, 2], [-9, 3], [-9, 2], [-10, 2], [-9, 2], [-1, -9], [-23, 6], [-16, 3]],[[8135, 4104], [11, 14], [1, 2], [5, 8], [3, 4], [2, 4], [4, 7], [1, 3], [1, 1], [1, 1], [0, 1], [1, 0], [1, 1], [2, 2], [2, 1], [2, 0], [4, 2], [3, 1], [16, 7], [4, 2], [2, 1], [10, 4], [8, 3], [4, 2], [6, 3], [6, 3]],[[8529, 3567], [-21, 5], [-20, 5]],[[8479, 3494], [43, -11], [4, -1]],[[8536, 3566], [-7, 1]],[[5593, 1331], [-11, -19], [-46, -82]],[[5536, 1230], [-68, 77], [21, 36], [-8, 9], [-4, 5], [8, 15], [-7, 7], [29, 50], [86, -98]],[[6066, 2125], [-11, 12], [-18, 21]],[[6037, 2158], [-19, -33], [-7, 8], [-4, 5], [-6, 8], [-3, -6], [-7, -14], [-8, -15], [19, -22], [-14, -29], [-4, -8], [21, -24], [9, -10]],[[6014, 2018], [7, 13], [39, 81], [6, 13]],[[7593, 1326], [16, 10], [23, 14], [8, 6], [14, 9], [12, 7], [22, 14], [9, 5], [48, 30], [86, 54], [6, 4]],[[7837, 1479], [-43, 135], [-8, -6], [-11, -7], [-78, -48], [-2, -1], [-16, -10], [-20, -13], [-93, -58], [-17, -11]],[[7549, 1460], [9, -27], [31, -98], [4, -9]],[[4136, 5348], [-52, -15], [1, -62], [0, -5]],[[4085, 5266], [-106, -31], [-3, -2], [-80, -48], [-1, 0], [-29, -17], [-85, -65], [7, -19], [19, -50], [-24, 24], [-31, 32], [-31, -46], [-2, -2], [-139, 142], [-27, 27], [-42, 44], [28, 53], [-28, 29], [26, 50], [2, 4], [100, -102], [-28, -55], [1, -1], [21, -22], [78, -79], [14, -15], [6, 15], [13, 16], [14, 12], [15, 13], [70, 54], [6, 3], [-21, 59], [104, 61], [16, 10], [8, 3], [66, 20], [-1, 10], [34, 15], [23, 11], [21, 9], [9, 4], [15, 7], [2, 1], [17, 8], [2, 1], [4, 2]],[[3738, 5121], [0, 1], [0, 1], [0, 1], [0, 1], [0, 1], [1, 0], [10, 14], [1, 0], [0, 1], [1, 0], [1, 0], [1, 0], [0, -1], [1, 0], [1, -1], [0, -1], [1, 0], [0, -1], [19, -48], [0, -1], [0, -1], [0, -1], [-1, -1], [0, -1], [-1, 0], [-1, 0], [-33, 36], [-1, 1]],[[8375, 3745], [-2, -19], [-6, -46], [-160, 38], [-22, 5], [-149, 36], [-21, 4], [-149, 37], [-24, 5], [-65, 15]],[[3884, 4066], [-7, -23], [-23, -65], [-8, -16]],[[3846, 3962], [92, -66], [34, -23]],[[3995, 3865], [8, 8], [2, 2], [3, 6], [16, 38], [3, 8], [19, 42], [-16, 2], [-6, 1], [-11, 5], [-40, 27], [-43, 30], [-4, 3], [-28, 19], [-14, 10]],[[5091, 2184], [0, -2], [0, -2], [0, -2], [-1, -2], [0, -2], [-1, -2], [-1, -2], [-1, -1], [-1, -2], [-1, -1], [-1, -1], [-1, -1], [-1, -1], [-2, -1], [-35, -23], [7, -12], [-1, -2], [-3, -2], [-3, -2], [-3, -2], [-3, -1], [-3, -1], [-3, -1], [-2, 0], [-1, 0], [-2, 0], [-1, -1], [-1, 0], [-1, -1], [-1, -1], [-6, -8], [-15, -21], [-17, -22], [5, -11], [-38, -24], [-5, 15], [-14, -9], [-41, -15]],[[4893, 2018], [-40, -15], [6, -74], [2, -30]],[[4861, 1899], [3, -35], [2, -22], [0, -7], [0, -4]],[[4866, 1831], [126, 81], [24, 15], [14, 7], [64, 40], [42, 26], [19, 12], [8, 5], [22, 14], [31, 19], [141, 89], [19, 13], [21, 13], [46, 30], [62, 39], [28, 17], [-29, 33], [-5, 6], [-8, 9], [-4, -3], [-20, -12], [-15, -10], [-42, 60], [-9, -13], [-6, -9], [-15, -11], [-6, -3], [-13, -8], [-6, -4], [-12, -8], [-33, -20], [-41, -26], [-14, -9], [-21, -13], [-17, -10], [-36, -24], [-14, -9], [-22, -14], [-25, -16], [-29, 47]],[[5818, 580], [-15, -14], [-20, -19], [-51, -46], [-15, -15], [-15, -13], [-138, -128], [-3, -3]],[[5561, 342], [-22, -1], [-28, -2], [-3, 0], [-4, -1], [-4, -1], [-3, -1], [-4, -1], [-3, -2], [-18, -8], [-37, -21], [-7, 14], [29, 27], [12, 10], [36, 34], [20, 19]],[[5525, 408], [52, 49], [20, 18]],[[5630, 505], [70, 65], [87, 81]],[[5787, 651], [31, -71]],[[5879, 2170], [10, -11], [19, -21], [4, 8], [5, 9], [5, 8], [4, 8], [2, 2], [3, 7], [5, 9], [4, -4], [4, 9], [5, 8], [5, 8], [5, 9], [9, 16]],[[5968, 2235], [-25, 28], [-6, 7]],[[7490, 1886], [-14, 2], [-23, 3], [-54, 8], [-25, 4], [-24, 3], [-21, 2], [-47, 5], [-3, 1], [-1, 0], [-1, 1], [-1, 0], [-1, 0], [-36, 5], [-15, 2], [-15, 2], [-8, 1], [-1, 0], [-30, 5], [-16, 2], [-101, 14]],[[7053, 1946], [-131, -122], [-31, -28], [-37, -34], [-111, -91], [-15, -12]],[[6728, 1659], [-14, -12], [-7, -6], [-26, -21]],[[6681, 1620], [23, -27], [70, -78], [24, -27]],[[6798, 1488], [21, -24], [11, -12], [16, -22], [30, -45], [13, -22], [22, -41], [1, -3]],[[6912, 1319], [569, 357]],[[7481, 1676], [-1, 7], [-1, 6], [-1, 10], [0, 8], [1, 18], [0, 1], [11, 160]],[[4179, 7045], [9, -37]],[[4188, 7008], [-139, -28], [-1, -6], [-3, -17], [-1, 3], [-1, 1], [-1, 3], [-2, 3], [-3, 2], [-1, 1], [-1, 1], [-1, 1], [-4, 2], [-68, 22], [-148, 49], [-73, 24], [-5, 2], [-60, 20], [-6, 8], [-8, 10], [-306, 92], [-9, -62], [4, -1], [-4, -22], [-7, -42], [-15, -1]],[[3325, 7073], [-35, 116], [-4, 15], [-1, 5], [-73, 33]],[[3212, 7242], [16, 101]],[[3228, 7343], [7, -2], [215, -69]],[[3450, 7272], [8, -3], [6, -2], [2, 2], [2, 4], [6, -2], [7, -2], [9, -3], [7, -2], [8, -2], [8, -3], [8, -2], [10, -3], [16, -7], [1, -1], [42, -12], [21, -7], [12, -4], [16, -5], [11, -3], [14, -4], [9, -2], [2, 0], [41, -11], [12, -11], [15, -5], [14, -5], [16, -5], [26, -10], [100, -30], [44, -14], [46, -14], [1, 0], [6, -2], [26, -8], [29, -8], [2, 0], [14, -4], [25, -8], [18, -5], [9, -3], [37, -11], [23, -10]],[[6812, 4245], [-4, -16], [-40, -162], [-89, 21], [-21, 3], [-69, 19], [-22, 5], [-20, 5], [4, 28], [3, 24], [1, 6], [-1, 0], [-8, 2], [-41, 9], [-6, -15], [-9, -24], [0, 1], [-7, -18], [-111, 30], [-17, 2], [-38, 9], [-16, 6], [-34, 9], [7, 58], [2, 21], [1, 1]],[[6277, 4269], [5, 0], [35, 1], [12, 1], [25, 1], [17, 0], [12, 1], [25, 0], [21, 1], [13, 1], [9, 0], [11, 0], [9, 0], [10, 1], [11, 0], [32, 1], [4, 0], [8, -1], [13, 0], [6, -1], [31, -3], [13, -2], [41, -4], [16, -2], [2, 0], [32, -3], [9, -1], [26, -3], [8, -1], [9, -1], [32, -2], [15, -1], [21, -2], [1, 0], [2, 0]],[[6813, 4250], [0, -1], [-1, -4]],[[3965, 3857], [-65, -149], [-26, -60], [-143, 127]],[[3731, 3775], [20, 30], [-1, 2], [-2, 4]],[[3748, 3811], [11, 15], [3, 7], [0, 1], [1, 1], [1, 4], [2, 2], [25, 36], [49, 74], [6, 11]],[[7939, 2243], [-8, -21], [-31, -76], [-11, -26], [-14, -34], [-14, -33], [-15, -36]],[[7846, 2017], [-97, 78], [-21, 15], [-21, 16], [-8, 6], [-17, 16], [-86, 68], [-21, 17]],[[7675, 2452], [170, -135], [12, -9], [50, -40], [32, -25]],[[5525, 408], [-67, 19], [-3, 1], [-4, 1], [-3, 1], [-4, 0], [-3, 1], [-3, 1], [-4, 1], [-4, 1], [-3, 0], [-4, 1], [-4, 1], [-3, 1], [-4, 0], [-4, 1], [-4, 1], [-3, 1], [-4, 0], [-4, 1], [-3, 1], [-18, 3], [-1, 0], [-169, 75]],[[5202, 520], [53, 93], [10, 24], [9, 20], [15, -16], [87, -93], [14, -12], [12, -5], [12, -4], [14, -4], [32, -10], [6, -2]],[[3677, 3995], [-2, -6], [-2, -6], [-1, -2], [-2, -1], [-2, 1], [-2, 1], [-44, 28], [-1, 1], [0, 1], [-2, 3], [0, 2], [0, 2], [0, 2], [0, 1], [1, 1], [14, 40], [5, 14], [-26, 19], [-4, -9], [-41, 30], [-27, 19], [-21, 15]],[[3520, 4151], [-2, -14], [0, -5], [0, -5], [0, -4], [0, -5], [0, -5], [1, -5], [0, -5], [1, -4], [1, -5], [2, -4], [1, -4], [1, -4], [2, -4], [2, -4], [1, -3], [13, -24], [11, -20], [1, -2], [0, -1], [1, -2], [0, -1], [11, -17], [2, -4], [2, -4], [2, -3], [3, -4], [2, -3], [15, -21], [28, -38], [2, -4], [3, -4], [2, -3], [3, -4], [2, -4], [2, -3], [5, -8], [2, -4], [3, -4], [2, -4], [3, -3], [2, -4]],[[3652, 3878], [36, 49]],[[3688, 3927], [16, 22], [9, 23], [-7, 4], [-6, 4]],[[3700, 3980], [-23, 15]],[[6833, 2892], [27, -37], [30, 44], [-17, 23], [-10, 13], [-24, -33], [-6, -10]],[[8356, 2503], [-23, 5], [-138, 33]],[[8092, 2566], [12, 37], [23, 78], [8, 24], [-15, 2], [-99, 23], [0, 4], [7, 57], [2, 17], [5, 43], [2, 13], [116, -28], [20, -4], [-7, -24], [11, -3], [75, -18], [126, -30], [9, -2]],[[7593, 1326], [-18, -11], [-46, -29], [-82, -52], [-74, -46], [-23, -14], [-37, -24], [-152, -96], [-69, -43], [-54, -34], [-35, -19], [-29, -19], [-49, -31], [-19, -11], [-17, -11], [-18, -12], [-57, -36], [-18, -6], [0, -1], [0, -1], [0, -1], [0, -1], [-1, -1], [0, -1], [-15, -9], [-130, -82], [-21, -13], [-21, -13], [-13, -8], [-9, -6], [-12, -8], [-19, -11], [-17, -11], [-29, -18], [-23, -15], [-20, -13], [-56, -33], [-14, -10], [-20, -17], [-81, -50], [-61, -39], [-55, -34], [-13, -9], [-14, -9], [-27, -16], [-99, -62], [-10, -7], [-52, -34], [-21, -13], [-31, -17], [-10, -5], [-7, -3], [-10, -4], [-10, -5], [-17, -8], [-21, -7], [-25, -9], [-5, -1], [-4, -1], [-1, -1], [-1, 0], [-1, 0], [-26, -8], [-2, 0], [-3, -1], [-3, 0], [-4, -1], [-4, -1], [-4, 0], [-3, -1], [-4, 0], [-4, -1], [-4, -1], [-4, 0], [-3, -1], [-4, 0], [-4, -1], [-4, 0], [-4, -1], [-3, 0], [-4, 0], [-4, -1], [-4, 0], [-4, 0], [-3, -1], [-4, 0], [-4, 0], [-4, -1], [-4, 0], [-3, 0], [-4, 0], [-4, 0], [-4, -1], [-4, 0], [-3, 0], [-4, 0], [-4, 0], [-4, 0], [-4, 0], [-3, 0], [-4, 0], [-4, 0], [-4, 0], [-4, 0], [-4, 0]],[[5818, 580], [2, 2], [89, 83], [13, 12], [10, 9], [562, 521], [50, 46], [205, 190]],[[6749, 1443], [38, -42], [23, -30], [25, -39], [1, 0], [1, -2], [0, -1], [8, -14], [17, -31], [12, -25], [5, -13], [3, -6], [1, -4], [2, -4], [2, -4], [1, -5], [2, -4], [2, -4], [1, -4], [2, -5], [1, -4], [1, -2], [1, -2], [1, -4], [1, -4], [2, -4], [1, -4], [1, -4], [2, -4], [1, -4], [1, -4], [1, -4], [2, -5], [25, -83], [33, 21], [15, 9], [-40, 139], [-14, 36], [-17, 39], [-1, 1]],[[7481, 1676], [1, -3], [2, -8], [9, -28], [6, -18], [0, -2], [1, -3], [0, -3], [37, -113], [4, -13], [8, -25]],[[7673, 4024], [-21, 9], [-56, 26], [-2, 1], [-16, 7], [-2, 1], [-6, 2], [-5, 3], [-1, 0]],[[7564, 4073], [0, -1], [-26, -193], [89, -22]],[[4777, 3498], [-11, 7], [-8, 6], [-56, 37], [-11, 7], [-7, 5], [-47, 31]],[[4747, 2107], [7, -82]],[[4754, 2025], [9, -105], [0, -3], [0, -1], [1, -5], [1, -3], [11, -40], [6, -18]],[[4782, 1850], [14, 8], [41, 27], [24, 14]],[[4893, 2018], [-2, 27], [-2, 22], [-2, 22], [-1, 22], [6, 1], [10, 52], [14, 3], [-3, 38], [14, 3], [-5, 69], [0, 8], [0, 1], [-1, 1], [4, 1], [12, 2], [17, 2], [8, 2], [9, 1], [7, 1], [9, 1], [14, 2], [17, 3], [10, 2], [11, 1], [11, 2], [9, 1], [7, 1], [1, -4], [0, -7], [1, -10], [15, 3], [33, 6], [1, -4], [0, -6], [0, -6], [1, -14], [1, -12], [1, -13], [1, -13], [-6, -5], [-3, -4], [-22, -22], [1, -6], [0, -8]],[[4866, 1831], [3, -27], [1, -23], [3, -27], [11, -139]],[[4884, 1615], [2, -16], [3, -18], [5, -15], [5, -15], [12, -28], [8, -13], [10, -13], [12, -13], [-10, -17], [-62, -107], [-11, -17], [-9, -17], [-24, -39], [-6, -4], [-3, -1], [-1, 0], [-3, -27], [-4, -39], [-1, -3], [-1, -7], [2, -2], [5, -6], [-3, -22], [1, -3], [0, -3]],[[4811, 1170], [13, -51], [12, -52], [-3, -2], [-43, -17], [70, -202], [-7, -12], [-51, -87]],[[4802, 747], [9, -17], [17, -22], [3, -4], [22, -28], [6, -7], [15, -17], [5, -4], [9, -8], [40, -33], [24, -21], [10, -11], [20, -21], [56, -57], [1, -1], [49, 92], [3, -2], [1, -2], [72, -75], [2, -4], [1, -3], [2, -4], [1, -4], [2, -4], [1, -4], [0, -4], [1, -4], [0, -5], [0, -4], [-1, -4], [-1, -5], [-1, -4], [-1, -4], [-1, -4], [-2, -3], [-2, -4], [-2, -3], [-2, -3], [-2, -3], [-3, -2], [-4, -2], [-3, -1], [-4, -1], [-3, -1], [-4, -1], [-4, 0], [-3, 0], [-4, 0], [-4, 1], [-3, 1], [-4, 1], [-3, 2], [-4, 1], [-3, 3], [-3, 2], [78, -85]],[[5181, 350], [5, 86], [8, 59], [3, 15], [3, 6], [2, 4]],[[5524, 617], [75, 132], [6, 11], [-24, 27], [-13, 13], [10, 17], [64, 114], [7, 13], [10, 17], [16, 29]],[[5675, 990], [-19, 22], [-12, 13], [-5, 6], [-6, 7], [-11, 12], [-11, 12], [-4, 5], [-7, 7], [-11, 13], [-10, 11]],[[5579, 1098], [-21, -37], [-13, -24], [-46, -81]],[[5473, 1119], [63, 111]],[[5593, 1331], [90, 159], [-1, 1], [62, 109], [12, 22], [2, 4], [21, 38], [29, -33], [8, -7], [21, 38], [20, 36]],[[5857, 1698], [6, 11], [27, 53], [7, 16], [7, 14], [51, 106], [7, 14], [8, 17], [37, 75], [7, 14]],[[6037, 2158], [-69, 77]],[[5510, 2752], [8, 14], [20, 33], [2, 4]],[[5540, 2803], [-105, 108], [-9, -14], [-5, 6], [-9, 10], [-5, 6], [9, 12], [-6, 6], [-6, 7], [-6, 4], [-6, 6], [-6, -7], [-10, 10], [-12, 12], [-1, 1], [-5, 5], [-1, 1], [-1, 1], [-9, 9], [21, 40], [-34, 31], [-13, -22], [-16, 14], [-19, 19], [-3, -4], [-8, 8], [-10, 8], [-2, -5], [-8, 8], [-10, 9]],[[5245, 3092], [-3, -6], [-6, -13], [-18, -39], [-30, 21], [-24, 16], [-12, 8], [-10, 7], [-62, 43], [20, 58], [-170, 116]],[[5394, 1736], [49, -55], [1, -1], [11, -13], [29, -33], [7, 11], [5, 9], [13, 21], [24, 42], [-24, 26], [-6, 7], [-12, 14], [-49, 55], [-48, -82], [0, -1]],[[5712, 1740], [2, -3], [12, -13], [1, -2], [24, 41], [-6, 7], [-10, 11], [-23, -41]],[[5206, 1108], [20, -22], [31, -33], [22, -23], [17, 29], [23, 40], [17, 31], [1, 1], [-24, 26], [-28, 29], [-22, 24], [0, -1], [-19, -33], [-16, -24], [-7, -13], [-5, -10], [-10, -21]],[[5551, 948], [12, 21], [15, -17], [4, -4], [9, -9], [7, -9], [9, -9], [12, -13], [-8, -15], [-9, -15], [-8, -15], [-9, -15], [-11, 12], [-11, 12], [-5, 6], [8, 15], [5, 9], [3, 6], [5, 9], [-28, 31]],[[5240, 705], [31, -32], [71, 127], [-30, 33], [-50, -89], [-22, -39]],[[2997, 8819], [-9, 1], [-29, 3], [-24, 3], [-4, 1], [-7, 1], [-30, 4]],[[2894, 8832], [1, -21], [0, -19], [0, -18], [0, -38], [-70, 8], [-9, 1], [-10, 2], [-90, 10], [-8, 1], [-8, 1], [-86, 10], [-5, 1]],[[2609, 8770], [-9, 1], [-13, 2], [-87, 10], [-8, 1], [-13, 2], [-17, 2], [-28, 3]],[[2434, 8791], [1, -9], [6, 0], [12, -2], [1, -38], [1, -13], [0, -17], [-16, 0], [0, -3], [-1, 0], [1, -22], [1, -30], [1, -27], [0, -26], [1, -27], [0, -27], [1, -26], [0, -27], [1, -27], [0, -13], [0, -14], [48, 2], [0, -10], [0, -1], [0, -10], [0, -6], [-47, -1], [0, -22], [1, -32], [1, -26], [0, -34], [1, -19], [1, -54], [0, -27], [1, -27], [0, -9], [0, -17], [1, -27], [1, -27], [1, -52], [-18, 3]],[[2435, 8047], [-1, -19], [0, -1], [0, -1], [2, -41], [0, -3]],[[2436, 7982], [5, -133], [1, 1], [3, -31], [15, -18], [4, 7], [6, -7], [-4, -7], [3, -4], [19, 2], [4, -107], [0, -27], [4, -75], [0, -10]],[[2496, 7573], [55, -18], [134, -39]],[[2685, 7516], [1, 7], [-3, 55], [2, 0], [153, -47], [3, -1], [28, -7], [0, -8], [1, -56], [35, -12], [40, -13], [50, -17]],[[2995, 7417], [113, -38], [3, -1], [9, -3], [8, -2], [100, -30]],[[3228, 7343], [0, 13], [0, 7], [0, 57], [1, -1], [6, -1], [25, -5], [59, -17], [58, -16], [22, -6], [34, -2], [20, 0], [-1, -32], [-1, -26], [-1, -42]],[[4179, 7045], [-2, 5], [-4, 14], [-7, 28], [-7, 25], [-5, 10], [-4, 7], [-15, 31], [-5, 9], [-27, 52], [-18, 28], [-12, 19], [-21, 30], [-16, 21], [-28, 29], [-13, 11], [-14, 12], [-17, 14], [-31, 27], [-10, 8]],[[2985, 7980], [1, 51], [0, 25], [4, 0], [38, 2], [41, 1], [0, -19], [1, -27], [-23, -39], [-10, 0], [-52, 6]],[[3243, 7442], [137, -39], [1, 0], [1, 0], [1, 0], [1, 1], [1, 0], [1, 1], [1, 0], [0, 1], [1, 1], [1, 1], [0, 1], [0, 1], [1, 1], [0, 1], [0, 1], [0, 1], [5, 209], [-148, 11], [0, -3], [-2, -85], [0, -37], [-2, -67]],[[3405, 7398], [1, -1], [0, -1], [1, 0], [0, -1], [1, 0], [0, -1], [35, -2], [12, 0], [0, 23], [1, 24], [0, 26], [1, 27], [0, 9], [0, 18], [1, 27], [1, 26], [0, 18], [-50, 3], [0, -21], [0, -8], [0, -5], [-1, -14], [0, -10], [0, -7], [-2, -68], [0, -8], [0, -3], [0, -11], [-1, -38], [0, -1], [0, -1]],[[6963, 3946], [-21, 5], [-46, 12], [-45, 11], [-15, 4], [7, 31], [2, 19], [0, 9], [-1, 19], [-12, 74], [-13, 73], [-1, 7], [-6, 35]],[[6813, 4250], [1, 0], [8, -1], [4, 0], [36, -3], [46, -3], [9, -1], [5, -1], [48, -7], [8, -1], [23, -4], [8, -1]],[[8550, 3741], [-9, -77], [-3, -27], [-1, -7], [-6, -50], [-2, -13]],[[8349, 3538], [-124, 30]],[[8188, 3577], [-21, 6], [-148, 35], [-25, 6], [-146, 35], [-23, 7], [-56, 12], [-20, 6], [-39, 8], [-21, 5], [-57, 14], [-25, 6], [-142, 34], [-26, 6], [-110, 27], [-19, 4], [14, 48], [7, 21], [-15, 3], [-36, 9], [-33, 8], [-11, 3], [-14, 3], [-12, 3], [-20, 5], [-10, 2], [-12, 3], [-18, 5], [-22, 5], [-15, 4]],[[7124, 3979], [53, -12], [22, -6], [36, -9], [19, -4], [159, -39], [16, -4], [64, -16], [2, 14], [8, 59], [2, 15], [2, 16], [4, 35], [5, 41], [3, 24], [0, 1]],[[7519, 4094], [9, -4], [18, -8], [5, -3], [11, -5], [2, -1]],[[5596, 4279], [43, 346], [-18, 3], [-15, 4], [-12, 3], [-14, 3], [-20, 5], [-3, 1], [-14, 3], [-14, 4], [-16, 3], [-20, 5]],[[5493, 4659], [3, 27], [21, -5], [15, -4], [15, -3], [13, -4], [4, -1], [19, -4], [14, -4], [12, -3], [15, -3], [18, -5], [1, 0], [18, -4], [-3, -25], [-3, -24], [-3, -23], [-2, -23], [-3, -24], [-3, -24], [-3, -24], [-3, -24], [-3, -23], [-1, -7], [-2, -17], [-3, -24], [-3, -24], [-11, -86], [-19, 5]],[[6142, 3371], [-17, -46], [-14, -37], [-17, -43]],[[6094, 3245], [-147, 109], [-17, 13], [-62, 46]],[[5868, 3413], [18, 49], [6, 14], [-4, 2], [-6, 5], [-5, 3]],[[5877, 3486], [6, 18], [16, 40], [2, 6], [76, -56], [18, -14], [80, -59], [17, -12], [50, -38]],[[5836, 715], [61, 54], [-26, 29], [-55, 63], [-44, -76], [57, -62], [7, -8]],[[3759, 4152], [-22, 15], [-33, -94]],[[3704, 4073], [25, -17], [-4, -13], [-1, 1], [-11, -28], [-9, -26], [-4, -10]],[[3688, 3927], [7, -15], [19, -37], [6, -9], [28, -55]],[[3884, 4066], [-13, 9], [-12, 8], [-19, 13]],[[3840, 4096], [-24, 17], [-16, 11], [-7, 5], [-16, 11], [-11, 7], [-7, 5]],[[4497, 3685], [-10, 7], [-43, 29], [-10, 20]],[[4434, 3741], [7, 30], [33, 134], [49, -25], [24, -13], [-4, -16], [17, -9], [35, -16], [-3, -10], [-2, -8], [-3, -13], [33, -9], [21, -1]],[[6681, 1620], [-30, -25], [-98, -80], [-2, -2], [-3, -1], [-2, -1], [-1, 0], [0, 1], [-40, 48], [-36, 40]],[[6469, 1600], [-135, -104]],[[6334, 1496], [82, -95], [-72, -59], [-80, -73], [-11, -10], [0, -1], [86, -95], [-2, -3], [-107, -99], [-26, -23], [-118, -110], [-75, -70]],[[6011, 858], [-141, -130], [-83, -77]],[[6749, 1443], [6, 5], [9, 9], [11, 10], [23, 21]],[[2411, 4317], [94, -59], [18, -10], [18, -12], [2, -4], [151, -136], [43, -51], [3, 1], [3, 0], [4, 1], [3, 1], [3, 0], [3, 1], [3, 1], [2, 1], [4, 2], [3, 1], [3, 2], [4, 2], [3, 2], [3, 3], [3, 2], [3, 3], [3, 2], [3, 3], [3, 3], [3, 3], [19, 36], [1, 3], [29, 41], [7, 11], [3, 4], [2, 3], [3, 3], [3, 4], [2, 3], [3, 3], [2, 3], [3, 3], [3, 3], [2, 3], [3, 2], [3, 3], [2, 3], [3, 3], [3, 2], [2, 3], [3, 2], [3, 3], [3, 2], [3, 3], [3, 3], [3, 2], [3, 3], [3, 2], [4, 3], [3, 2], [1, 1], [0, 31]],[[2929, 4275], [-23, 2], [-23, 3], [-22, 3], [-37, 4], [-37, 5], [-54, 5], [-70, 9], [-109, 12], [-23, 3], [-22, 3], [-14, 1], [-18, 2], [-9, 1], [-3, 0], [-3, 0], [-3, -1], [-3, 0], [-3, 0], [-3, 0], [-3, -1], [-3, 0], [-3, -1], [-3, -1], [-3, 0], [-2, -1], [-3, -1], [-3, -1], [-2, 0], [-4, -2], [-10, -2]],[[6079, 3601], [8, -5], [7, -6], [7, -5], [7, -5], [22, -17], [4, 10], [-2, 2], [13, 36], [-47, 36], [0, 1], [-1, 1], [-6, -17], [-6, -16], [-6, -15]],[[7570, 1875], [-18, 2], [-46, 7], [-16, 2]],[[7490, 1886], [2, 30], [3, 45]],[[7495, 1961], [29, -4], [51, -8]],[[393, 8421], [-24, -27], [-24, -28], [-5, -5], [-14, -17], [-23, -26], [-7, -7], [-4, -5], [-4, -5], [-32, -36], [-1, -1], [-1, -1]],[[254, 8263], [5, -26], [25, -133], [-59, -21]],[[225, 8083], [10, -64], [58, -348], [6, -34], [1, -8], [24, -134]],[[389, 7480], [17, 58], [3, 10], [4, 10], [2, 9], [3, 11], [7, 20], [7, 25], [7, 24], [6, 20], [1, 2], [2, 8], [3, 10], [3, 10], [3, 9], [3, 11], [2, 10], [7, 24], [8, 25], [7, 25], [7, 25], [4, 13]],[[495, 7839], [2, 7], [2, 10], [3, 10], [6, 21], [7, 23], [6, 22], [1, 3], [29, -15], [43, -23], [5, -2], [3, -2], [21, -11], [14, -7], [2, -1], [4, -2], [10, -5]],[[653, 7867], [-7, 62], [0, 2], [30, -6], [17, -3], [3, -1]],[[696, 7921], [-11, 85], [38, 8]],[[723, 8014], [0, 8], [-1, 11], [-1, 1], [-6, 54], [-38, -8], [-3, -1], [-3, 0]],[[671, 8079], [-13, -3], [-19, -4], [-6, -1], [-2, 48], [-1, 32], [-1, 11], [-1, 39], [-2, 32], [-34, -11], [-7, -1], [0, -1], [-8, -2], [-40, -14], [-5, -1], [-17, -6], [-17, -5], [-17, -6], [-17, -5], [-2, -1], [-15, -5], [-16, -5], [-6, -3], [-37, 63], [-47, 82], [2, 2], [14, 29], [7, 17], [27, 56], [2, 5]],[[7113, 3910], [-7, -31], [-11, -36], [-5, 1], [-122, 28], [-28, 8], [-102, 26], [-25, 5], [-62, 16], [-25, 6], [-70, 17], [-23, 7], [-60, 15], [-25, 3], [-112, 30], [-29, -76], [-6, -15], [-5, -14], [-12, -33], [-11, -28], [12, -19], [23, -34], [-19, -50], [-7, -17], [-27, 42], [-9, 13], [-15, 25], [-68, 104], [-12, 21], [-65, 98], [-18, 28], [-14, 23], [-17, 4], [-24, 5], [-68, 15], [7, 89], [5, 46], [0, 5], [6, 8], [-9, 13], [-2, 3], [0, 1]],[[6052, 4262], [1, 0], [5, 0], [7, 0], [8, 0], [3, 1], [6, 0], [14, 0], [4, 0], [27, 1], [29, 1], [21, 1], [44, 1], [17, 1], [39, 1]],[[6093, 4176], [3, 26], [12, 17], [27, -43], [1, 0], [0, -1], [0, -1], [0, -1], [0, -1], [0, -1], [0, -1], [-1, -1], [-1, -1], [-1, -1], [-1, 0], [-13, 4], [-22, 4], [-4, 1]],[[5493, 4659], [-11, -90], [-39, 8], [-40, 9], [-19, 4], [-12, -93], [-2, -15], [-2, -15], [-5, -40], [-9, -65], [-3, -24]],[[5351, 4338], [11, -2], [40, -10]],[[5402, 4326], [1, 0], [1, 0], [2, -1], [30, -7], [13, -3], [10, -3], [63, -15], [15, -4], [11, -2], [48, -12]],[[5058, 4119], [25, 66], [2, 5], [2, 5], [2, 4], [1, 5], [2, 5], [1, 5], [1, 0], [82, -61], [-1, -3], [-2, -5], [-1, -5], [-2, -5], [-2, -4], [-1, -5], [-26, -68], [-83, 61]],[[5441, 3811], [5, 25], [17, 39], [9, -6], [99, -74], [19, -13], [32, -26], [-2, -5], [-23, -56], [-24, 18], [-15, 11], [-15, 11], [-33, 25], [-11, 8], [-10, 7], [-32, 24], [-16, 12]],[[5877, 3486], [-49, 37], [-53, 40], [-10, 7], [-29, -57], [64, -49], [7, -6], [57, -42], [4, -3]],[[5916, 1550], [24, 42], [49, -54], [11, -13], [-50, -80], [-58, 63], [18, 30], [6, 12]],[[5675, 990], [16, 28]],[[5691, 1018], [32, -34], [-18, -32], [-24, -43], [31, -32], [0, -1], [1, -4], [-1, -3], [-2, -3], [-15, -30], [-27, -44], [-2, -3], [33, -37], [-10, -17], [-9, -16], [28, -30], [47, 83], [8, 11], [11, 15], [34, 60], [7, 16], [6, 14], [55, 98], [9, 15], [9, -10], [117, -133]],[[8181, 2420], [147, -35], [13, -3], [18, -4], [139, -33], [14, -3]],[[8512, 2342], [5, 24], [7, 56], [4, 39]],[[8528, 2461], [-24, 6], [-81, 20]],[[5932, 4259], [-1, 0], [-95, 166], [-88, 152], [-7, 13]],[[5741, 4590], [0, -1], [-6, -48], [-27, -213], [35, -9], [-6, -49], [-3, -25], [11, -2], [17, -4], [13, -4], [10, -2], [109, -26], [19, -5], [8, -2], [5, -1], [26, -6], [0, 20], [0, 6], [-1, 4], [-1, 4], [-4, 8], [-2, 3], [-11, 20], [-1, 1]],[[4140, 3696], [42, 98], [16, -13], [5, 19], [1, -1], [4, 12], [5, 16], [19, 42], [17, -12], [4, -3], [7, -5], [9, -6], [41, -31], [20, -13], [9, -5], [11, -6], [58, -32], [26, -15]],[[2952, 9448], [-7, -13], [-20, -40], [-12, -21], [-7, -9], [-7, -9], [-19, -24], [-8, -9], [38, -38], [36, -37], [82, 120], [9, 14], [-32, 40], [-13, -17], [-40, 43]],[[5181, 350], [24, -26], [0, -1], [2, -3], [3, -4], [2, -4], [3, -3], [3, -3], [3, -4], [15, -11], [22, -17], [19, -12], [18, -10], [18, -9], [19, -9], [2, -1], [4, -1], [3, -1], [12, -5], [2, -1], [3, -1], [6, -2], [5, -2], [1, -1], [3, -1], [3, -1], [3, -1], [4, -1], [3, -1], [3, -1], [4, 0], [3, -1], [4, 0], [4, 0], [4, 0], [3, -1], [4, 0], [4, 0], [4, 0], [3, 0], [4, -1], [4, 0], [11, 0], [4, 0], [3, 0], [4, 0], [4, 0], [4, 0], [36, 0], [13, -1], [14, 0]],[[5426, 3289], [8, 28], [-2, 1], [6, 21], [23, -12], [20, -11], [-12, -19], [-2, -3], [-10, -18], [-7, -1], [-24, 14]],[[3285, 6707], [30, 20], [14, 10], [7, 4], [68, 46], [12, -37], [20, -62], [5, -16], [3, -9], [1, -5], [3, -9], [7, -22], [5, -19], [-5, -4], [-19, -15], [-9, -8], [-17, -13], [-41, -34], [-5, -4], [-2, -2], [0, 1], [-18, 39], [-6, 14], [-11, 24], [-9, 19], [0, 1], [-16, 36], [-5, 9], [-12, 36]],[[4884, 1615], [-58, -8], [-1, -3], [-8, -3], [-27, -7], [0, 2], [-2, 5], [-35, -6]],[[4753, 1595], [4, -53], [2, -35], [4, -58], [0, -8], [4, -50], [1, -13], [5, -64], [7, -74], [-1, -3], [3, -21], [1, -10], [2, -17], [2, -19], [1, -4], [0, -3]],[[4788, 1163], [23, 7]],[[7477, 1964], [17, -3], [1, 0]],[[7053, 1946], [7, 6], [62, 58], [101, -14]],[[8057, 2450], [-3, -12]],[[8054, 2438], [-3, -7], [-49, -163], [-13, -41], [-2, -7]],[[7987, 2220], [-4, -12], [-38, -105]],[[8077, 1861], [45, -7]],[[8332, 1825], [14, -2], [26, 29], [2, 0], [2, 0], [2, 1], [2, 2], [2, 1], [2, 2], [2, 2], [1, 2], [2, 2], [1, 3], [2, 3], [2, 4], [2, 4], [3, 4], [2, 3], [3, 4], [3, 3], [3, 3], [3, 3], [3, 2], [3, 3], [4, 2], [3, 2], [4, 2], [3, 1], [4, 1], [3, 1], [4, 1], [4, 0], [0, 2], [6, 42], [2, 11], [3, 22], [4, 26], [1, 12], [9, 72], [19, -3], [2, 7]],[[8494, 2104], [3, 8], [-4, 98], [2, 15], [6, 39], [8, 62], [3, 16]],[[8318, 2265], [-3, -22], [-35, 5], [-31, 5], [-13, -49], [-12, 3], [-8, -52], [0, -5], [0, -1], [-3, -17], [7, -3], [-7, -57], [-7, -53], [-53, 22], [0, -2], [-2, -7], [0, -1], [-6, 3], [-178, 81], [7, 20], [1, 2], [5, 17], [3, 10], [13, 45], [1, 1], [1, 3], [2, 9], [2, 5], [2, 7], [7, 23], [4, 10], [7, 22], [1, 6], [2, 5], [6, 18], [5, 16], [2, 5], [7, 22], [12, 44], [2, 8], [7, 22], [21, -5], [63, -14], [11, -3], [12, -3], [17, -4], [35, -8], [12, -3], [52, -13], [42, -10], [-13, -106], [0, -1]],[[4565, 5526], [-12, -201], [-296, 29]],[[4273, 5631], [23, -3], [-2, -29], [-1, -16], [-5, -76], [-1, -2], [-2, -42], [0, -5], [-1, -14], [23, -2], [12, -1], [5, 0], [18, -2], [23, -2], [23, -2], [18, -2], [3, 64], [10, -1], [5, 101], [9, -1], [5, 82], [116, -10], [19, -2], [-1, -23], [-6, -102], [-1, -15]],[[3704, 4073], [-13, -37], [-14, -41]],[[6347, 3058], [9, 22], [7, 20], [8, 20], [8, 24], [13, 42], [11, -9], [65, -48], [18, -13], [66, -49], [19, -15], [32, -23], [-14, -45], [-10, -31], [-9, -31], [-6, -20], [-2, -5], [-16, 12], [-17, 14], [-4, 3], [-16, 14], [-68, 49], [-19, 14], [-66, 48], [-9, 7]],[[5835, 1557], [-48, -87], [-11, -21], [-69, -123], [-7, -12], [-29, -52], [-12, -21], [-45, -80], [-14, -24], [-21, -39]],[[5691, 1018], [5, 10], [8, 13], [7, 13], [13, 24], [29, 51], [8, 12], [9, 15], [37, 55], [10, 15], [6, 10], [9, 12], [49, 75], [10, 15], [6, 9], [22, 35], [5, 9], [15, 25], [10, 15], [-10, 11], [-104, 115]],[[3731, 3775], [-13, -21], [-4, 7], [-21, 44], [-7, 12], [-28, 51], [-2, 3], [-2, 4], [-2, 3]],[[5711, 3441], [24, 49], [1, 3], [27, -19], [-19, -55], [-33, 22]],[[3174, 6877], [-68, -46], [-46, -31], [-37, 111]],[[3023, 6911], [-77, -51]],[[2946, 6860], [34, -96], [5, -14], [7, -20], [15, -41]],[[3007, 6689], [4, -9], [4, -12], [16, -43]],[[3031, 6625], [41, 28]],[[3072, 6653], [147, 98], [-41, 118], [-4, 8]],[[4611, 2085], [0, -64], [0, -4], [-1, -2], [0, -14], [2, 1], [132, 21], [1, 0], [9, 2]],[[7846, 2017], [16, -13], [25, -20]],[[7969, 1876], [-67, 10]],[[2660, 8861], [0, -11], [0, -4], [0, -41], [-11, 1], [-12, 1], [-13, 2], [-12, 1], [-3, -40]],[[2434, 8791], [-10, 1], [-1, 1], [-2, 1], [58, 22], [1, 0], [37, 12], [34, 9], [-1, 17], [3, 1], [4, 1], [3, 0], [4, 1], [3, 0], [4, 1], [3, 1], [4, 0], [3, 1], [4, 0], [4, 1], [4, 0], [3, 1], [4, 0], [4, 0], [3, 1], [1, 0], [3, 0], [4, 0], [3, 0], [4, 0], [4, 0], [4, 0], [3, 0], [4, 0], [4, 0], [3, 0], [4, 0], [3, -1], [3, 0], [3, 0], [3, -1]],[[8815, 2814], [-3, -5], [-17, -33], [-6, -14], [-84, -164], [-14, -27], [-37, 8], [-89, 22], [-19, 4]],[[8578, 2861], [10, -3], [75, -17], [3, -1], [1, 0], [38, -18], [0, 2], [27, -6], [1, 0], [2, 13], [80, -17]],[[5351, 4338], [-12, 3], [-105, 26], [-11, 2], [-11, 3], [-52, 13], [-2, 0], [-33, 9], [-10, 2], [-10, 2], [-108, 27], [-19, 4], [-32, 8], [-46, 11], [22, 180], [-38, 9], [1, 11], [-84, 19], [4, 38], [133, 52], [7, 3], [8, 3], [-4, 20], [-7, 42], [-1, 6], [-24, 136], [-6, 38], [-85, 440], [-18, -21], [-1, 0], [-1, -1], [-1, -1], [-45, 93], [-195, 11]],[[4085, 5266], [3, -139], [0, -2], [0, -4], [1, -64], [0, -1], [0, -5], [1, -80], [1, -32]],[[4312, 4236], [-1, -94], [4, -24], [0, -7], [1, -2], [1, -3], [2, -7], [6, -16], [5, -9], [11, -16], [4, -5], [21, -13], [2, -1], [2, -2], [3, -3], [26, -13], [11, -6], [8, -4], [65, -34], [7, -4], [8, -4], [56, -29], [9, -5], [11, -6], [22, -12], [7, -5], [4, -4], [5, -6]],[[4795, 3808], [4, -2], [65, -33], [9, -5], [5, 17], [93, 354], [4, 19], [12, -9], [99, -73], [48, -37], [8, -6], [104, -78], [11, -8], [9, 21], [136, 358]],[[5155, 4047], [25, 67], [1, 4], [2, 5], [2, 5], [1, 4], [2, 5], [1, 5], [1, 0], [1, 4], [1, 5], [2, 5], [1, 5], [2, 5], [1, 5], [1, 4], [2, 5], [1, 5], [1, 5], [1, 5], [1, 5], [1, 5], [1, 5], [1, 5], [1, 5], [1, 5], [1, 5], [1, 5], [0, 5], [1, 5], [1, 6], [0, 1], [3, 22], [55, -15], [39, -30], [35, -26], [-3, -10], [-15, -37], [-31, -80], [-40, -105], [-102, 76]],[[5808, 4052], [8, 19], [12, 26], [18, -15], [11, -10], [-6, -16], [-13, -29], [-30, 25]],[[6064, 3018], [-13, -33], [-29, -76], [-5, -13], [-5, -16], [-30, -79], [-18, -47], [7, -9], [11, -12], [17, -19], [3, -3]],[[6002, 2711], [43, -48], [20, -21], [89, -101], [2, -2], [14, -16], [168, -188], [3, -2], [-20, -64]],[[6321, 2269], [-9, 10], [-13, 15], [-38, 42], [-23, 26], [-9, 10], [-7, 8], [-40, 45], [-32, 36], [-17, 18], [-12, 13], [-42, 47], [-36, 40], [-28, 32], [-37, 41], [-1, 2], [-25, 27], [-47, 53], [-2, 3]],[[5903, 2737], [69, 183], [8, 20], [40, 107], [32, -21], [12, -8]],[[2946, 6860], [-18, 49]],[[2928, 6909], [-7, 19], [-24, 67], [-10, 28], [-3, 14], [-1, 2]],[[2883, 7039], [-1, 4], [-1, 21], [-1, 35]],[[2880, 7099], [39, 2], [0, 12], [34, -14], [2, -6], [22, -64], [5, 3], [7, -22], [27, -80], [7, -19]],[[6455, 2303], [4, 20], [2, 9], [28, -11], [-1, -6], [-4, -16], [-1, -8], [-28, 12]],[[8757, 2474], [-56, 55], [-24, -46], [-10, -19], [-1, -3], [-13, -27], [55, -56]],[[8708, 2378], [14, 29], [10, 19], [25, 48]],[[495, 7839], [6, -6], [130, -104]],[[631, 7729], [2, 5], [22, 46], [5, 11], [1, 3], [26, 55], [-34, 18]],[[1698, 7797], [0, -135], [4, -162], [0, -24], [0, -10], [1, -29], [0, -10], [-6, -1], [-3, 0], [-14, -2], [1, -41], [0, -1], [2, -58], [-9, 0], [-80, -4], [-7, 0], [-1, 0], [-2, 0], [-3, -1], [0, -4], [3, -111], [1, -55], [1, -47]],[[631, 7729], [-28, -60], [-5, -12], [99, -29], [3, 18], [191, -64], [12, 69], [3, 16], [6, 34], [10, 52], [-10, 2], [-16, 4], [1, 10], [1, 5], [4, 40], [7, 60], [3, 22], [18, -5], [85, -22], [7, -2], [104, -23], [21, -5], [55, -11], [27, -6], [25, -6], [1, 8], [1, 6], [41, -13], [46, -8], [49, 5], [6, 1], [15, 2], [4, 2], [3, 2], [4, 2], [3, 2], [4, 2], [3, 1], [4, 2], [3, 2], [4, 1], [4, 2], [3, 1], [13, 5], [2, -2], [1, -4], [1, -3], [1, -1], [1, -4], [43, 1], [63, 3], [67, -19], [16, -5], [5, -1], [3, -1], [1, 0], [3, -1], [8, -2], [8, -2], [2, -1], [8, -2]],[[2521, 8983], [-16, 2], [-68, 8], [-16, 2], [-18, 2], [-68, 8], [-13, 2], [-16, 2], [-51, 6], [-13, 1], [-23, 3], [-129, 15], [-16, 3], [-7, 1]],[[2894, 8832], [-28, 3], [-49, 6], [-6, 1], [-89, 12], [-62, 7]],[[2435, 8047], [-146, 23]],[[2289, 8070], [-5, 98], [-3, 51], [1, 2], [2, 10], [15, -3], [8, -2], [12, -3], [1, 0], [7, -2], [5, 54], [-8, 17], [0, 37], [-6, 1], [-38, 76], [-5, 173], [-1, 63], [0, 10], [1, 1], [80, 34], [54, 0], [2, 22], [3, 33], [3, 30], [1, 15], [1, 7], [1, 7], [3, 40], [83, 25], [11, 3], [4, 1]],[[8092, 2566], [-24, 6], [-27, 6]],[[8041, 2578], [-144, 35], [-15, 4]],[[7882, 2617], [1, 11], [2, 10], [10, 77], [5, 43], [0, 2], [-43, 11], [-113, 29], [-14, -1], [-2, -11], [-12, -100], [-3, -19], [-1, -11]],[[7390, 2834], [-80, 73], [-4, 2], [-84, 50], [-17, 9]],[[7205, 2968], [5, 16], [10, 32], [4, 13], [4, 14], [10, 34], [5, 15], [5, 16], [17, 56], [3, 12], [4, 11], [22, -14], [8, -5], [9, -5], [15, -9], [19, -11], [7, 21], [2, -1], [14, -9], [13, -8], [13, -8], [14, -8], [22, -12], [-4, -28], [-1, -2], [109, -22], [5, 36], [1, 8], [1, 9], [15, -3], [146, -35], [45, -11], [15, -4], [18, -4], [30, -7], [-5, -36], [-2, -18], [-1, -13], [110, -26], [25, -7], [260, -60], [-2, -4], [38, -10], [2, 5], [2, 5], [3, 7], [3, 7], [3, 7], [14, 34], [66, -16], [14, -3], [11, -3], [36, -8], [19, -5]],[[3212, 7242], [-105, 45], [-1, 1], [-15, 4], [-3, 1], [-2, 1], [-1, 0], [-2, 2], [-2, 2], [-1, 0], [-16, 6], [-35, 12]],[[3029, 7316], [0, -19], [1, -24], [-3, 0], [-1, 1], [1, -36], [-54, -2], [0, -5], [-13, -1], [-39, -3], [1, -47], [-6, 0], [-38, -4]],[[2878, 7176], [0, -4], [0, -14], [2, -59]],[[3174, 6877], [-4, 9], [-1, 1], [0, 3], [0, 1], [1, 2], [-12, 35], [15, 12], [8, 7], [18, 13], [45, 35], [30, 23], [10, 8], [46, 30], [-5, 17]],[[4802, 747], [-13, 22], [-3, 4], [-2, 4], [-2, 4], [-3, 4], [-2, 4], [-3, 4], [-4, 9], [-2, 4], [-5, 9], [-2, 4], [-2, 4], [-6, 12], [-6, 14], [-6, 12], [-13, 34], [-15, 40], [0, 1], [-10, 40], [-1, 5], [-1, 4], [-1, 5], [-1, 5], [-1, 5], [-1, 5], [-1, 5], [-1, 4], [-2, 8], [-4, 27], [-1, 2], [-5, 29], [-4, 26], [-2, 14], [-1, 10]],[[4676, 1130], [71, 21], [41, 12]],[[4130, 7426], [58, -93], [48, -84]],[[4364, 6684], [-1, -11], [-2, -40], [-2, -43], [-7, 0], [-8, 1], [-10, 1], [-6, 1]],[[4221, 6634], [-5, -1], [4, 77]],[[4220, 6710], [1, 8], [1, 18], [0, 4], [0, 4], [0, 3], [0, 4], [0, 4], [-1, 19], [-1, 11], [-1, 13], [-2, 7], [-1, 7], [-1, 7], [-3, 23], [-1, 3], [0, 6], [-2, 11], [-9, 62], [-5, 33], [-2, 15], [-5, 36]],[[2436, 7982], [-46, 8]],[[2390, 7990], [-38, 6], [-19, 3], [-20, 3], [0, -1], [0, -1], [-19, 3], [0, 1], [0, 2], [-19, 3], [1, 2], [4, 50], [-14, 2], [-5, 1], [-5, -55], [-16, 3], [-26, 4], [-13, 3], [-23, 4], [-21, 3], [6, 64]],[[2163, 8090], [126, -20]],[[8406, 2911], [3, 22], [12, 92], [2, 18], [3, 24], [11, 91], [2, 17]],[[7837, 1479], [54, 34], [28, 19], [24, 15], [64, 41], [14, 9], [12, 8], [8, 5], [34, 21], [79, 50], [9, 6]],[[1967, 7721], [-11, 4], [-35, 9], [-218, 62], [-5, 1]],[[4195, 6286], [-40, -12], [-7, -3], [-20, -7], [-13, 50], [-37, -14], [13, -51], [-13, -5], [-12, -5], [-18, -7], [-5, 17], [-10, 31], [-65, -43], [17, -48], [-8, -7], [-22, -20], [-10, -8], [-12, -11], [-22, -19], [-10, -9], [-12, -10], [-25, -22], [-19, 61], [65, 58], [21, 18], [30, 27], [2, 2], [2, 1], [2, 3], [2, 1], [1, 1], [1, 1], [2, 1], [1, 1], [2, 2], [2, 1], [2, 1], [2, 2], [1, 1], [3, 2], [1, 1], [3, 2], [3, 2], [1, 1], [3, 2], [1, 0], [3, 2], [0, 1], [3, 1], [1, 1], [3, 2], [3, 2], [1, 0], [3, 2], [5, 3], [14, 7], [8, 3], [4, 2], [31, 12], [5, 3], [30, 11], [-4, 18], [38, 18], [1, -9], [9, 2], [6, 101], [42, -4]],[[8003, 2451], [-31, -104], [-28, -92]],[[7944, 2255], [-17, 13], [-1, 1], [-6, 4], [-29, 24], [-2, 1], [-5, 4], [-4, 4], [-3, 2], [-2, 2], [-18, 14], [5, 39], [13, 109], [1, 9], [24, -5], [71, -17], [2, -1], [6, -1], [1, -1], [5, -1], [18, -4]],[[8815, 2814], [14, 26], [25, 49], [21, 40]],[[8909, 2996], [5, 8], [-19, 19], [-41, 42], [-15, 15]],[[8839, 3080], [-58, 58], [1, 9], [1, 1]],[[8783, 3148], [-3, -1], [-4, -1], [-3, 0], [-3, 0], [-4, 0], [-4, 0], [-4, 0], [-3, 1], [-4, 1], [-3, 1], [-3, 1], [-4, 2], [-3, 2], [-3, 2], [-3, 3], [-3, 2], [-3, 3], [-3, 3], [-2, 3], [-3, 3], [-2, 4], [-2, 4], [-3, 3], [-2, 5], [-2, 4], [-1, 4], [-2, 5], [-2, 4], [-1, 5], [-1, 5], [-1, 5], [-1, 4], [0, 5], [-1, 5], [0, 5], [0, 5], [-58, 16]],[[2878, 7176], [0, 8], [-66, -1], [-20, -1], [-20, 0], [-19, 0], [0, 23], [-2, 1], [-18, 14], [1, -8], [-36, 20], [-6, 4], [-3, 77], [-1, 19], [0, 19], [-2, 50], [0, 16], [0, 1]],[[2686, 7418], [45, -8], [121, -38], [21, -7], [19, -6], [63, -20], [7, -2], [9, -3], [9, -3]],[[2980, 7331], [49, -15]],[[3397, 8767], [0, -1], [2, -4], [8, -17], [10, -21], [5, -13], [9, -18], [2, -4], [11, -26], [6, -12], [8, -18], [9, -18], [8, -18], [8, -18], [8, -18], [9, -18], [8, -19], [25, -55], [4, -9], [1, 0], [4, -9], [22, -50], [24, -51], [9, -19], [3, -7], [8, -17], [7, -16], [5, -10], [25, -55], [6, -13], [3, -5], [25, -53], [3, -6], [24, -52], [28, -63], [9, -17], [56, -100], [4, -6], [4, -8], [19, -30], [2, -4], [20, -34], [28, -49], [5, -8], [5, -9], [10, -19], [1, 1], [12, 18], [10, 16], [11, 15], [13, 20], [18, 27], [3, 5], [3, 4], [5, 7], [21, 30], [12, 18], [12, 17], [22, 31], [17, 24], [11, 16], [10, 14], [16, 23], [0, -2], [10, -29], [4, -10], [6, -20], [7, -19], [5, -17], [22, -63], [15, -32], [92, -196], [7, -15], [7, -12], [10, -15], [17, -27], [26, -40], [6, -8], [2, -3], [9, -14], [2, -2], [1, -3], [2, -3], [3, -4], [2, -4], [2, -4], [4, -7], [7, -9], [8, -16], [4, -8], [9, -16], [6, -12], [2, -5], [5, -8]],[[3349, 8774], [30, -4], [4, 0], [13, -3], [1, 0]],[[5765, 2889], [-8, -13], [-9, -16], [-2, -3], [-42, 42], [-37, 37], [-6, -10], [-14, -26]],[[5647, 2900], [0, -2], [0, 1], [-10, -21], [-18, -34], [-10, -21], [-8, 9], [-16, 19], [-9, 11], [-9, -15], [-24, -38], [-3, -6]],[[5641, 2604], [9, 14], [20, 31], [4, 6], [19, 31], [14, 22], [-9, 11], [-11, 14], [-10, 11], [15, 24], [21, 35], [105, -117], [44, 76], [7, 12]],[[5869, 2774], [-9, 11], [-24, 27], [-8, 8], [-10, 11], [-7, 9], [-8, 9], [-7, 7], [-5, 6], [-9, 10], [-7, 7], [-10, 10]],[[2038, 6326], [210, -175], [9, 20], [10, 25], [12, 27], [11, 25], [11, 27], [11, 25], [11, 26], [14, 32], [20, 46], [-100, 84], [-27, 22], [-3, 2], [-43, 36], [-28, -64], [42, -35], [-36, -85], [-10, -23], [-107, 86]],[[2045, 6427], [-7, -101]],[[8003, 2451], [4, 11], [0, 1], [7, 24], [27, 91]],[[7882, 2617], [-2, 1], [-25, 6], [-131, 31], [-12, 3]],[[7939, 2243], [4, 9], [1, 3]],[[8757, 2474], [13, 25], [73, 144], [2, 2], [8, 17], [40, 85], [1, 3], [2, 4], [3, 5], [2, 3], [4, 9], [18, 34], [8, 16], [9, 18], [2, 4], [2, 4], [2, 5], [2, 4], [1, 4], [2, 5], [2, 9], [2, 4], [0, 5], [1, 5], [1, 4], [0, 5], [0, 5], [0, 5], [0, 4], [0, 4], [-1, 4], [-1, 4], [-1, 4], [-1, 4], [-2, 3], [-1, 4], [-2, 3], [-2, 3], [-3, 2], [-7, 8], [-12, 11], [-20, 21]],[[8546, 2605], [-2, -21], [-10, -81], [-6, -42]],[[8494, 2104], [1, -5], [5, -25], [18, -14], [49, 46], [0, 1], [4, 5], [9, 18], [49, 99], [20, 34], [6, 13], [2, 4], [51, 98]],[[2684, 7467], [0, 9], [0, 6]],[[2684, 7482], [5, -1], [63, -15], [24, -9], [32, -10], [55, -16], [0, -7], [1, -17], [0, -13], [0, -10], [0, -3], [0, -2], [-1, -1], [0, -1], [-1, 0], [-1, -1], [-1, 0], [-1, 0], [-1, 0], [-1, 0], [-92, 31], [-45, 15], [0, 10], [0, 9], [0, 14], [-36, 12]],[[3235, 8832], [-10, 1], [-23, 4], [-12, 1]],[[2725, 9975], [1, 3], [0, 1], [9, 11], [5, 6], [2, 3], [1, -2], [40, -60], [70, -106], [5, -7], [17, -26], [144, -224], [4, -9], [32, -69], [1, -2], [19, -39], [8, -18], [14, -30], [4, -7], [13, -29], [5, -11], [5, -10], [8, -19], [5, -11], [15, -32], [9, -19], [13, -30], [9, -19], [3, -4], [7, -17], [10, -21], [10, -21], [10, -21], [10, -21], [7, -15], [28, -60], [6, -12], [5, -11], [1, -3], [2, -3], [5, -11], [15, -32], [6, -14], [22, -45]],[[3330, 8909], [-1, -1], [-1, -1], [-1, -3], [-27, 36], [-13, -21], [-14, -23], [-6, -10], [-6, -11], [-11, -19], [-7, -11], [-7, -11], [-1, -2]],[[2496, 7573], [-155, 51], [-3, 1], [-4, 1]],[[2334, 7626], [6, 12], [9, 20], [6, 17], [21, 49], [13, 62], [3, 16], [11, 53], [14, 78], [4, 47], [-31, 4], [0, 6]],[[7011, 2855], [-30, 45], [-11, 18], [-13, -16], [-28, -37], [-4, -7], [-5, -7], [-24, -33], [-8, -15]],[[6932, 2745], [79, 110]],[[2076, 6669], [16, 36], [14, -9], [-21, -51], [43, -34], [22, -19], [11, 26], [63, 144], [19, 51], [50, 3], [18, -27]],[[2311, 6789], [6, 11], [-16, 61], [-14, -7], [-8, 41], [-18, -6], [-14, -4], [-22, -7], [-22, -7]],[[2203, 6871], [-3, 2], [-22, -7], [-23, -7], [-13, -4], [-14, -4], [-15, -5], [-46, -14], [-47, 5], [-6, -36], [-1, -12], [1, -17], [1, -9], [1, -10], [1, -8], [-3, -24]],[[4106, 3867], [28, -22], [27, 61], [-28, 22], [-14, -31], [-13, -30]],[[4782, 1850], [-18, -12], [-26, -16]],[[4738, 1822], [2, -35], [3, -41], [2, -35], [2, -26], [1, -16], [0, -3], [1, -3], [2, -33], [2, -30], [0, -5]],[[2914, 6529], [8, 14], [2, 4], [1, 1], [2, 3], [1, 1], [1, 2], [1, 0], [1, 2], [1, 0], [3, 4], [11, 9], [1, 1], [2, -3], [3, 3], [49, 33]],[[3001, 6603], [30, 22]],[[3072, 6653], [22, -61], [-42, -28], [-16, -11], [-74, -50], [-2, -2], [-1, -1], [0, -1], [-3, -4], [-2, -4], [-37, 35], [-3, 3]],[[3378, 4311], [42, -5], [34, -5], [20, 60], [6, 16], [-21, 52], [3, 10], [8, 33], [2, 1], [1, 0], [1, 1], [2, 1], [1, 1], [1, 1], [1, 1], [1, 1], [1, 1], [1, 1], [1, 2], [1, 1], [1, 2], [1, 3], [5, 22], [2, 4], [14, 57], [1, 1], [10, 40], [7, 32], [-11, 5], [-20, 9], [-11, 5], [-15, -65], [-10, -40], [-10, -41], [-1, -6], [-1, -2], [0, -3], [-1, -2], [0, -2], [0, -2], [0, -3], [1, -2], [0, -4], [1, -3], [1, -2], [1, -2], [1, -2], [1, -2], [-6, -23], [0, -3], [-4, -16], [-1, -2], [-38, -24], [-24, -102]],[[4516, 6667], [5, -11], [1, -1], [5, -12], [12, -26], [1, -1], [18, -41], [21, -47], [9, -22], [1, -1], [6, -15], [1, -3], [9, -20], [14, -32], [26, -58], [10, -21], [5, -10], [22, -37], [14, -23], [24, -39], [13, -22], [9, -14], [13, -21], [8, -13], [9, -15], [12, -18], [15, -25], [6, -10], [7, -11], [11, -18], [22, -36], [7, -12], [3, -4], [3, -5], [5, -8], [24, -40], [32, -50], [3, -5], [7, -11], [23, -37], [9, -14], [9, -15], [10, -16], [9, -15], [10, -15], [9, -15], [9, -14], [11, -18], [22, -35], [3, -5], [2, -3], [4, 0], [3, -1], [12, -2], [27, -5], [30, -5], [5, 0], [22, -4], [17, -26], [20, -31], [1, -1], [86, -133], [3, -4], [61, -91], [4, -6], [2, -3], [3, -4], [6, -9], [45, -70], [47, -72], [-1, -1], [-2, -1], [-9, -7], [-35, -29], [-15, -12], [2, -3], [13, -24], [22, -37], [13, -21], [35, -58], [1, -1]],[[5477, 5046], [-1, 0], [-14, -6], [-42, -17], [-12, -6], [9, -45], [4, -22], [4, -13], [2, -13], [-2, -15], [-3, -25], [-1, -7], [46, 20], [15, 7], [13, 3], [34, 13], [18, 6], [1, 0]],[[5548, 4926], [8, -14], [185, -322]],[[5932, 4259], [7, 0], [2, 0], [42, 1], [12, 0], [17, 1], [5, 0], [25, 1], [10, 0]],[[7205, 2968], [-6, -19], [-36, -121], [-34, -111], [-9, -31], [-17, 27], [-40, 62], [-4, 6], [-3, 3], [-36, 57], [-9, 14]],[[6837, 2690], [-38, 27], [-19, 13], [-3, 3], [-1, 3], [8, 21], [11, 28], [7, 16], [-5, 3], [-17, 13], [-18, -46], [-1, -2], [-8, -20], [19, -15], [-6, -14], [-7, -18], [0, -1], [4, -3], [-7, -16], [-17, -42], [48, -39], [11, -8], [17, -13], [51, -41], [10, -7]],[[6981, 2509], [20, -16], [4, -3], [11, -9], [2, -1], [4, 11], [5, -4], [4, 5], [24, -18], [-15, -51], [-6, -19], [-5, -16], [-34, -114], [-13, -41], [-5, -17], [-4, -12], [-40, -132], [-4, -34], [-25, 4], [-134, 19], [-13, 2], [-13, 2], [-116, 17], [-20, 2]],[[6608, 2084], [0, 2]],[[6608, 2086], [1, 26], [3, 39], [-23, 3], [-14, 2], [-10, 1], [-18, 3], [-19, 2], [0, -3], [-83, 12], [-2, -38]],[[6443, 2133], [-70, 78], [-7, 8], [-17, 18], [-12, 14], [-16, 18]],[[6002, 2711], [69, 184], [36, 94]],[[6107, 2989], [5, -4], [22, 61], [6, -4], [0, 1], [4, 14], [45, 118]],[[6189, 3175], [2, 5], [16, 43], [29, 78], [-41, 31], [-20, 15], [-33, 24]],[[6094, 3245], [43, -32]],[[6137, 3213], [-15, -41], [-29, -76], [-7, -18], [-8, -21], [-13, -34], [-1, -5]],[[5903, 2737], [-8, 8], [-16, 18], [-10, 11]],[[5765, 2889], [-81, 81], [-37, 38], [-3, -7], [-7, -13], [-8, -15], [-3, -6], [-2, -6], [-3, -4], [-1, -2], [-1, -2], [-7, -14], [-1, -2]],[[5611, 2937], [-7, -14], [-15, 16], [-24, 28], [-15, 17], [-22, 22], [5, 8], [-40, 40], [-16, 15], [-16, 15], [-17, 15], [-7, -14], [-19, 21], [0, 1], [-12, 12], [4, 9], [-21, 21], [10, 15], [8, 14], [-42, 39], [-2, -4], [-19, 13], [-14, 11], [-1, -1], [-35, 22], [-34, 21], [-6, 4], [-3, 2], [-8, 5], [-18, 12], [-12, -32], [-41, 29]],[[5172, 3299], [3, 9], [-24, 17], [-18, 12], [8, 20], [1, 4], [-17, 11], [-17, 12], [-41, 29], [-9, -26]],[[7061, 3693], [-81, -272], [116, -73], [4, -3], [56, -34], [11, 33], [72, 238], [-178, 111]],[[5660, 3363], [10, -9], [19, -13], [10, -6], [-21, -61], [43, -30], [23, 46], [14, -9], [10, -7], [11, -8], [-23, -44], [37, -28], [10, -4], [9, -5], [19, -13], [20, 46], [23, -15], [-10, -28], [-7, -20], [7, -4], [13, 36], [9, 24], [7, 20], [7, 19], [10, 29], [5, 13], [-8, 6], [-30, 19], [-28, 20], [-6, 3], [-6, 5], [-13, 8], [-42, 28], [-4, 3], [-6, 4], [-61, 41], [-13, 9], [-5, -11], [-4, -6]],[[7560, 3128], [73, -17], [69, -17], [15, -3], [6, -2], [4, 32], [2, 14], [2, 18], [6, 43], [2, 12], [2, 10], [-38, 10], [-134, 33], [-3, -23], [-12, -97], [6, -13]],[[6165, 3102], [45, 118], [30, -23], [20, -15], [30, -22], [2, -1], [35, -26], [31, -23], [-7, -18], [-1, -3], [-9, -26], [-21, -55], [0, -1], [-2, -5], [-1, -3], [-18, 11], [-26, 17], [-25, 18], [-15, 10], [-34, 24], [-34, 23]],[[6839, 2902], [-6, -10], [27, -37], [30, 44], [-17, 23], [-10, 13], [-24, -33]],[[6742, 2845], [22, -16], [18, 45], [-29, 25], [-5, -25], [-6, -29]],[[6107, 2989], [-9, 7], [-22, 14], [-12, 8]],[[6137, 3213], [32, -23], [20, -15]],[[7987, 2220], [-10, 8], [-22, 18], [-11, 9]],[[225, 8083], [-21, 125], [5, 6], [1, 1], [2, 2], [4, 4], [13, 13], [8, 9], [17, 20]],[[8839, 3080], [36, 69], [-20, 19], [-27, 30], [-2, -5], [-2, -4], [-2, -5], [-2, -4], [-3, -4], [-2, -3], [-3, -4], [-3, -3], [-3, -3], [-3, -3], [-3, -3], [-3, -2], [-4, -2], [-3, -2], [-4, -2], [-3, -1]],[[3840, 4096], [15, 14], [110, 97]],[[3965, 4207], [4, 4], [39, 34], [5, -12], [18, -39], [7, -14], [15, 12], [62, 48], [28, 21], [4, 2], [1, 1], [2, 1], [1, 0], [3, 0], [14, -1], [5, 0], [4, 0], [5, 0], [39, -2]],[[4119, 3897], [-13, -30], [28, -22], [27, 61], [-28, 22], [-14, -31]],[[4211, 6563], [-49, -9], [-2, 23], [-3, 32], [-1, 11], [-7, -2], [-6, 60], [-1, 8], [6, 1], [15, 4], [15, 3], [-1, 7], [18, 3], [25, 6]],[[4676, 1130], [0, 2], [-3, 16], [-3, 23], [-5, 46], [0, 1], [0, 1], [0, 1], [-1, 15], [-2, 19], [-3, 41], [-1, 5], [-5, 59], [-1, 13], [-3, 50], [-1, 9], [-3, 57], [0, 2], [-3, 33], [-1, 20], [0, 3], [-1, 8], [-2, 31], [-2, 31], [-2, 33], [0, 1], [0, 3], [0, 2], [-1, 15], [-2, 25], [-3, 36], [-9, 41], [0, 1], [-2, 50], [27, 16], [16, -52], [5, -12], [18, 12], [1, 0], [40, 26], [14, 9]],[[6427, 1721], [-11, -9], [-13, -10], [-15, -13], [11, -12], [70, -77]],[[6334, 1496], [-175, -133], [-57, 63], [-15, 16], [-13, 15], [-54, 60], [-10, 11], [-17, 18], [-100, 113]],[[5893, 1659], [-2, 1], [-2, 3], [-2, 2], [-21, 23], [-9, 10]],[[6066, 2125], [9, -10], [113, -127], [17, -18], [28, 52], [10, -11], [11, -12], [34, 60], [34, -38], [34, -38], [7, -8], [89, -100], [-10, -18], [-24, -45], [-12, 13], [-4, 5], [-3, 3], [-7, -14], [-16, -28], [-4, -8], [-1, 0], [1, 0], [43, -49], [12, -13]],[[8003, 2451], [36, -9], [3, -1], [12, -3]],[[502, 5661], [-2, -11]],[[500, 5650], [40, -56], [-12, -54], [3, -12], [10, -37], [1, -2], [16, -61], [-5, -24], [0, -1], [-1, 0], [-13, 9], [-8, 5]],[[531, 5417], [0, -1], [-3, -13], [-11, -64], [112, -10], [71, -6], [1, 7], [-51, 39], [56, 120]],[[3520, 4151], [2, 18], [2, 16], [1, 2], [1, 3], [1, 2], [0, 7], [10, 7], [4, 4], [18, 13], [33, 25], [14, 10], [-5, 3], [-6, 2], [-12, 3], [-47, 6], [-11, 2], [-65, 10], [-11, 2], [-121, 14], [-11, 1]],[[3317, 4301], [-13, 1], [-206, 24], [-4, 1]],[[3094, 4327], [-57, 6], [-5, 1], [-6, 1], [-31, 3], [-6, 1], [-10, 1], [-40, 5], [-7, 0], [-3, -65], [0, -5]],[[2411, 4317], [4, 55], [-54, -14], [-20, -5], [1, -6], [4, -22], [4, -3], [7, -4], [12, -7], [5, -4], [73, -44], [41, -27], [-5, -29], [-2, -6], [2, -1], [3, -3], [3, -3], [3, -4], [3, -3], [3, -3], [3, -3], [6, -7], [3, -3], [2, -4], [6, -7], [3, -4], [2, -4], [3, -4], [2, -4], [3, -4], [5, -8], [2, -4], [2, -4], [5, -8], [8, -16], [4, -8], [17, -52], [13, -53], [14, 7], [2, 1], [4, -31], [3, 0], [8, -65], [-17, -5], [1, -5], [0, -6], [1, -5], [1, -5], [1, -5], [1, -5], [0, -6], [1, -5], [1, -5], [1, -5], [1, -5], [0, -5], [1, -6], [1, -5], [0, -5], [1, -5], [1, -5], [1, -5], [0, -6], [1, -5], [1, -5], [0, -5], [1, -6], [0, -5], [1, -5], [1, -5], [0, -5], [1, -6], [0, -5], [1, -5], [1, -5], [0, -6], [1, -5], [0, -5], [1, -5], [0, -6], [1, -5], [0, -5], [1, -5], [0, -6], [1, -5], [0, -5], [0, -5], [1, -6], [0, -5], [1, -5], [0, -5], [0, -6], [1, -5], [0, -5], [1, -5], [0, -6], [0, -5], [1, -5], [0, -5], [0, -6], [1, -5], [0, -5], [0, -5], [0, -6], [5, -56], [-17, -3], [-17, -5], [-21, -5], [-39, -10], [-21, -6], [-124, -32], [-175, -39], [-37, 152], [5, 50], [42, 23], [-14, 48], [-53, -18], [-23, -8], [-28, 1], [0, -1], [-1, -7], [-5, -36], [-2, -13], [0, -2], [0, -5], [-1, -6], [-7, -45], [-5, -37], [-6, -40], [-2, -14], [-1, -5], [-1, -5], [-1, -4], [-1, -5], [-1, -5], [0, -1], [-1, -2], [-5, -17], [-3, -12], [-3, -9], [-5, -17], [-3, -8], [-3, -10], [-3, -11], [-6, -18], [-1, -4], [-3, -9], [-3, -11], [-9, -28], [-7, -23], [-7, -24], [-5, -15], [-7, -22], [-13, -5], [-2, -8], [-3, -8], [-10, -29], [-5, -17], [-5, -14], [-9, -28], [-10, -31], [-10, -31], [-16, -47], [-3, -8], [-7, -22], [-2, -7], [-5, -14], [-3, -10], [-4, -14], [-2, -6], [-4, -11], [-1, -5], [-2, -6], [-4, -12], [-3, -9], [-4, -13], [0, -2], [-1, -3], [-3, -6], [-4, -12], [-3, -9], [-4, -11], [-2, -2], [-2, -6], [-4, -5], [-4, -5], [-5, -5], [-4, -4], [-8, -7], [-5, -5], [-2, -1], [-4, -4], [-5, -3], [-8, -6], [-10, -7], [-5, -3], [-3, -1], [-9, -5], [-9, -4], [-6, -2], [-30, -10], [-19, -5], [-34, -9], [-11, -3], [-8, -3], [8, -38], [17, -52], [9, -36], [2, -10]],[[1706, 2562], [4, -15], [12, -59], [12, -56], [9, -40], [39, 10], [26, -1], [41, -13], [92, -56], [40, -26], [34, -23], [48, -12], [19, 4], [36, 7], [6, 2], [18, 6], [11, 5], [18, 6], [6, 4], [48, 27], [27, 28], [39, 52], [19, 30], [0, 1], [28, 44], [28, 44], [2, 3], [0, 1], [26, 45], [22, 42], [16, 32], [1, 1], [27, 42], [30, 46], [2, 4], [1, 1], [7, 12], [8, 13], [6, 11], [4, 6], [0, 1], [40, 52], [30, 28], [42, 37], [57, 46], [67, 61], [74, 85], [31, 42], [12, 17], [49, 62], [46, 81], [5, 44], [-1, 26], [-3, 39], [-5, 55], [-10, 67], [-17, 51], [-48, 82], [-8, 16], [-9, 17], [-12, 28], [-29, 61], [-7, 48], [0, 29], [1, 27], [0, 2], [12, 54], [7, 11], [26, 51], [21, 41], [14, 27], [3, 3], [79, 70], [65, 21], [1, 0], [6, 2], [41, 2], [54, 2], [14, 0], [62, -1], [89, -51], [149, -183], [40, -55], [11, -28], [6, -15], [72, -174], [43, -105], [46, -119], [6, -15], [26, -65], [10, -21], [56, -87], [34, -29], [45, -28], [46, -29], [52, -17], [81, -5], [6, 0], [14, 4], [19, 5], [3, 0], [30, 3], [8, 1], [20, 2], [24, 6], [10, 2], [1, 1], [45, 2], [27, -5], [60, -24], [27, -10], [17, -15], [41, -37], [5, -10], [5, -9], [5, -12], [15, -36], [12, -18], [30, -77], [12, -51], [6, -24], [1, -5], [15, -97], [2, -99], [1, -16], [9, -341], [-1, -56], [0, -15], [0, -165], [6, -148], [1, -10], [7, -168], [1, -24], [1, -10], [0, -1], [1, -9], [9, -91], [3, -29], [12, -221], [-1, -69], [0, -10], [-1, -9], [-3, -36], [-10, -122], [-25, -149], [-1, -7], [0, -11], [-1, -25], [-5, -99], [-6, -52], [-2, -16], [1, -13], [4, -53], [4, -17], [15, -48], [2, -8], [58, -153], [45, -82], [84, -89], [3, -3], [5, -5], [73, -78], [44, -43], [71, -58], [35, -11], [9, -3], [96, -30], [72, -16], [4, 0], [33, -8], [11, -2], [12, -2], [20, -5], [1, 0], [59, -12], [3, 0], [4, 0], [126, 4], [4, 1], [10, 0], [78, 4], [1, 0], [44, 8], [10, 1], [106, 10], [417, 43], [124, 12], [84, 22], [8, 1], [74, 14], [63, 16], [67, 16], [62, 15], [632, 209], [157, 52], [108, 57], [256, 136], [172, 92], [185, 98], [166, 88], [78, 39], [26, 12], [64, 32], [149, 80], [7, 3], [0, 1], [28, 117], [2, 10], [3, 4], [59, 82], [29, 41], [14, 20], [10, 13], [0, 1], [2, 5], [7, 19], [153, 399], [2, 6], [27, 46], [6, 44], [44, 316], [35, 73], [58, 118], [71, 146], [96, 195], [66, 136]],[[2914, 6529], [-8, 8], [-32, -48], [-17, 16], [-26, 20], [-10, 7], [-15, 9], [-14, 9], [-58, 35], [-30, 18], [-9, 6], [-34, 21], [-21, 12], [-9, 40], [-138, 220], [-90, -83], [65, -98], [74, -112], [-23, -13], [-17, -9], [-13, -9], [-13, -12], [-10, 9], [-11, 12], [-9, 12], [-29, 41], [-13, 18], [-10, 14], [-45, 64], [-16, 23], [-22, 30]],[[2064, 6642], [-10, -58], [0, -4], [-2, -23], [0, -2], [0, -25], [-1, -4], [-6, -99]],[[2038, 6326], [-3, -40], [-2, -32], [-3, -66], [-6, 3], [-7, 3], [-4, 2], [-9, 2], [-13, 1], [9, -46], [21, -116], [4, -22], [-12, -4], [-62, -22], [-41, -16], [-16, -6], [3, -18], [-63, -23]],[[531, 5417], [-96, 65], [-7, 5], [0, -2], [46, -248], [9, -46], [2, -13], [2, -11], [2, -12], [1, -1], [9, -53], [4, -21], [5, -26], [5, -27], [2, -7], [7, -38], [3, -16], [0, -1], [5, -31], [6, -32], [6, -31], [2, -13], [1, -5], [3, -21], [37, -204], [1, -8], [6, -32], [6, -37], [2, -9], [5, -27], [5, -28], [2, -11], [3, -20], [3, -18], [5, -40], [172, -30], [1, 0], [1, 1], [1, 0], [0, 1], [1, 0], [1, 0], [1, 0], [3, 0], [3, 0], [25, -5], [13, -3]],[[1691, 4484], [129, 45], [11, 4], [58, 21], [3, 2], [-4, -55], [-4, -51], [-44, 10], [-34, 4], [-33, -2], [-77, -8]],[[1701, 4430], [35, 5], [-1, -8], [-25, -194], [-4, -33], [236, -56], [4, -1], [13, -3], [153, -34], [0, -10], [-1, -16], [-10, -194], [-6, -160], [-4, -50], [0, -4], [-8, -62], [-6, -60], [-6, -55], [-10, -65], [-17, -53], [-22, -66], [-7, -51], [-6, -17], [-1, -2], [-7, -16], [0, -1], [0, -1], [-1, -1], [-9, -23], [-5, -15], [-16, -48], [-1, -4], [-12, -35], [-12, -38], [-2, -4], [0, -2], [-3, -8], [-3, -9], [-2, -9], [-3, -9], [-5, -15], [-3, -10], [-1, -3], [-1, -2], [-4, -13], [-4, -12], [-1, -3], [-2, -7], [-3, -10], [-1, -1], [0, -1], [-2, -7], [-5, -14], [-1, -5], [-2, -6], [-4, -10], [-2, -6], [-1, -6], [-4, -11], [-3, -10], [-4, -12], [-1, -2], [-1, -3], [-2, -7], [-2, -8], [-3, -8], [-1, -3], [-1, -3], [-1, -2], [-4, -7], [-1, -2], [-2, -4], [0, -2], [-1, -2], [-1, 0], [-2, -4], [-1, -1], [-3, -4], [-4, -5], [-2, -2], [-3, -3], [-1, -1], [-3, -3], [-2, -1], [-2, -3], [-5, -4], [-2, -2], [-4, -3], [-1, -1], [-1, -1], [-5, -3], [-5, -3], [-2, -1], [-5, -3], [-4, -3], [-6, -3], [-2, -1], [-7, -4], [-2, -1], [-3, 0], [-6, -3], [-7, -2], [-1, -1], [-13, -5], [-9, -2], [-23, -7], [-3, 0], [-33, -9], [-9, -3], [-2, -1], [-9, -3], [0, -1], [2, -6], [6, -30], [20, -62], [10, -36], [0, -1], [2, -7]],[[3094, 4327], [4, 64], [0, 6], [223, -25], [0, -6], [-3, -39], [-1, -26]],[[3759, 4152], [41, 51], [8, -5], [38, -26], [20, 23], [72, 74]],[[3088, 5788], [20, 33], [11, 19], [-37, 42], [-194, 168], [-16, 13], [-106, 92], [-21, 20], [-26, 21], [-20, -33], [-15, -26], [-26, -45], [8, -7], [8, -6], [17, -15], [3, -2], [20, -18], [15, -13], [20, -17], [3, -2], [17, -15], [20, -15], [18, -15], [18, -16], [17, -15], [15, -13], [15, -12], [15, -14], [16, -13], [14, -12], [34, -30], [17, -15], [46, -41], [-12, -18], [-11, -17], [14, -16], [12, -15], [3, -3], [11, -12]],[[3704, 6021], [19, -62], [73, 64], [10, 9], [4, 3], [1, 2], [3, 2], [-5, 17], [-13, 41], [-1, 4], [0, 1], [-91, -81]],[[2040, 4497], [1, 28], [1, 68], [40, 16], [69, 25], [2, 1], [32, 11], [1, 1], [11, -52], [1, -8], [10, -49], [-3, -21], [-8, -68], [2, -1], [1, -2], [14, -10], [3, -3], [3, -2], [7, -4], [6, -5], [4, -2], [3, -2], [3, -2], [3, -2], [4, -2], [3, -2], [3, -2], [3, -2], [4, -2], [3, -2], [4, -2], [3, -2], [3, -2], [7, -3], [4, -1], [3, -1], [7, -2], [4, -1], [3, 0], [3, -1], [2, 0], [2, 0], [2, 0], [2, 1], [2, 1], [4, 2], [2, 2], [1, 1], [2, 2], [1, 2], [2, 2], [-14, -55], [-1, -5], [-56, 19], [-48, -3], [-9, 3], [-9, 2], [-11, 3], [-22, 6], [-14, 4], [-15, 3], [-54, 14], [1, 45], [1, 9], [-1, 2], [1, 11], [0, 15], [1, 22], [-29, 1], [-10, 1]],[[5611, 2937], [36, -37]],[[2077, 8106], [9, -1], [62, -12], [15, -3]],[[6427, 1721], [10, 8], [68, 57], [15, 13], [12, -13], [14, -16], [21, -23], [16, -18]],[[6583, 1729], [2, 29], [4, 49], [1, 20], [1, 15], [7, 89], [1, 23]],[[6599, 1954], [9, 130]],[[6608, 2086], [-1, -2], [-139, 21], [-25, 28]],[[9308, 3859], [130, -40], [243, -73], [16, -6], [30, -10], [4, -1], [4, -2], [1, 0], [88, -163], [129, -238], [0, -1], [9, -19], [32, -68], [4, -8], [1, -1], [-1, 0], [-7, -1], [-6, 0], [-65, -4], [-101, -6], [-20, -1]],[[1456, 8981], [-2, 1], [-14, 12], [-36, 28], [-9, 8], [-97, 82], [-8, 6]],[[1290, 9118], [-1, 0], [-4, -14], [-26, -82], [-89, -6], [2, 7], [21, 67], [-8, 4], [-54, 32], [-27, 16], [-23, -75], [-14, -48], [-9, -28], [-116, 161], [0, 1], [-15, 12], [-13, 11], [-30, 19], [-30, 3], [50, 163], [-26, 15], [-46, 25], [-2, 1]],[[830, 9402], [-21, -46], [-13, -26], [-5, -10], [-10, -18], [-20, -46], [-5, -12], [-29, -68], [-1, -2], [-21, -49]],[[7153, 4207], [1, 0], [5, -1], [6, -1], [12, -1], [4, -1], [10, -1], [17, -3], [3, 0], [7, -1], [7, -1], [22, -3], [20, -3], [15, -2], [18, -3], [12, -2], [14, -2], [4, -2], [3, -1], [25, -12], [15, -6], [7, -3], [9, -5], [8, -3], [12, -6], [2, -1], [10, -4], [14, -6], [8, -4], [12, -6], [10, -4], [11, -6], [11, -5], [25, -11], [6, -3], [1, 0]],[[7554, 3141], [6, -13], [73, -17], [69, -17], [15, -3], [6, -2], [4, 32], [2, 14], [2, 18], [6, 43], [2, 12], [2, 10], [-38, 10], [-134, 33], [-3, -23], [-12, -97]],[[2684, 7467], [1, -14], [0, -8], [0, -10], [0, -10], [1, -7]],[[2883, 7039], [-57, -18], [20, -55], [11, -29], [22, -61], [49, 33]],[[3007, 6689], [-29, -20], [10, -29], [6, -17], [7, -20]],[[2203, 6871], [-90, 135], [-29, 44], [18, 37], [19, 34], [91, 159], [7, 16], [35, 134]],[[2254, 7430], [47, 25], [92, 41], [63, 22], [26, 4], [69, -1], [128, -36], [5, -2]],[[2684, 7483], [0, -1]],[[401, 8430], [-6, -7], [-2, -2]],[[671, 8079], [0, 1], [-22, 148], [-11, 64], [-3, 18], [-2, 12], [-7, 35], [-2, 10], [-9, 55], [-50, 2], [-15, 1], [-59, 2], [-6, 0], [-45, 2], [-29, 1], [-7, 0], [-3, 0]],[[5172, 3299], [-11, -30], [-8, -24]],[[5153, 3245], [9, -6], [29, -20], [10, -6], [11, -8], [26, -18], [37, -27], [-16, -43], [-10, -17], [-4, -8]],[[2980, 7331], [15, 86]],[[1978, 7791], [-21, 9], [-11, 4], [-13, 5], [-157, 61], [-101, 46], [-3, 2], [-4, 2], [-7, 3], [-17, 8], [-164, 75], [-29, 13], [-84, 53], [-47, 38], [-99, 90], [4, 14], [2, 9], [1, 2], [-156, 83], [-2, 1], [-264, 142], [-65, 46]],[[1945, 6782], [0, 3], [0, 3], [1, 2], [0, 3], [0, 2], [1, 3], [0, 3], [0, 2], [1, 3], [0, 3], [0, 2], [1, 3], [0, 2], [0, 3], [1, 3], [0, 2], [0, 3], [1, 2], [0, 3], [1, 3], [0, 2], [0, 3], [1, 2], [0, 3], [1, 3], [0, 2], [1, 3], [0, 2], [0, 3], [1, 2], [0, 3], [1, 2], [0, 3], [1, 2], [0, 3], [1, 2], [0, 3], [1, 2], [7, 34], [13, 47], [15, 50], [17, 48], [57, 133], [34, 68], [2, 2], [1, 2], [1, 3], [1, 2], [1, 2], [1, 2], [2, 2], [1, 2], [1, 2], [1, 2], [1, 2], [1, 2], [2, 2], [1, 2], [1, 2], [1, 2], [1, 2], [2, 2], [1, 2], [1, 2], [1, 2], [2, 2], [1, 2], [1, 2], [1, 2], [2, 2], [1, 2], [1, 2], [1, 2], [2, 2], [1, 2], [1, 2], [1, 2], [2, 2], [1, 2], [1, 2], [2, 2], [1, 2], [1, 2], [1, 2], [2, 2], [1, 2], [1, 1], [2, 2], [1, 2], [1, 2], [2, 2], [1, 2], [2, 2], [1, 1], [1, 2], [2, 2], [1, 2], [2, 1], [1, 2], [2, 2], [1, 1], [2, 2], [1, 2], [2, 1], [1, 2], [2, 2], [1, 1], [2, 2], [1, 1], [2, 2], [1, 1], [2, 2], [2, 1], [38, 34], [7, 6], [4, 2], [7, 6], [3, -8]],[[2685, 7516], [-1, -33]],[[3330, 8909], [9, -19], [5, -12], [15, -31], [15, -33], [1, -1]],[[3375, 8813], [-1, 0], [-6, 1], [-27, 4], [-106, 14]],[[3938, 4269], [20, -48], [1, -1], [6, -13]],[[2064, 7778], [2, -2], [3, -3], [3, -4], [2, -3], [3, -3], [3, -3], [3, -3], [3, -4], [3, -3], [4, -3], [3, -3], [3, -3], [3, -3], [3, -2], [3, -3], [3, -3], [4, -3], [3, -3], [3, -2], [3, -3], [4, -2], [3, -3], [3, -2], [4, -3], [3, -2], [3, -3], [4, -2], [3, -2], [3, -3], [4, -2], [3, -2], [3, -2], [4, -2], [3, -2], [4, -2], [3, -2], [4, -2], [3, -2], [4, -2], [3, -1], [4, -2], [3, -2], [4, -1], [3, -2], [4, -1], [3, -2], [4, -1], [3, -2], [4, -1], [-1, -3], [111, -33]],[[6728, 1659], [2, 26], [16, 227], [2, 21], [-9, 2], [-86, 12], [-12, 1], [-10, 2], [-16, 2], [-15, 2], [-1, 0]],[[6583, 1729], [8, -9], [18, -20], [15, -17], [9, -10], [29, -32], [19, -21]],[[830, 9402], [0, 1], [19, 41], [11, 25], [0, 1], [1, 0], [139, -110], [42, -34], [22, -18], [6, -4], [134, -113], [8, -7], [8, -7], [70, -59]],[[500, 5650], [-64, 25], [-31, 13], [-8, 5], [-7, 4], [-99, 67], [0, 2], [3, 24], [-18, 14], [-1, 2], [-2, 2], [-1, 2], [-1, 2], [-2, 2], [0, 3], [-1, 3], [-1, 2], [0, 3], [-1, 3], [0, 5], [-1, 5], [0, 6], [-1, 5], [-1, 5], [-1, 5], [-1, 5], [-1, 5], [-1, 5], [-1, 5], [-1, 5], [-1, 4], [-2, 5], [-1, 5], [-1, 5], [-2, 5], [-2, 4], [-1, 5], [-2, 5], [-38, 103], [-42, 119], [-158, 458], [-7, 20], [15, 5], [56, 15], [114, 32], [12, 3], [17, 9], [14, 15], [3, 4], [13, 17], [1, 1], [17, 39], [3, 7], [17, 57], [13, 96], [0, 4], [22, 160]],[[5153, 3245], [-10, 7], [-97, 66], [-10, 7]],[[6865, 2669], [-16, -39], [13, -10], [7, 15], [0, -1], [13, -9], [10, 25]],[[5548, 4926], [-28, 49], [-8, 13], [0, 1], [-8, 13], [-16, 25], [-11, 19]],[[451, 8543], [-18, -43], [-6, -13], [-7, -17], [-6, -12], [-10, -24], [-1, -1], [-2, -2], [0, -1]],[[723, 8014], [11, -84], [2, -18], [-40, 9]],[[5893, 1659], [-58, -102]],[[3375, 8813], [1, -2], [19, -42], [2, -2]]]}